Watching for file changes with StatReloader
"GET /repository/review/list?id=32 HTTP/1.1" 200 44
"GET /repository/comment/list?id=32&role_id=1&user_id=1 HTTP/1.1" 200 227
"GET /repository/detail?id=32 HTTP/1.1" 200 915
Watching for file changes with StatReloader
D:\my_project\Django_admin\jj_system\jj_system\settings.py changed, reloading.
D:\my_project\Django_admin\jj_system\jj_system\settings.py changed, reloading.
Watching for file changes with StatReloader
"GET /repository/review/list?id=32 HTTP/1.1" 200 44
"GET /repository/comment/list?id=32&role_id=1&user_id=1 HTTP/1.1" 200 227
"GET /repository/detail?id=32 HTTP/1.1" 200 915
收到复盘保存请求: {'repository_id': 32, 'reviewer_id': 1, 'what_happened': '信息', 'what_went_well': '想', 'what_not_went_well': '详细', 'lessons_learned': '消息', 'action_items': '详细', 'effectiveness_score': 5, 'improvement_potential': 5}
尝试保存复盘: repository_id=32, reviewer_id=1
找到知识库条目: 32
找到用户: 1
复盘记录保存成功，ID: 5
"POST /repository/review/save HTTP/1.1" 200 88
"GET /repository/review/list?id=32 HTTP/1.1" 200 44
"GET /repository/comment/list?id=32&role_id=1&user_id=1 HTTP/1.1" 200 227
"GET /repository/detail?id=32 HTTP/1.1" 200 915
收到复盘保存请求: {'repository_id': 32, 'reviewer_id': 1, 'what_happened': 'X', 'what_went_well': 'X', 'what_not_went_well': 'X', 'lessons_learned': 'X', 'action_items': 'X', 'effectiveness_score': 5, 'improvement_potential': 5}
尝试保存复盘: repository_id=32, reviewer_id=1
找到知识库条目: 32
找到用户: 1
复盘记录保存成功，ID: 6
"POST /repository/review/save HTTP/1.1" 200 88
收到复盘保存请求: {'repository_id': 32, 'reviewer_id': 1, 'what_happened': 'X', 'what_went_well': 'X', 'what_not_went_well': 'X', 'lessons_learned': 'X', 'action_items': 'X', 'effectiveness_score': 5, 'improvement_potential': 5}
尝试保存复盘: repository_id=32, reviewer_id=1
找到知识库条目: 32
找到用户: 1
复盘记录保存成功，ID: 7
"POST /repository/review/save HTTP/1.1" 200 88
"GET /repository/review/list?id=32 HTTP/1.1" 200 44
"GET /repository/comment/list?id=32&role_id=1&user_id=1 HTTP/1.1" 200 227
"GET /repository/detail?id=32 HTTP/1.1" 200 915
收到复盘保存请求: {'repository_id': 32, 'reviewer_id': 1, 'what_happened': '6', 'what_went_well': '6', 'what_not_went_well': '6', 'lessons_learned': '6', 'action_items': '6', 'effectiveness_score': 5, 'improvement_potential': 5}
尝试保存复盘: repository_id=32, reviewer_id=1
找到知识库条目: 32
找到用户: 1
复盘记录保存成功，ID: 8
"POST /repository/review/save HTTP/1.1" 200 88
"GET /repository/review/list?id=32 HTTP/1.1" 200 44
"GET /repository/comment/list?id=32&role_id=1&user_id=1 HTTP/1.1" 200 227
"GET /repository/detail?id=32 HTTP/1.1" 200 915
"POST /user/login?username=admin&password=1234567&rememberMe=true HTTP/1.1" 200 5287
"POST /repository/search HTTP/1.1" 200 2348
"GET /repository/history?id=34 HTTP/1.1" 200 658
"GET /repository/history?id=33 HTTP/1.1" 200 341
"GET /repository/history?id=32 HTTP/1.1" 200 458
"GET /repository/review/list?id=32 HTTP/1.1" 200 44
"GET /repository/comment/list?id=32&role_id=1&user_id=1 HTTP/1.1" 200 227
"GET /repository/detail?id=32 HTTP/1.1" 200 915
收到复盘保存请求: {'repository_id': 32, 'reviewer_id': 1, 'what_happened': '测试', 'what_went_well': '111', 'what_not_went_well': '111', 'lessons_learned': '11', 'action_items': '111', 'effectiveness_score': 7, 'improvement_potential': 8}
尝试保存复盘: repository_id=32, reviewer_id=1
找到知识库条目: 32
找到用户: 1
复盘记录保存成功，ID: 9
"POST /repository/review/save HTTP/1.1" 200 88
收到复盘保存请求: {'repository_id': 32, 'reviewer_id': 1, 'what_happened': '测试', 'what_went_well': '111', 'what_not_went_well': '111', 'lessons_learned': '11', 'action_items': '111', 'effectiveness_score': 7, 'improvement_potential': 8}
尝试保存复盘: repository_id=32, reviewer_id=1
找到知识库条目: 32
找到用户: 1
复盘记录保存成功，ID: 10
"POST /repository/review/save HTTP/1.1" 200 89
D:\my_project\Django_admin\jj_system\repository\views_review.py changed, reloading.
D:\my_project\Django_admin\jj_system\repository\views_review.py changed, reloading.
Watching for file changes with StatReloader
Watching for file changes with StatReloader
尝试获取知识库 32 的复盘列表
找到 10 条复盘记录
获取复盘列表失败: Cannot set both 'fields' and 'exclude' options on serializer RepositoryReviewSerializer.
Traceback (most recent call last):
  File "D:\my_project\Django_admin\jj_system\repository\views_review.py", line 84, in get
    review_data = RepositoryReviewSerializer(review).data
                  ^^^^^^^^^^^^^^^^^^^^^^^^^^^^^^^^^^^^^^^
  File "D:\soft\python\Lib\site-packages\rest_framework\serializers.py", line 573, in data
    ret = super().data
          ^^^^^^^^^^^^
  File "D:\soft\python\Lib\site-packages\rest_framework\serializers.py", line 251, in data
    self._data = self.to_representation(self.instance)
                 ^^^^^^^^^^^^^^^^^^^^^^^^^^^^^^^^^^^^^
  File "D:\soft\python\Lib\site-packages\rest_framework\serializers.py", line 525, in to_representation
    for field in fields:
  File "D:\soft\python\Lib\site-packages\rest_framework\serializers.py", line 386, in _readable_fields
    for field in self.fields.values():
                 ^^^^^^^^^^^
  File "D:\soft\python\Lib\site-packages\django\utils\functional.py", line 47, in __get__
    res = instance.__dict__[self.name] = self.func(instance)
                                         ^^^^^^^^^^^^^^^^^^^
  File "D:\soft\python\Lib\site-packages\rest_framework\serializers.py", line 374, in fields
    for key, value in self.get_fields().items():
                      ^^^^^^^^^^^^^^^^^
  File "D:\soft\python\Lib\site-packages\rest_framework\serializers.py", line 1081, in get_fields
    field_names = self.get_field_names(declared_fields, info)
                  ^^^^^^^^^^^^^^^^^^^^^^^^^^^^^^^^^^^^^^^^^^^
  File "D:\soft\python\Lib\site-packages\rest_framework\serializers.py", line 1146, in get_field_names
    assert not (fields and exclude), (
AssertionError: Cannot set both 'fields' and 'exclude' options on serializer RepositoryReviewSerializer.
"GET /repository/review/list?id=32 HTTP/1.1" 200 44
Watching for file changes with StatReloader
尝试获取知识库 32 的复盘列表
找到 10 条复盘记录
获取复盘列表失败: Cannot set both 'fields' and 'exclude' options on serializer RepositoryReviewSerializer.
Traceback (most recent call last):
  File "D:\my_project\Django_admin\jj_system\repository\views_review.py", line 84, in get
    review_data = RepositoryReviewSerializer(review).data
                  ^^^^^^^^^^^^^^^^^^^^^^^^^^^^^^^^^^^^^^^
  File "D:\soft\python\Lib\site-packages\rest_framework\serializers.py", line 573, in data
    ret = super().data
          ^^^^^^^^^^^^
  File "D:\soft\python\Lib\site-packages\rest_framework\serializers.py", line 251, in data
    self._data = self.to_representation(self.instance)
                 ^^^^^^^^^^^^^^^^^^^^^^^^^^^^^^^^^^^^^
  File "D:\soft\python\Lib\site-packages\rest_framework\serializers.py", line 525, in to_representation
    for field in fields:
  File "D:\soft\python\Lib\site-packages\rest_framework\serializers.py", line 386, in _readable_fields
    for field in self.fields.values():
                 ^^^^^^^^^^^
  File "D:\soft\python\Lib\site-packages\django\utils\functional.py", line 47, in __get__
    res = instance.__dict__[self.name] = self.func(instance)
                                         ^^^^^^^^^^^^^^^^^^^
  File "D:\soft\python\Lib\site-packages\rest_framework\serializers.py", line 374, in fields
    for key, value in self.get_fields().items():
                      ^^^^^^^^^^^^^^^^^
  File "D:\soft\python\Lib\site-packages\rest_framework\serializers.py", line 1081, in get_fields
    field_names = self.get_field_names(declared_fields, info)
                  ^^^^^^^^^^^^^^^^^^^^^^^^^^^^^^^^^^^^^^^^^^^
  File "D:\soft\python\Lib\site-packages\rest_framework\serializers.py", line 1146, in get_field_names
    assert not (fields and exclude), (
AssertionError: Cannot set both 'fields' and 'exclude' options on serializer RepositoryReviewSerializer.
"GET /repository/review/list?id=32 HTTP/1.1" 200 44
"GET /repository/comment/list?id=32&role_id=1&user_id=1 HTTP/1.1" 200 227
"GET /repository/detail?id=32 HTTP/1.1" 200 915
D:\my_project\Django_admin\jj_system\repository\models.py changed, reloading.
Watching for file changes with StatReloader
D:\my_project\Django_admin\jj_system\repository\views_review.py changed, reloading.
Watching for file changes with StatReloader
尝试获取知识库 32 的复盘列表
找到 10 条复盘记录
返回复盘列表，总数: 10
"GET /repository/review/list?id=32 HTTP/1.1" 200 4007
尝试获取知识库 32 的复盘列表
找到 10 条复盘记录
"GET /repository/comment/list?id=32&role_id=1&user_id=1 HTTP/1.1" 200 227
"GET /repository/detail?id=32 HTTP/1.1" 200 915
返回复盘列表，总数: 10
"GET /repository/review/list?id=32 HTTP/1.1" 200 4007
"POST /user/login?username=gaodi&password=123456&rememberMe=true HTTP/1.1" 200 1564
"POST /repository/search HTTP/1.1" 200 2348
"GET /repository/history?id=34 HTTP/1.1" 200 658
"GET /repository/history?id=32 HTTP/1.1" 200 458
"GET /repository/history?id=33 HTTP/1.1" 200 341
尝试获取知识库 32 的复盘列表
找到 10 条复盘记录
"GET /repository/comment/list?id=32&role_id=2&user_id=42 HTTP/1.1" 200 227
"GET /repository/detail?id=32 HTTP/1.1" 200 915
返回复盘列表，总数: 10
"GET /repository/review/list?id=32 HTTP/1.1" 200 4007
收到复盘保存请求: {'repository_id': 32, 'reviewer_id': 42, 'what_happened': '111222', 'what_went_well': '333', 'what_not_went_well': '333', 'lessons_learned': '333', 'action_items': '333', 'effectiveness_score': 8, 'improvement_potential': 8}
尝试保存复盘: repository_id=32, reviewer_id=42
找到知识库条目: 32
找到用户: 42
复盘记录保存成功，ID: 11
"POST /repository/review/save HTTP/1.1" 200 89
尝试获取知识库 32 的复盘列表
找到 11 条复盘记录
"GET /repository/detail?id=32 HTTP/1.1" 200 915
"GET /repository/comment/list?id=32&role_id=2&user_id=42 HTTP/1.1" 200 227
返回复盘列表，总数: 11
"GET /repository/review/list?id=32 HTTP/1.1" 200 4370
"POST /repository/search HTTP/1.1" 200 2348
"GET /repository/history?id=32 HTTP/1.1" 200 458
"GET /repository/history?id=33 HTTP/1.1" 200 341
"GET /repository/history?id=34 HTTP/1.1" 200 658
"GET /classify/list HTTP/1.1" 200 10375
"GET /event/event/list HTTP/1.1" 200 307
"GET /repository/dept/list HTTP/1.1" 200 488
"GET /repository/user/list HTTP/1.1" 200 1376
"POST /repository/search HTTP/1.1" 200 2348
"GET /repository/history?id=34 HTTP/1.1" 200 658
"GET /repository/history?id=32 HTTP/1.1" 200 458
"GET /repository/history?id=33 HTTP/1.1" 200 341
尝试获取知识库 32 的复盘列表
找到 11 条复盘记录
"GET /repository/comment/list?id=32&role_id=2&user_id=42 HTTP/1.1" 200 227
"GET /repository/detail?id=32 HTTP/1.1" 200 915
返回复盘列表，总数: 11
"GET /repository/review/list?id=32 HTTP/1.1" 200 4370
收到复盘保存请求: {'repository_id': 32, 'reviewer_id': 42, 'what_happened': '111', 'what_went_well': '111', 'what_not_went_well': '111', 'lessons_learned': '111', 'action_items': '111', 'effectiveness_score': 5, 'improvement_potential': 5}
尝试保存复盘: repository_id=32, reviewer_id=42
找到知识库条目: 32
找到用户: 42
复盘记录保存成功，ID: 12
"POST /repository/review/save HTTP/1.1" 200 89
尝试获取知识库 32 的复盘列表
找到 12 条复盘记录
返回复盘列表，总数: 12
"GET /repository/review/list?id=32 HTTP/1.1" 200 4730
"POST /repository/search HTTP/1.1" 200 2348
"GET /repository/history?id=33 HTTP/1.1" 200 341
"GET /repository/history?id=34 HTTP/1.1" 200 658
"GET /repository/history?id=32 HTTP/1.1" 200 458
尝试获取知识库 32 的复盘列表
找到 12 条复盘记录
"GET /repository/comment/list?id=32&role_id=2&user_id=42 HTTP/1.1" 200 227
"GET /repository/detail?id=32 HTTP/1.1" 200 915
返回复盘列表，总数: 12
"GET /repository/review/list?id=32 HTTP/1.1" 200 4730
"POST /repository/search HTTP/1.1" 200 2348
"GET /repository/history?id=32 HTTP/1.1" 200 458
"GET /repository/history?id=34 HTTP/1.1" 200 658
"GET /repository/history?id=33 HTTP/1.1" 200 341
尝试获取知识库 32 的复盘列表
找到 12 条复盘记录
"GET /repository/comment/list?id=32&role_id=2&user_id=42 HTTP/1.1" 200 227
"GET /repository/detail?id=32 HTTP/1.1" 200 915
返回复盘列表，总数: 12
"GET /repository/review/list?id=32 HTTP/1.1" 200 4730
D:\my_project\Django_admin\jj_system\repository\views_review.py changed, reloading.
Watching for file changes with StatReloader
尝试获取知识库 32 的复盘列表，页码: 1, 每页: 10
总共找到 12 条复盘记录
返回复盘列表，当前页: 1, 每页: 10, 总数: 12
"GET /repository/review/list?id=32&page=1&page_size=10 HTTP/1.1" 200 3916
尝试获取知识库 32 的复盘列表，页码: 1, 每页: 10
总共找到 12 条复盘记录
返回复盘列表，当前页: 1, 每页: 10, 总数: 12
"GET /repository/review/list?id=32&page=1&page_size=10 HTTP/1.1" 200 3916
尝试获取知识库 32 的复盘列表，页码: 1, 每页: 10
总共找到 12 条复盘记录
返回复盘列表，当前页: 1, 每页: 10, 总数: 12
"GET /repository/review/list?id=32&page=1&page_size=10 HTTP/1.1" 200 3916
尝试获取知识库 32 的复盘列表，页码: 2, 每页: 10
尝试获取知识库 32 的复盘列表，页码: 1, 每页: 10
总共找到 12 条复盘记录
总共找到 12 条复盘记录
返回复盘列表，当前页: 2, 每页: 10, 总数: 12
"GET /repository/review/list?id=32&page=2&page_size=10 HTTP/1.1" 200 949
返回复盘列表，当前页: 1, 每页: 10, 总数: 12
"GET /repository/review/list?id=32&page=1&page_size=10 HTTP/1.1" 200 3916
尝试获取知识库 32 的复盘列表，页码: 2, 每页: 10
总共找到 12 条复盘记录
返回复盘列表，当前页: 2, 每页: 10, 总数: 12
"GET /repository/review/list?id=32&page=2&page_size=10 HTTP/1.1" 200 949
Watching for file changes with StatReloader
D:\my_project\Django_admin\jj_system\repository\views_review.py changed, reloading.
Watching for file changes with StatReloader
尝试获取知识库 32 的复盘列表，页码: 1, 每页: 10
总共找到 12 条复盘记录
返回复盘列表，当前页: 1, 每页: 10, 总数: 12
"GET /repository/review/list?id=32&page=1&page_size=10 HTTP/1.1" 200 3916
尝试获取知识库 32 的复盘列表，页码: 1, 每页: 10
总共找到 12 条复盘记录
返回复盘列表，当前页: 1, 每页: 10, 总数: 12
"GET /repository/review/list?id=32&page=1&page_size=10 HTTP/1.1" 200 3916
"POST /repository/comment/submit HTTP/1.1" 200 198
"GET /repository/comment/list?id=32&role_id=2&user_id=42 HTTP/1.1" 200 423
"POST /repository/comment/submit HTTP/1.1" 200 198
"GET /repository/comment/list?id=32&role_id=2&user_id=42 HTTP/1.1" 200 619
"POST /repository/comment/submit HTTP/1.1" 200 198
"GET /repository/comment/list?id=32&role_id=2&user_id=42 HTTP/1.1" 200 815
"POST /repository/comment/submit HTTP/1.1" 200 198
"GET /repository/comment/list?id=32&role_id=2&user_id=42 HTTP/1.1" 200 1011
"POST /repository/comment/submit HTTP/1.1" 200 199
D:\my_project\Django_admin\jj_system\repository\views.py changed, reloading.
Watching for file changes with StatReloader
"POST /user/login?username=gaodi&password=123456&rememberMe=true HTTP/1.1" 200 1564
"POST /repository/search HTTP/1.1" 200 2348
"GET /repository/history?id=34 HTTP/1.1" 200 658
"GET /repository/history?id=32 HTTP/1.1" 200 458
"GET /repository/history?id=33 HTTP/1.1" 200 341
"POST /repository/search HTTP/1.1" 200 2348
"GET /repository/history?id=32 HTTP/1.1" 200 458
"GET /repository/history?id=33 HTTP/1.1" 200 341
"GET /repository/history?id=34 HTTP/1.1" 200 658
尝试获取知识库 32 的复盘列表，页码: 1, 每页: 10
总共找到 12 条复盘记录
"GET /repository/comment/list?id=32&role_id=2&user_id=42 HTTP/1.1" 200 1266
"GET /repository/detail?id=32 HTTP/1.1" 200 915
返回复盘列表，当前页: 1, 每页: 10, 总数: 12
"GET /repository/review/list?id=32&page=1&page_size=10 HTTP/1.1" 200 3916
"POST /repository/comment/submit HTTP/1.1" 200 199
"GET /repository/comment/list?id=32&role_id=2&user_id=42 HTTP/1.1" 200 1463
"POST /repository/comment/submit HTTP/1.1" 200 199
"GET /repository/comment/list?id=32&role_id=2&user_id=42 HTTP/1.1" 200 1660
"POST /repository/comment/submit HTTP/1.1" 200 199
"GET /repository/comment/list?id=32&role_id=2&user_id=42 HTTP/1.1" 200 1857
"POST /repository/comment/submit HTTP/1.1" 200 199
"GET /repository/comment/list?id=32&role_id=2&user_id=42 HTTP/1.1" 200 2055
"POST /repository/comment/submit HTTP/1.1" 200 199
"GET /repository/comment/list?id=32&role_id=2&user_id=42 HTTP/1.1" 200 2056
"POST /repository/comment/submit HTTP/1.1" 200 199
"GET /repository/comment/list?id=32&role_id=2&user_id=42 HTTP/1.1" 200 2057
"POST /repository/comment/submit HTTP/1.1" 200 199
"GET /repository/comment/list?id=32&role_id=2&user_id=42 HTTP/1.1" 200 2058
"POST /repository/comment/submit HTTP/1.1" 200 199
尝试获取知识库 32 的复盘列表，页码: 1, 每页: 10
总共找到 12 条复盘记录
"GET /repository/detail?id=32 HTTP/1.1" 200 915
"GET /repository/comment/list?id=32&role_id=2&user_id=42 HTTP/1.1" 200 2059
"GET /repository/comment/list?id=32&role_id=2&user_id=42 HTTP/1.1" 200 2059
返回复盘列表，当前页: 1, 每页: 10, 总数: 12
"GET /repository/review/list?id=32&page=1&page_size=10 HTTP/1.1" 200 3916
尝试获取知识库 32 的复盘列表，页码: 1, 每页: 10
总共找到 12 条复盘记录
"GET /repository/comment/list?id=32&role_id=2&user_id=42 HTTP/1.1" 200 2059
"GET /repository/detail?id=32 HTTP/1.1" 200 915
返回复盘列表，当前页: 1, 每页: 10, 总数: 12
"GET /repository/review/list?id=32&page=1&page_size=10 HTTP/1.1" 200 3916
尝试获取知识库 32 的复盘列表，页码: 1, 每页: 10
总共找到 12 条复盘记录
"GET /repository/detail?id=32 HTTP/1.1" 200 915
"GET /repository/comment/list?id=32&role_id=2&user_id=42&page=1&page_size=10 HTTP/1.1" 200 2059
返回复盘列表，当前页: 1, 每页: 10, 总数: 12
"GET /repository/review/list?id=32&page=1&page_size=10 HTTP/1.1" 200 3916
"GET /repository/comment/list?id=32&role_id=2&user_id=42&page=2&page_size=10 HTTP/1.1" 200 874
尝试获取知识库 32 的复盘列表，页码: 1, 每页: 10
总共找到 12 条复盘记录
"GET /repository/detail?id=32 HTTP/1.1" 200 915
"GET /repository/comment/list?id=32&role_id=2&user_id=42&page=1&page_size=10 HTTP/1.1" 200 2059
"GET /repository/comment/list?id=32&role_id=2&user_id=42&page=1&page_size=10 HTTP/1.1" 200 2059
返回复盘列表，当前页: 1, 每页: 10, 总数: 12
"GET /repository/review/list?id=32&page=1&page_size=10 HTTP/1.1" 200 3916
尝试获取知识库 32 的复盘列表，页码: 1, 每页: 10
总共找到 12 条复盘记录
"GET /repository/detail?id=32 HTTP/1.1" 200 915
"GET /repository/comment/list?id=32&role_id=2&user_id=42&page=1&page_size=10 HTTP/1.1" 200 2059
返回复盘列表，当前页: 1, 每页: 10, 总数: 12
"GET /repository/review/list?id=32&page=1&page_size=10 HTTP/1.1" 200 3916
尝试获取知识库 32 的复盘列表，页码: 1, 每页: 10
总共找到 12 条复盘记录
"GET /repository/comment/list?id=32&role_id=2&user_id=42&page=1&page_size=10 HTTP/1.1" 200 2059
"GET /repository/detail?id=32 HTTP/1.1" 200 915
返回复盘列表，当前页: 1, 每页: 10, 总数: 12
"GET /repository/review/list?id=32&page=1&page_size=10 HTTP/1.1" 200 3916
"GET /repository/comment/list?id=32&role_id=2&user_id=42&page=2&page_size=10 HTTP/1.1" 200 874
"GET /repository/comment/list?id=32&role_id=2&user_id=42&page=1&page_size=10 HTTP/1.1" 200 2059
Watching for file changes with StatReloader
"GET /repository/comment/list?id=32&role_id=2&user_id=42&page=2&page_size=10 HTTP/1.1" 200 874
D:\my_project\Django_admin\jj_system\repository\views.py changed, reloading.
Watching for file changes with StatReloader
"POST /user/login?username=gaodi&password=123456&rememberMe=true HTTP/1.1" 200 1564
"POST /user/login?username=gaodi&password=123456&rememberMe=true HTTP/1.1" 200 1564
"POST /repository/search HTTP/1.1" 200 2348
"GET /repository/history?id=32 HTTP/1.1" 200 458
"GET /repository/history?id=33 HTTP/1.1" 200 341
"GET /repository/history?id=34 HTTP/1.1" 200 658
"POST /repository/search HTTP/1.1" 200 2348
"GET /repository/history?id=33 HTTP/1.1" 200 341
"GET /repository/history?id=34 HTTP/1.1" 200 658
"GET /repository/history?id=32 HTTP/1.1" 200 458
"POST /repository/search HTTP/1.1" 200 2348
"GET /repository/history?id=32 HTTP/1.1" 200 458
"GET /repository/history?id=33 HTTP/1.1" 200 341
"GET /repository/history?id=34 HTTP/1.1" 200 658
"POST /repository/search HTTP/1.1" 200 2348
"GET /repository/history?id=33 HTTP/1.1" 200 341
"GET /repository/history?id=32 HTTP/1.1" 200 458
"GET /repository/history?id=34 HTTP/1.1" 200 658
"POST /repository/search HTTP/1.1" 200 2348
"GET /repository/history?id=32 HTTP/1.1" 200 458
"GET /repository/history?id=34 HTTP/1.1" 200 658
"GET /repository/history?id=33 HTTP/1.1" 200 341
"POST /repository/search HTTP/1.1" 200 2348
"GET /repository/history?id=32 HTTP/1.1" 200 458
"GET /repository/history?id=33 HTTP/1.1" 200 341
"GET /repository/history?id=34 HTTP/1.1" 200 658
"POST /repository/search HTTP/1.1" 200 2348
"GET /repository/history?id=32 HTTP/1.1" 200 458
"GET /repository/history?id=34 HTTP/1.1" 200 658
"GET /repository/history?id=33 HTTP/1.1" 200 341
尝试获取知识库 34 的复盘列表，页码: 1, 每页: 10
总共找到 0 条复盘记录
返回复盘列表，当前页: 1, 每页: 10, 总数: 0
"GET /repository/review/list?id=34&page=1&page_size=10 HTTP/1.1" 200 90
"GET /repository/comment/list?id=34&role_id=2&user_id=42&page=1&page_size=10 HTTP/1.1" 200 91
"GET /repository/detail?id=34 HTTP/1.1" 200 711
"POST /repository/search HTTP/1.1" 200 2348
"GET /repository/history?id=34 HTTP/1.1" 200 658
"GET /repository/history?id=33 HTTP/1.1" 200 341
"GET /repository/history?id=32 HTTP/1.1" 200 458
"POST /repository/search HTTP/1.1" 200 2348
"GET /repository/history?id=34 HTTP/1.1" 200 658
"GET /repository/history?id=32 HTTP/1.1" 200 458
"GET /repository/history?id=33 HTTP/1.1" 200 341
"POST /repository/search HTTP/1.1" 200 2348
"GET /repository/history?id=32 HTTP/1.1" 200 458
"GET /repository/history?id=33 HTTP/1.1" 200 341
"GET /repository/history?id=34 HTTP/1.1" 200 658
"POST /repository/like HTTP/1.1" 200 76
"POST /repository/search HTTP/1.1" 200 2347
"GET /repository/history?id=32 HTTP/1.1" 200 458
"GET /repository/history?id=34 HTTP/1.1" 200 658
"GET /repository/history?id=33 HTTP/1.1" 200 341
"POST /repository/search HTTP/1.1" 200 2347
"GET /repository/history?id=33 HTTP/1.1" 200 341
"GET /repository/history?id=32 HTTP/1.1" 200 458
"GET /repository/history?id=34 HTTP/1.1" 200 658
"POST /repository/search HTTP/1.1" 200 2347
"GET /repository/history?id=32 HTTP/1.1" 200 458
"GET /repository/history?id=34 HTTP/1.1" 200 658
"GET /repository/history?id=33 HTTP/1.1" 200 341
"POST /repository/search HTTP/1.1" 200 2347
"GET /repository/history?id=32 HTTP/1.1" 200 458
"GET /repository/history?id=34 HTTP/1.1" 200 658
"GET /repository/history?id=33 HTTP/1.1" 200 341
"POST /user/login?username=gaodi&password=123456&rememberMe=true HTTP/1.1" 200 1564
"POST /repository/search HTTP/1.1" 200 2347
"GET /repository/history?id=33 HTTP/1.1" 200 341
"GET /repository/history?id=34 HTTP/1.1" 200 658
"GET /repository/history?id=32 HTTP/1.1" 200 458
"POST /repository/search HTTP/1.1" 200 2347
"GET /repository/history?id=33 HTTP/1.1" 200 341
"GET /repository/history?id=34 HTTP/1.1" 200 658
"GET /repository/history?id=32 HTTP/1.1" 200 458
"POST /repository/search HTTP/1.1" 200 2347
"GET /repository/history?id=34 HTTP/1.1" 200 658
"GET /repository/history?id=32 HTTP/1.1" 200 458
"GET /repository/history?id=33 HTTP/1.1" 200 341
"POST /repository/search HTTP/1.1" 200 2347
"GET /repository/history?id=34 HTTP/1.1" 200 658
"GET /repository/history?id=33 HTTP/1.1" 200 341
"GET /repository/history?id=32 HTTP/1.1" 200 458
"POST /repository/search HTTP/1.1" 200 2347
"GET /repository/history?id=33 HTTP/1.1" 200 341
"GET /repository/history?id=32 HTTP/1.1" 200 458
"GET /repository/history?id=34 HTTP/1.1" 200 658
"POST /user/login?username=gaodi&password=123456&rememberMe=true HTTP/1.1" 200 1564
"POST /repository/search HTTP/1.1" 200 2347
"GET /repository/history?id=33 HTTP/1.1" 200 341
"GET /repository/history?id=32 HTTP/1.1" 200 458
"GET /repository/history?id=34 HTTP/1.1" 200 658
尝试获取知识库 34 的复盘列表，页码: 1, 每页: 10
总共找到 0 条复盘记录
返回复盘列表，当前页: 1, 每页: 10, 总数: 0
"GET /repository/review/list?id=34&page=1&page_size=10 HTTP/1.1" 200 90
"GET /repository/comment/list?id=34&role_id=2&user_id=42&page=1&page_size=10 HTTP/1.1" 200 91
"GET /repository/detail?id=34 HTTP/1.1" 200 711
"POST /repository/search HTTP/1.1" 200 2347
"GET /repository/history?id=34 HTTP/1.1" 200 658
"GET /repository/history?id=32 HTTP/1.1" 200 458
"GET /repository/history?id=33 HTTP/1.1" 200 341
尝试获取知识库 32 的复盘列表，页码: 1, 每页: 10
总共找到 12 条复盘记录
"GET /repository/comment/list?id=32&role_id=2&user_id=42&page=1&page_size=10 HTTP/1.1" 200 2059
"GET /repository/detail?id=32 HTTP/1.1" 200 915
返回复盘列表，当前页: 1, 每页: 10, 总数: 12
"GET /repository/review/list?id=32&page=1&page_size=10 HTTP/1.1" 200 3916
尝试获取知识库 32 的复盘列表，页码: 1, 每页: 10
总共找到 12 条复盘记录
"GET /repository/comment/list?id=32&role_id=2&user_id=42&page=1&page_size=10 HTTP/1.1" 200 2059
"GET /repository/detail?id=32 HTTP/1.1" 200 915
"GET /repository/comment/list?id=32&role_id=2&user_id=42&page=1&page_size=10 HTTP/1.1" 200 2059
返回复盘列表，当前页: 1, 每页: 10, 总数: 12
"GET /repository/detail?id=32 HTTP/1.1" 200 915
"GET /repository/review/list?id=32&page=1&page_size=10 HTTP/1.1" 200 3916
尝试获取知识库 32 的复盘列表，页码: 1, 每页: 10
总共找到 12 条复盘记录
返回复盘列表，当前页: 1, 每页: 10, 总数: 12
"GET /repository/review/list?id=32&page=1&page_size=10 HTTP/1.1" 200 3916
尝试获取知识库 32 的复盘列表，页码: 1, 每页: 10
总共找到 12 条复盘记录
"GET /repository/comment/list?id=32&role_id=2&user_id=42&page=1&page_size=10 HTTP/1.1" 200 2059
"GET /repository/detail?id=32 HTTP/1.1" 200 915
返回复盘列表，当前页: 1, 每页: 10, 总数: 12
"GET /repository/review/list?id=32&page=1&page_size=10 HTTP/1.1" 200 3916
"POST /user/login?username=gaodi&password=123456&rememberMe=true HTTP/1.1" 200 1564
"POST /repository/search HTTP/1.1" 200 2347
"GET /repository/history?id=34 HTTP/1.1" 200 658
"GET /repository/history?id=32 HTTP/1.1" 200 458
"GET /repository/history?id=33 HTTP/1.1" 200 341
尝试获取知识库 32 的复盘列表，页码: 1, 每页: 10
总共找到 12 条复盘记录
"GET /repository/comment/list?id=32&role_id=2&user_id=42&page=1&page_size=10 HTTP/1.1" 200 2059
"GET /repository/detail?id=32 HTTP/1.1" 200 915
返回复盘列表，当前页: 1, 每页: 10, 总数: 12
"GET /repository/detail?id=32 HTTP/1.1" 200 915
"GET /repository/comment/list?id=32&role_id=2&user_id=42&page=1&page_size=10 HTTP/1.1" 200 2059
"GET /repository/review/list?id=32&page=1&page_size=10 HTTP/1.1" 200 3916
尝试获取知识库 32 的复盘列表，页码: 1, 每页: 10
总共找到 12 条复盘记录
返回复盘列表，当前页: 1, 每页: 10, 总数: 12
"GET /repository/review/list?id=32&page=1&page_size=10 HTTP/1.1" 200 3916
尝试获取知识库 32 的复盘列表，页码: 1, 每页: 10
总共找到 12 条复盘记录
尝试获取知识库 32 的复盘列表，页码: 1, 每页: 10
"GET /repository/comment/list?id=32&role_id=2&user_id=42&page=1&page_size=10 HTTP/1.1" 200 2059
"GET /repository/detail?id=32 HTTP/1.1" 200 915
总共找到 12 条复盘记录
"GET /repository/comment/list?id=32&role_id=2&user_id=42&page=1&page_size=10 HTTP/1.1" 200 2059
"GET /repository/detail?id=32 HTTP/1.1" 200 915
返回复盘列表，当前页: 1, 每页: 10, 总数: 12
"GET /repository/review/list?id=32&page=1&page_size=10 HTTP/1.1" 200 3916
返回复盘列表，当前页: 1, 每页: 10, 总数: 12
"GET /repository/review/list?id=32&page=1&page_size=10 HTTP/1.1" 200 3916
尝试获取知识库 32 的复盘列表，页码: 1, 每页: 10
总共找到 12 条复盘记录
"GET /repository/comment/list?id=32&role_id=2&user_id=42&page=1&page_size=10 HTTP/1.1" 200 2059
"GET /repository/detail?id=32 HTTP/1.1" 200 915
返回复盘列表，当前页: 1, 每页: 10, 总数: 12
"GET /repository/review/list?id=32&page=1&page_size=10 HTTP/1.1" 200 3916
尝试获取知识库 32 的复盘列表，页码: 1, 每页: 10
总共找到 12 条复盘记录
"GET /repository/comment/list?id=32&role_id=2&user_id=42&page=1&page_size=10 HTTP/1.1" 200 2059
"GET /repository/detail?id=32 HTTP/1.1" 200 915
返回复盘列表，当前页: 1, 每页: 10, 总数: 12
"GET /repository/review/list?id=32&page=1&page_size=10 HTTP/1.1" 200 3916
尝试获取知识库 32 的复盘列表，页码: 1, 每页: 10
总共找到 12 条复盘记录
"GET /repository/detail?id=32 HTTP/1.1" 200 915
"GET /repository/comment/list?id=32&role_id=2&user_id=42&page=1&page_size=10 HTTP/1.1" 200 2059
返回复盘列表，当前页: 1, 每页: 10, 总数: 12
"GET /repository/review/list?id=32&page=1&page_size=10 HTTP/1.1" 200 3916
尝试获取知识库 32 的复盘列表，页码: 1, 每页: 10
总共找到 12 条复盘记录
"GET /repository/detail?id=32 HTTP/1.1" 200 915
"GET /repository/comment/list?id=32&role_id=2&user_id=42&page=1&page_size=10 HTTP/1.1" 200 2059
返回复盘列表，当前页: 1, 每页: 10, 总数: 12
"GET /repository/review/list?id=32&page=1&page_size=10 HTTP/1.1" 200 3916
"POST /user/login?username=gaodi&password=123456&rememberMe=true HTTP/1.1" 200 1564
"POST /repository/search HTTP/1.1" 200 2347
"GET /repository/history?id=32 HTTP/1.1" 200 458
"GET /repository/history?id=33 HTTP/1.1" 200 341
"GET /repository/history?id=34 HTTP/1.1" 200 658
尝试获取知识库 32 的复盘列表，页码: 1, 每页: 10
总共找到 12 条复盘记录
"GET /repository/detail?id=32 HTTP/1.1" 200 915
"GET /repository/comment/list?id=32&role_id=2&user_id=42&page=1&page_size=10 HTTP/1.1" 200 2059
返回复盘列表，当前页: 1, 每页: 10, 总数: 12
"GET /repository/review/list?id=32&page=1&page_size=10 HTTP/1.1" 200 3916
尝试获取知识库 32 的复盘列表，页码: 1, 每页: 10
总共找到 12 条复盘记录
"GET /repository/detail?id=32 HTTP/1.1" 200 915
"GET /repository/comment/list?id=32&role_id=2&user_id=42&page=1&page_size=10 HTTP/1.1" 200 2059
返回复盘列表，当前页: 1, 每页: 10, 总数: 12
"GET /repository/review/list?id=32&page=1&page_size=10 HTTP/1.1" 200 3916
尝试获取知识库 32 的复盘列表，页码: 1, 每页: 10
总共找到 12 条复盘记录
"GET /repository/detail?id=32 HTTP/1.1" 200 915
"GET /repository/comment/list?id=32&role_id=2&user_id=42&page=1&page_size=10 HTTP/1.1" 200 2059
返回复盘列表，当前页: 1, 每页: 10, 总数: 12
"GET /repository/review/list?id=32&page=1&page_size=10 HTTP/1.1" 200 3916
尝试获取知识库 32 的复盘列表，页码: 1, 每页: 10
总共找到 12 条复盘记录
"GET /repository/comment/list?id=32&role_id=2&user_id=42&page=1&page_size=10 HTTP/1.1" 200 2059
"GET /repository/detail?id=32 HTTP/1.1" 200 915
返回复盘列表，当前页: 1, 每页: 10, 总数: 12
"GET /repository/review/list?id=32&page=1&page_size=10 HTTP/1.1" 200 3916
尝试获取知识库 32 的复盘列表，页码: 1, 每页: 10
总共找到 12 条复盘记录
"GET /repository/comment/list?id=32&role_id=2&user_id=42&page=1&page_size=10 HTTP/1.1" 200 2059
"GET /repository/detail?id=32 HTTP/1.1" 200 915
返回复盘列表，当前页: 1, 每页: 10, 总数: 12
"GET /repository/review/list?id=32&page=1&page_size=10 HTTP/1.1" 200 3916
尝试获取知识库 32 的复盘列表，页码: 1, 每页: 10
总共找到 12 条复盘记录
"GET /repository/detail?id=32 HTTP/1.1" 200 915
"GET /repository/comment/list?id=32&role_id=2&user_id=42&page=1&page_size=10 HTTP/1.1" 200 2059
返回复盘列表，当前页: 1, 每页: 10, 总数: 12
"GET /repository/review/list?id=32&page=1&page_size=10 HTTP/1.1" 200 3916
尝试获取知识库 32 的复盘列表，页码: 1, 每页: 10
总共找到 12 条复盘记录
"GET /repository/detail?id=32 HTTP/1.1" 200 915
"GET /repository/comment/list?id=32&role_id=2&user_id=42&page=1&page_size=10 HTTP/1.1" 200 2059
返回复盘列表，当前页: 1, 每页: 10, 总数: 12
"GET /repository/review/list?id=32&page=1&page_size=10 HTTP/1.1" 200 3916
尝试获取知识库 32 的复盘列表，页码: 1, 每页: 10
总共找到 12 条复盘记录
"GET /repository/detail?id=32 HTTP/1.1" 200 915
"GET /repository/comment/list?id=32&role_id=2&user_id=42&page=1&page_size=10 HTTP/1.1" 200 2059
返回复盘列表，当前页: 1, 每页: 10, 总数: 12
"GET /repository/review/list?id=32&page=1&page_size=10 HTTP/1.1" 200 3916
尝试获取知识库 32 的复盘列表，页码: 1, 每页: 10
总共找到 12 条复盘记录
"GET /repository/detail?id=32 HTTP/1.1" 200 915
"GET /repository/comment/list?id=32&role_id=2&user_id=42&page=1&page_size=10 HTTP/1.1" 200 2059
返回复盘列表，当前页: 1, 每页: 10, 总数: 12
"GET /repository/review/list?id=32&page=1&page_size=10 HTTP/1.1" 200 3916
尝试获取知识库 32 的复盘列表，页码: 1, 每页: 10
总共找到 12 条复盘记录
"GET /repository/comment/list?id=32&role_id=2&user_id=42&page=1&page_size=10 HTTP/1.1" 200 2059
"GET /repository/detail?id=32 HTTP/1.1" 200 915
返回复盘列表，当前页: 1, 每页: 10, 总数: 12
"GET /repository/review/list?id=32&page=1&page_size=10 HTTP/1.1" 200 3916
Watching for file changes with StatReloader
"POST /user/login?username=gaodi&password=123456&rememberMe=true HTTP/1.1" 200 1564
"POST /repository/search HTTP/1.1" 200 2347
"GET /repository/history?id=32 HTTP/1.1" 200 458
"GET /repository/history?id=33 HTTP/1.1" 200 341
"GET /repository/history?id=34 HTTP/1.1" 200 658
尝试获取知识库 32 的复盘列表，页码: 1, 每页: 10
总共找到 12 条复盘记录
"GET /repository/comment/list?id=32&role_id=2&user_id=42&page=1&page_size=10 HTTP/1.1" 200 2059
"GET /repository/detail?id=32 HTTP/1.1" 200 915
"GET /media/images/363415a7-8c5e-40b9-8154-b47fc334d93f.png HTTP/1.1" 304 0
返回复盘列表，当前页: 1, 每页: 10, 总数: 12
"GET /repository/review/list?id=32&page=1&page_size=10 HTTP/1.1" 200 3916
D:\my_project\Django_admin\jj_system\user\views.py changed, reloading.
Watching for file changes with StatReloader
D:\my_project\Django_admin\jj_system\user\views.py changed, reloading.
Watching for file changes with StatReloader
D:\my_project\Django_admin\jj_system\menu\models.py changed, reloading.
Watching for file changes with StatReloader
Watching for file changes with StatReloader
登录过程中发生错误
Traceback (most recent call last):
  File "D:\my_project\Django_admin\jj_system\user\views.py", line 154, in post
    user = SysUser.objects.get(username=username, password=password)
           ^^^^^^^^^^^^^^^^^^^^^^^^^^^^^^^^^^^^^^^^^^^^^^^^^^^^^^^^^
  File "D:\soft\python\Lib\site-packages\django\db\models\manager.py", line 87, in manager_method
    return getattr(self.get_queryset(), name)(*args, **kwargs)
           ^^^^^^^^^^^^^^^^^^^^^^^^^^^^^^^^^^^^^^^^^^^^^^^^^^^
  File "D:\soft\python\Lib\site-packages\django\db\models\query.py", line 633, in get
    raise self.model.DoesNotExist(
user.models.SysUser.DoesNotExist: SysUser matching query does not exist.
"POST /user/login HTTP/1.1" 200 85
尝试获取知识库 32 的复盘列表，页码: 1, 每页: 10
总共找到 12 条复盘记录
"GET /repository/comment/list?id=32&role_id=2&user_id=42&page=1&page_size=10 HTTP/1.1" 200 2059
"GET /repository/detail?id=32 HTTP/1.1" 200 915
返回复盘列表，当前页: 1, 每页: 10, 总数: 12
"GET /repository/review/list?id=32&page=1&page_size=10 HTTP/1.1" 200 3916
尝试获取知识库 32 的复盘列表，页码: 1, 每页: 10
总共找到 12 条复盘记录
"GET /repository/comment/list?id=32&role_id=2&user_id=42&page=1&page_size=10 HTTP/1.1" 200 2059
"GET /repository/detail?id=32 HTTP/1.1" 200 915
返回复盘列表，当前页: 1, 每页: 10, 总数: 12
"GET /repository/review/list?id=32&page=1&page_size=10 HTTP/1.1" 200 3916
登录过程中发生错误
Traceback (most recent call last):
  File "D:\my_project\Django_admin\jj_system\user\views.py", line 154, in post
    user = SysUser.objects.get(username=username, password=password)
           ^^^^^^^^^^^^^^^^^^^^^^^^^^^^^^^^^^^^^^^^^^^^^^^^^^^^^^^^^
  File "D:\soft\python\Lib\site-packages\django\db\models\manager.py", line 87, in manager_method
    return getattr(self.get_queryset(), name)(*args, **kwargs)
           ^^^^^^^^^^^^^^^^^^^^^^^^^^^^^^^^^^^^^^^^^^^^^^^^^^^
  File "D:\soft\python\Lib\site-packages\django\db\models\query.py", line 633, in get
    raise self.model.DoesNotExist(
user.models.SysUser.DoesNotExist: SysUser matching query does not exist.
"POST /user/login HTTP/1.1" 200 85
登录过程中发生错误
Traceback (most recent call last):
  File "D:\my_project\Django_admin\jj_system\user\views.py", line 154, in post
    user = SysUser.objects.get(username=username, password=password)
           ^^^^^^^^^^^^^^^^^^^^^^^^^^^^^^^^^^^^^^^^^^^^^^^^^^^^^^^^^
  File "D:\soft\python\Lib\site-packages\django\db\models\manager.py", line 87, in manager_method
    return getattr(self.get_queryset(), name)(*args, **kwargs)
           ^^^^^^^^^^^^^^^^^^^^^^^^^^^^^^^^^^^^^^^^^^^^^^^^^^^
  File "D:\soft\python\Lib\site-packages\django\db\models\query.py", line 633, in get
    raise self.model.DoesNotExist(
user.models.SysUser.DoesNotExist: SysUser matching query does not exist.
"POST /user/login?username=admin&password=123456 HTTP/1.1" 200 85
D:\my_project\Django_admin\jj_system\menu\models.py changed, reloading.
D:\my_project\Django_admin\jj_system\repository\views_review.py changed, reloading.
Watching for file changes with StatReloader
Watching for file changes with StatReloader
尝试获取知识库 32 的复盘列表，页码: 1, 每页: 10
总共找到 12 条复盘记录
"GET /repository/comment/list?id=32&role_id=2&user_id=42&page=1&page_size=10 HTTP/1.1" 200 2059
"GET /repository/detail?id=32 HTTP/1.1" 200 915
返回复盘列表，当前页: 1, 每页: 10, 总数: 12
"GET /repository/review/list?id=32&page=1&page_size=10 HTTP/1.1" 200 3916
"POST /user/login?username=gaodi&password=123456&rememberMe=true HTTP/1.1" 200 1564
"POST /repository/search HTTP/1.1" 200 2347
"GET /repository/history?id=32 HTTP/1.1" 200 458
"GET /repository/history?id=33 HTTP/1.1" 200 341
"GET /repository/history?id=34 HTTP/1.1" 200 658
尝试获取知识库 32 的复盘列表，页码: 1, 每页: 10
总共找到 12 条复盘记录
"GET /repository/comment/list?id=32&role_id=2&user_id=42&page=1&page_size=10 HTTP/1.1" 200 2059
"GET /repository/detail?id=32 HTTP/1.1" 200 915
返回复盘列表，当前页: 1, 每页: 10, 总数: 12
"GET /repository/review/list?id=32&page=1&page_size=10 HTTP/1.1" 200 3916
"POST /user/login?username=admin&password=1234567&rememberMe=true HTTP/1.1" 200 5287
"POST /repository/search HTTP/1.1" 200 2348
"GET /repository/history?id=34 HTTP/1.1" 200 658
"GET /repository/history?id=32 HTTP/1.1" 200 458
"GET /repository/history?id=33 HTTP/1.1" 200 341
尝试获取知识库 32 的复盘列表，页码: 1, 每页: 10
总共找到 12 条复盘记录
"GET /repository/comment/list?id=32&role_id=1&user_id=1&page=1&page_size=10 HTTP/1.1" 200 2059
"GET /repository/detail?id=32 HTTP/1.1" 200 915
返回复盘列表，当前页: 1, 每页: 10, 总数: 12
"GET /repository/review/list?id=32&page=1&page_size=10 HTTP/1.1" 200 3916
尝试获取知识库 32 的复盘列表，页码: 1, 每页: 10
总共找到 12 条复盘记录
"GET /repository/comment/list?id=32&role_id=1&user_id=1&page=1&page_size=10 HTTP/1.1" 200 2059
"GET /repository/detail?id=32 HTTP/1.1" 200 915
返回复盘列表，当前页: 1, 每页: 10, 总数: 12
"GET /repository/review/list?id=32&page=1&page_size=10 HTTP/1.1" 200 3916
"POST /repository/search HTTP/1.1" 200 2348
"GET /repository/history?id=32 HTTP/1.1" 200 458
"GET /repository/history?id=33 HTTP/1.1" 200 341
"GET /repository/history?id=34 HTTP/1.1" 200 658
"POST /user/login?username=niushuqing&password=123456&rememberMe=true HTTP/1.1" 200 2213
"POST /repository/search HTTP/1.1" 200 2348
"GET /repository/history?id=32 HTTP/1.1" 200 458
"GET /repository/history?id=34 HTTP/1.1" 200 658
"GET /repository/history?id=33 HTTP/1.1" 200 341
尝试获取知识库 32 的复盘列表，页码: 1, 每页: 10
总共找到 12 条复盘记录
"GET /repository/comment/list?id=32&role_id=2&user_id=32&page=1&page_size=10 HTTP/1.1" 200 1969
"GET /repository/detail?id=32 HTTP/1.1" 200 915
返回复盘列表，当前页: 1, 每页: 10, 总数: 12
"GET /repository/review/list?id=32&page=1&page_size=10 HTTP/1.1" 200 3916
"POST /repository/search HTTP/1.1" 200 2348
"GET /repository/history?id=34 HTTP/1.1" 200 658
"GET /repository/history?id=32 HTTP/1.1" 200 458
"GET /repository/history?id=33 HTTP/1.1" 200 341
"GET /repository/user/list HTTP/1.1" 200 1376
"GET /repository/dept/list HTTP/1.1" 200 488
"GET /classify/list HTTP/1.1" 200 10375
"GET /event/event/list HTTP/1.1" 200 307
"POST /repository/save HTTP/1.1" 200 2106
"POST /repository/search HTTP/1.1" 200 4787
"GET /repository/history?id=34 HTTP/1.1" 200 658
"GET /repository/history?id=32 HTTP/1.1" 200 458
"GET /repository/history?id=35 HTTP/1.1" 200 987
"GET /repository/history?id=33 HTTP/1.1" 200 341
"POST /user/login?username=lidanfen&password=123456&rememberMe=true HTTP/1.1" 200 5223
"POST /repository/search HTTP/1.1" 200 4787
"GET /repository/history?id=33 HTTP/1.1" 200 341
"GET /repository/history?id=32 HTTP/1.1" 200 458
"GET /repository/history?id=34 HTTP/1.1" 200 658
"GET /repository/history?id=35 HTTP/1.1" 200 987
"GET /repository/user/list HTTP/1.1" 200 1376
"GET /repository/dept/list HTTP/1.1" 200 488
"GET /event/event/list HTTP/1.1" 200 307
"GET /classify/list HTTP/1.1" 200 10375
"POST /repository/save HTTP/1.1" 200 2626
"POST /repository/search HTTP/1.1" 200 7746
"GET /repository/history?id=33 HTTP/1.1" 200 341
"GET /repository/history?id=35 HTTP/1.1" 200 987
"GET /repository/history?id=36 HTTP/1.1" 200 890
"GET /repository/history?id=34 HTTP/1.1" 200 658
"GET /repository/history?id=32 HTTP/1.1" 200 458
"POST /user/login?username=liangdongdong&password=123456&rememberMe=true HTTP/1.1" 200 1887
"POST /repository/search HTTP/1.1" 200 7746
"GET /repository/history?id=34 HTTP/1.1" 200 658
"GET /repository/history?id=35 HTTP/1.1" 200 987
"GET /repository/history?id=33 HTTP/1.1" 200 341
"GET /repository/history?id=32 HTTP/1.1" 200 458
"GET /repository/history?id=36 HTTP/1.1" 200 890
"GET /repository/dept/list HTTP/1.1" 200 488
"GET /repository/user/list HTTP/1.1" 200 1376
"GET /event/event/list HTTP/1.1" 200 307
"GET /classify/list HTTP/1.1" 200 10375
"POST /repository/save HTTP/1.1" 200 5815
"POST /repository/search HTTP/1.1" 200 13894
"GET /repository/history?id=34 HTTP/1.1" 200 658
"GET /repository/history?id=36 HTTP/1.1" 200 890
"GET /repository/history?id=33 HTTP/1.1" 200 341
"GET /repository/history?id=35 HTTP/1.1" 200 987
"GET /repository/history?id=37 HTTP/1.1" 200 931
"GET /repository/history?id=32 HTTP/1.1" 200 458
"POST /user/login?username=yexiaoxia&password=123456&rememberMe=true HTTP/1.1" 200 1564
"POST /repository/search HTTP/1.1" 200 13894
"GET /repository/history?id=34 HTTP/1.1" 200 658
"GET /repository/history?id=36 HTTP/1.1" 200 890
"GET /repository/history?id=33 HTTP/1.1" 200 341
"GET /repository/history?id=32 HTTP/1.1" 200 458
"GET /repository/history?id=35 HTTP/1.1" 200 987
"GET /repository/history?id=37 HTTP/1.1" 200 931
"GET /repository/user/list HTTP/1.1" 200 1376
"GET /event/event/list HTTP/1.1" 200 307
"GET /classify/list HTTP/1.1" 200 10375
"GET /repository/dept/list HTTP/1.1" 200 488
"POST /repository/save HTTP/1.1" 200 2433
"POST /repository/search HTTP/1.1" 200 16660
"GET /repository/history?id=38 HTTP/1.1" 200 609
"GET /repository/history?id=35 HTTP/1.1" 200 987
"GET /repository/history?id=34 HTTP/1.1" 200 658
"GET /repository/history?id=36 HTTP/1.1" 200 890
"GET /repository/history?id=33 HTTP/1.1" 200 341
"GET /repository/history?id=37 HTTP/1.1" 200 931
"GET /repository/history?id=32 HTTP/1.1" 200 458
尝试获取知识库 38 的复盘列表，页码: 1, 每页: 10
总共找到 0 条复盘记录
返回复盘列表，当前页: 1, 每页: 10, 总数: 0
"GET /repository/review/list?id=38&page=1&page_size=10 HTTP/1.1" 200 90
"GET /repository/comment/list?id=38&role_id=2&user_id=48&page=1&page_size=10 HTTP/1.1" 200 91
"GET /repository/detail?id=38 HTTP/1.1" 200 2788
尝试获取知识库 38 的复盘列表，页码: 1, 每页: 10
总共找到 0 条复盘记录
"GET /repository/comment/list?id=38&role_id=2&user_id=48&page=1&page_size=10 HTTP/1.1" 200 91
返回复盘列表，当前页: 1, 每页: 10, 总数: 0
"GET /repository/review/list?id=38&page=1&page_size=10 HTTP/1.1" 200 90
"GET /repository/detail?id=38 HTTP/1.1" 200 2788
D:\my_project\Django_admin\jj_system\event\models.py changed, reloading.
D:\my_project\Django_admin\jj_system\event\models.py changed, reloading.
Watching for file changes with StatReloader
Watching for file changes with StatReloader
尝试获取知识库 38 的复盘列表，页码: 1, 每页: 10
总共找到 0 条复盘记录
返回复盘列表，当前页: 1, 每页: 10, 总数: 0
"GET /repository/review/list?id=38&page=1&page_size=10 HTTP/1.1" 200 90
"GET /repository/comment/list?id=38&role_id=2&user_id=48&page=1&page_size=10 HTTP/1.1" 200 91
"GET /repository/detail?id=38 HTTP/1.1" 200 2788
D:\my_project\Django_admin\jj_system\repository\views.py changed, reloading.
D:\my_project\Django_admin\jj_system\repository\views.py changed, reloading.
Watching for file changes with StatReloader
Watching for file changes with StatReloader
D:\my_project\Django_admin\jj_system\repository\views.py changed, reloading.
Watching for file changes with StatReloader
D:\my_project\Django_admin\jj_system\repository\views.py changed, reloading.
Watching for file changes with StatReloader
D:\my_project\Django_admin\jj_system\repository\urls.py changed, reloading.
D:\my_project\Django_admin\jj_system\repository\urls.py changed, reloading.
Watching for file changes with StatReloader
Watching for file changes with StatReloader
D:\my_project\Django_admin\jj_system\repository\urls.py changed, reloading.
D:\my_project\Django_admin\jj_system\repository\urls.py changed, reloading.
Watching for file changes with StatReloader
Watching for file changes with StatReloader
尝试获取知识库 38 的复盘列表，页码: 1, 每页: 10
总共找到 0 条复盘记录
返回复盘列表，当前页: 1, 每页: 10, 总数: 0
"GET /repository/review/list?id=38&page=1&page_size=10 HTTP/1.1" 200 90
"GET /repository/comment/list?id=38&role_id=2&user_id=48&page=1&page_size=10 HTTP/1.1" 200 91
"GET /repository/detail?id=38 HTTP/1.1" 200 2788
"GET /repository/associated-events?id=38 HTTP/1.1" 200 569
尝试获取知识库 38 的复盘列表，页码: 1, 每页: 10
总共找到 0 条复盘记录
返回复盘列表，当前页: 1, 每页: 10, 总数: 0
"GET /repository/review/list?id=38&page=1&page_size=10 HTTP/1.1" 200 90
"GET /repository/comment/list?id=38&role_id=2&user_id=48&page=1&page_size=10 HTTP/1.1" 200 91
"GET /repository/detail?id=38 HTTP/1.1" 200 2788
"GET /repository/associated-events?id=38 HTTP/1.1" 200 569
尝试获取知识库 38 的复盘列表，页码: 1, 每页: 10
总共找到 0 条复盘记录
返回复盘列表，当前页: 1, 每页: 10, 总数: 0
"GET /repository/review/list?id=38&page=1&page_size=10 HTTP/1.1" 200 90
"GET /repository/comment/list?id=38&role_id=2&user_id=48&page=1&page_size=10 HTTP/1.1" 200 91
"GET /repository/detail?id=38 HTTP/1.1" 200 2788
"GET /repository/associated-events?id=38 HTTP/1.1" 200 569
D:\my_project\Django_admin\jj_system\event\views.py changed, reloading.
D:\my_project\Django_admin\jj_system\event\views.py changed, reloading.
Watching for file changes with StatReloader
Watching for file changes with StatReloader
D:\my_project\Django_admin\jj_system\event\urls.py changed, reloading.
D:\my_project\Django_admin\jj_system\event\urls.py changed, reloading.
Watching for file changes with StatReloader
Watching for file changes with StatReloader
D:\my_project\Django_admin\jj_system\event\urls.py changed, reloading.
D:\my_project\Django_admin\jj_system\event\urls.py changed, reloading.
Watching for file changes with StatReloader
Watching for file changes with StatReloader
尝试获取知识库 38 的复盘列表，页码: 1, 每页: 10
总共找到 0 条复盘记录
返回复盘列表，当前页: 1, 每页: 10, 总数: 0
"GET /repository/review/list?id=38&page=1&page_size=10 HTTP/1.1" 200 90
"GET /repository/comment/list?id=38&role_id=2&user_id=48&page=1&page_size=10 HTTP/1.1" 200 91
"GET /repository/detail?id=38 HTTP/1.1" 200 2788
"GET /repository/associated-events?id=38 HTTP/1.1" 200 569
D:\my_project\Django_admin\jj_system\repository\urls.py changed, reloading.
D:\my_project\Django_admin\jj_system\event\views.py changed, reloading.
Watching for file changes with StatReloader
Watching for file changes with StatReloader
"POST /user/login?username=yexiaoxia&password=123456&rememberMe=true HTTP/1.1" 200 1564
"POST /repository/search HTTP/1.1" 200 16660
"GET /repository/history?id=35 HTTP/1.1" 200 987
"GET /repository/history?id=37 HTTP/1.1" 200 931
"GET /repository/history?id=36 HTTP/1.1" 200 890
"GET /repository/history?id=38 HTTP/1.1" 200 609
"GET /repository/history?id=33 HTTP/1.1" 200 341
"GET /repository/history?id=34 HTTP/1.1" 200 658
"GET /repository/history?id=32 HTTP/1.1" 200 458
尝试获取知识库 38 的复盘列表，页码: 1, 每页: 10
总共找到 0 条复盘记录
返回复盘列表，当前页: 1, 每页: 10, 总数: 0
"GET /repository/review/list?id=38&page=1&page_size=10 HTTP/1.1" 200 90
"GET /repository/comment/list?id=38&role_id=2&user_id=48&page=1&page_size=10 HTTP/1.1" 200 91
"GET /repository/detail?id=38 HTTP/1.1" 200 2788
"GET /repository/associated-events?id=38 HTTP/1.1" 200 569
尝试获取知识库 38 的复盘列表，页码: 1, 每页: 10
总共找到 0 条复盘记录
返回复盘列表，当前页: 1, 每页: 10, 总数: 0
"GET /repository/review/list?id=38&page=1&page_size=10 HTTP/1.1" 200 90
"GET /repository/comment/list?id=38&role_id=2&user_id=48&page=1&page_size=10 HTTP/1.1" 200 91
"GET /repository/detail?id=38 HTTP/1.1" 200 2788
"GET /repository/associated-events?id=38 HTTP/1.1" 200 569
D:\my_project\Django_admin\jj_system\repository\views.py changed, reloading.
Watching for file changes with StatReloader
D:\my_project\Django_admin\jj_system\repository\views.py changed, reloading.
Watching for file changes with StatReloader
尝试获取知识库 38 的复盘列表，页码: 1, 每页: 10
总共找到 0 条复盘记录
返回复盘列表，当前页: 1, 每页: 10, 总数: 0
"GET /repository/review/list?id=38&page=1&page_size=10 HTTP/1.1" 200 90
"GET /repository/comment/list?id=38&role_id=2&user_id=48&page=1&page_size=10 HTTP/1.1" 200 91
"GET /repository/detail?id=38 HTTP/1.1" 200 2788
"GET /repository/associated-events?id=38 HTTP/1.1" 200 148
尝试获取知识库 38 的复盘列表，页码: 1, 每页: 10
总共找到 0 条复盘记录
返回复盘列表，当前页: 1, 每页: 10, 总数: 0
"GET /repository/review/list?id=38&page=1&page_size=10 HTTP/1.1" 200 90
"GET /repository/comment/list?id=38&role_id=2&user_id=48&page=1&page_size=10 HTTP/1.1" 200 91
"GET /repository/detail?id=38 HTTP/1.1" 200 2788
"GET /repository/associated-events?id=38 HTTP/1.1" 200 148
尝试获取知识库 38 的复盘列表，页码: 1, 每页: 10
总共找到 0 条复盘记录
返回复盘列表，当前页: 1, 每页: 10, 总数: 0
"GET /repository/review/list?id=38&page=1&page_size=10 HTTP/1.1" 200 90
"GET /repository/comment/list?id=38&role_id=2&user_id=48&page=1&page_size=10 HTTP/1.1" 200 91
"GET /repository/detail?id=38 HTTP/1.1" 200 2788
"GET /repository/associated-events?id=38 HTTP/1.1" 200 148
尝试获取知识库 38 的复盘列表，页码: 1, 每页: 10
总共找到 0 条复盘记录
返回复盘列表，当前页: 1, 每页: 10, 总数: 0
"GET /repository/review/list?id=38&page=1&page_size=10 HTTP/1.1" 200 90
"GET /repository/comment/list?id=38&role_id=2&user_id=48&page=1&page_size=10 HTTP/1.1" 200 91
"GET /repository/detail?id=38 HTTP/1.1" 200 2788
"GET /repository/associated-events?id=38 HTTP/1.1" 200 148
"POST /repository/search HTTP/1.1" 200 16660
"GET /repository/history?id=37 HTTP/1.1" 200 931
"GET /repository/history?id=33 HTTP/1.1" 200 341
"GET /repository/history?id=36 HTTP/1.1" 200 890
"GET /repository/history?id=38 HTTP/1.1" 200 609
"GET /repository/history?id=35 HTTP/1.1" 200 987
"GET /repository/history?id=34 HTTP/1.1" 200 658
"GET /repository/history?id=32 HTTP/1.1" 200 458
尝试获取知识库 38 的复盘列表，页码: 1, 每页: 10
总共找到 0 条复盘记录
返回复盘列表，当前页: 1, 每页: 10, 总数: 0
"GET /repository/review/list?id=38&page=1&page_size=10 HTTP/1.1" 200 90
"GET /repository/detail?id=38 HTTP/1.1" 200 2788
"GET /repository/comment/list?id=38&role_id=2&user_id=48&page=1&page_size=10 HTTP/1.1" 200 91
"GET /repository/associated-events?id=38 HTTP/1.1" 200 148
D:\my_project\Django_admin\jj_system\repository\views.py changed, reloading.
D:\my_project\Django_admin\jj_system\repository\views.py changed, reloading.
Watching for file changes with StatReloader
Watching for file changes with StatReloader
"POST /user/login?username=yexiaoxia&password=123456&rememberMe=true HTTP/1.1" 200 1564
"POST /repository/search HTTP/1.1" 200 16660
"GET /repository/history?id=36 HTTP/1.1" 200 890
"GET /repository/history?id=33 HTTP/1.1" 200 341
"GET /repository/history?id=37 HTTP/1.1" 200 931
"GET /repository/history?id=35 HTTP/1.1" 200 987
"GET /repository/history?id=34 HTTP/1.1" 200 658
"GET /repository/history?id=38 HTTP/1.1" 200 609
"GET /repository/history?id=32 HTTP/1.1" 200 458
尝试获取知识库 38 的复盘列表，页码: 1, 每页: 10
总共找到 0 条复盘记录
返回复盘列表，当前页: 1, 每页: 10, 总数: 0
"GET /repository/review/list?id=38&page=1&page_size=10 HTTP/1.1" 200 90
"GET /repository/comment/list?id=38&role_id=2&user_id=48&page=1&page_size=10 HTTP/1.1" 200 91
"GET /repository/detail?id=38 HTTP/1.1" 200 2788
"GET /repository/associated-events?id=38 HTTP/1.1" 200 148
尝试获取知识库 38 的复盘列表，页码: 1, 每页: 10
总共找到 0 条复盘记录
返回复盘列表，当前页: 1, 每页: 10, 总数: 0
"GET /repository/review/list?id=38&page=1&page_size=10 HTTP/1.1" 200 90
"GET /repository/comment/list?id=38&role_id=2&user_id=48&page=1&page_size=10 HTTP/1.1" 200 91
"GET /repository/detail?id=38 HTTP/1.1" 200 2788
"GET /repository/associated-events?id=38 HTTP/1.1" 200 148
D:\my_project\Django_admin\jj_system\repository\views.py changed, reloading.
D:\my_project\Django_admin\jj_system\repository\views.py changed, reloading.
Watching for file changes with StatReloader
Watching for file changes with StatReloader
Watching for file changes with StatReloader
D:\my_project\Django_admin\jj_system\repository\views.py changed, reloading.
D:\my_project\Django_admin\jj_system\repository\views.py changed, reloading.
D:\my_project\Django_admin\jj_system\repository\views.py changed, reloading.
Watching for file changes with StatReloader
Watching for file changes with StatReloader
Watching for file changes with StatReloader
尝试获取知识库 38 的复盘列表，页码: 1, 每页: 10
总共找到 0 条复盘记录
返回复盘列表，当前页: 1, 每页: 10, 总数: 0
"GET /repository/review/list?id=38&page=1&page_size=10 HTTP/1.1" 200 90
"GET /repository/comment/list?id=38&role_id=2&user_id=48&page=1&page_size=10 HTTP/1.1" 200 91
"GET /repository/detail?id=38 HTTP/1.1" 200 2788
"GET /repository/associated-events?id=38 HTTP/1.1" 200 1217
尝试获取知识库 35 的复盘列表，页码: 1, 每页: 10
总共找到 0 条复盘记录
返回复盘列表，当前页: 1, 每页: 10, 总数: 0
"GET /repository/review/list?id=35&page=1&page_size=10 HTTP/1.1" 200 90
"GET /repository/comment/list?id=35&role_id=2&user_id=48&page=1&page_size=10 HTTP/1.1" 200 91
"GET /repository/detail?id=35 HTTP/1.1" 200 2461
"GET /repository/associated-events?id=35 HTTP/1.1" 200 1139
尝试获取知识库 35 的复盘列表，页码: 1, 每页: 10
总共找到 0 条复盘记录
返回复盘列表，当前页: 1, 每页: 10, 总数: 0
"GET /repository/review/list?id=35&page=1&page_size=10 HTTP/1.1" 200 90
"GET /repository/comment/list?id=35&role_id=2&user_id=48&page=1&page_size=10 HTTP/1.1" 200 91
"GET /repository/detail?id=35 HTTP/1.1" 200 2461
"GET /repository/associated-events?id=35 HTTP/1.1" 200 1139
尝试获取知识库 35 的复盘列表，页码: 1, 每页: 10
总共找到 0 条复盘记录
返回复盘列表，当前页: 1, 每页: 10, 总数: 0
"GET /repository/review/list?id=35&page=1&page_size=10 HTTP/1.1" 200 90
"GET /repository/comment/list?id=35&role_id=2&user_id=48&page=1&page_size=10 HTTP/1.1" 200 91
"GET /repository/detail?id=35 HTTP/1.1" 200 2461
"GET /repository/associated-events?id=35 HTTP/1.1" 200 1139
尝试获取知识库 35 的复盘列表，页码: 1, 每页: 10
总共找到 0 条复盘记录
返回复盘列表，当前页: 1, 每页: 10, 总数: 0
"GET /repository/review/list?id=35&page=1&page_size=10 HTTP/1.1" 200 90
"GET /repository/comment/list?id=35&role_id=2&user_id=48&page=1&page_size=10 HTTP/1.1" 200 91
"GET /repository/detail?id=35 HTTP/1.1" 200 2461
"GET /repository/associated-events?id=35 HTTP/1.1" 200 1139
尝试获取知识库 35 的复盘列表，页码: 1, 每页: 10
总共找到 0 条复盘记录
返回复盘列表，当前页: 1, 每页: 10, 总数: 0
"GET /repository/review/list?id=35&page=1&page_size=10 HTTP/1.1" 200 90
"GET /repository/detail?id=35 HTTP/1.1" 200 2461
"GET /repository/comment/list?id=35&role_id=2&user_id=48&page=1&page_size=10 HTTP/1.1" 200 91
"GET /repository/associated-events?id=35 HTTP/1.1" 200 1139
"GET /repository/detail?id=38 HTTP/1.1" 200 2788
"GET /repository/detail?id=37 HTTP/1.1" 200 6170
"GET /repository/detail?id=36 HTTP/1.1" 200 2981
"GET /repository/detail?id=38 HTTP/1.1" 200 2788
尝试获取知识库 35 的复盘列表，页码: 1, 每页: 10
总共找到 0 条复盘记录
返回复盘列表，当前页: 1, 每页: 10, 总数: 0
"GET /repository/review/list?id=35&page=1&page_size=10 HTTP/1.1" 200 90
"GET /repository/comment/list?id=35&role_id=2&user_id=48&page=1&page_size=10 HTTP/1.1" 200 91
"GET /repository/detail?id=35 HTTP/1.1" 200 2461
"GET /repository/associated-events?id=35 HTTP/1.1" 200 1139
"GET /repository/detail?id=38 HTTP/1.1" 200 2788
"GET /repository/detail?id=37 HTTP/1.1" 200 6170
"GET /repository/detail?id=36 HTTP/1.1" 200 2981
"GET /repository/detail?id=38 HTTP/1.1" 200 2788
登录过程中发生错误
Traceback (most recent call last):
  File "D:\my_project\Django_admin\jj_system\user\views.py", line 154, in post
    user = SysUser.objects.get(username=username, password=password)
           ^^^^^^^^^^^^^^^^^^^^^^^^^^^^^^^^^^^^^^^^^^^^^^^^^^^^^^^^^
  File "D:\soft\python\Lib\site-packages\django\db\models\manager.py", line 87, in manager_method
    return getattr(self.get_queryset(), name)(*args, **kwargs)
           ^^^^^^^^^^^^^^^^^^^^^^^^^^^^^^^^^^^^^^^^^^^^^^^^^^^
  File "D:\soft\python\Lib\site-packages\django\db\models\query.py", line 633, in get
    raise self.model.DoesNotExist(
user.models.SysUser.DoesNotExist: SysUser matching query does not exist.
"POST /user/login?username=admin&password=123456&rememberMe=true HTTP/1.1" 200 85
"POST /user/login?username=admin&password=1234567&rememberMe=true HTTP/1.1" 200 5287
"POST /repository/search HTTP/1.1" 200 16660
"GET /repository/history?id=34 HTTP/1.1" 200 658
"GET /repository/history?id=38 HTTP/1.1" 200 609
"GET /repository/history?id=36 HTTP/1.1" 200 890
"GET /repository/history?id=37 HTTP/1.1" 200 931
"GET /repository/history?id=35 HTTP/1.1" 200 987
"GET /repository/history?id=33 HTTP/1.1" 200 341
"GET /repository/history?id=32 HTTP/1.1" 200 458
尝试获取知识库 32 的复盘列表，页码: 1, 每页: 10
总共找到 12 条复盘记录
"GET /repository/comment/list?id=32&role_id=1&user_id=1&page=1&page_size=10 HTTP/1.1" 200 2059
"GET /repository/detail?id=32 HTTP/1.1" 200 915
返回复盘列表，当前页: 1, 每页: 10, 总数: 12
"GET /repository/associated-events?id=32 HTTP/1.1" 200 476
"GET /repository/review/list?id=32&page=1&page_size=10 HTTP/1.1" 200 3916
"GET /repository/detail?id=34 HTTP/1.1" 200 711
"POST /repository/search HTTP/1.1" 200 16660
"GET /repository/history?id=38 HTTP/1.1" 200 609
"GET /repository/history?id=34 HTTP/1.1" 200 658
"GET /repository/history?id=36 HTTP/1.1" 200 890
"GET /repository/history?id=35 HTTP/1.1" 200 987
"GET /repository/history?id=37 HTTP/1.1" 200 931
"GET /repository/history?id=33 HTTP/1.1" 200 341
"GET /repository/history?id=32 HTTP/1.1" 200 458
"GET /repository/action?id=32 HTTP/1.1" 200 582
"GET /repository/user/list HTTP/1.1" 200 1376
"GET /event/event/list HTTP/1.1" 200 307
"GET /classify/list HTTP/1.1" 200 10375
"GET /repository/dept/list HTTP/1.1" 200 488
"POST /repository/search HTTP/1.1" 200 16660
"GET /repository/history?id=38 HTTP/1.1" 200 609
"GET /repository/history?id=37 HTTP/1.1" 200 931
"GET /repository/history?id=35 HTTP/1.1" 200 987
"GET /repository/history?id=36 HTTP/1.1" 200 890
"GET /repository/history?id=33 HTTP/1.1" 200 341
"GET /repository/history?id=34 HTTP/1.1" 200 658
"GET /repository/history?id=32 HTTP/1.1" 200 458
尝试获取知识库 33 的复盘列表，页码: 1, 每页: 10
总共找到 0 条复盘记录
返回复盘列表，当前页: 1, 每页: 10, 总数: 0
"GET /repository/review/list?id=33&page=1&page_size=10 HTTP/1.1" 200 90
"GET /repository/comment/list?id=33&role_id=1&user_id=1&page=1&page_size=10 HTTP/1.1" 200 91
"GET /repository/detail?id=33 HTTP/1.1" 200 743
"GET /repository/associated-events?id=33 HTTP/1.1" 200 476
"GET /repository/detail?id=32 HTTP/1.1" 200 915
"GET /repository/detail?id=32 HTTP/1.1" 200 915
尝试获取知识库 33 的复盘列表，页码: 1, 每页: 10
总共找到 0 条复盘记录
返回复盘列表，当前页: 1, 每页: 10, 总数: 0
"GET /repository/comment/list?id=33&role_id=1&user_id=1&page=1&page_size=10 HTTP/1.1" 200 91
"GET /repository/review/list?id=33&page=1&page_size=10 HTTP/1.1" 200 90
"GET /repository/detail?id=33 HTTP/1.1" 200 743
"GET /repository/associated-events?id=33 HTTP/1.1" 200 476
"GET /repository/detail?id=34 HTTP/1.1" 200 711
尝试获取知识库 33 的复盘列表，页码: 1, 每页: 10
总共找到 0 条复盘记录
返回复盘列表，当前页: 1, 每页: 10, 总数: 0
"GET /repository/review/list?id=33&page=1&page_size=10 HTTP/1.1" 200 90
"GET /repository/comment/list?id=33&role_id=1&user_id=1&page=1&page_size=10 HTTP/1.1" 200 91
"GET /repository/detail?id=33 HTTP/1.1" 200 743
"GET /repository/associated-events?id=33 HTTP/1.1" 200 476
"GET /repository/detail?id=34 HTTP/1.1" 200 711
"GET /repository/detail?id=34 HTTP/1.1" 200 711
尝试获取知识库 33 的复盘列表，页码: 1, 每页: 10
总共找到 0 条复盘记录
返回复盘列表，当前页: 1, 每页: 10, 总数: 0
"GET /repository/review/list?id=33&page=1&page_size=10 HTTP/1.1" 200 90
"GET /repository/comment/list?id=33&role_id=1&user_id=1&page=1&page_size=10 HTTP/1.1" 200 91
"GET /repository/detail?id=33 HTTP/1.1" 200 743
"GET /repository/associated-events?id=33 HTTP/1.1" 200 476
"GET /repository/detail?id=32 HTTP/1.1" 200 915
"GET /repository/detail?id=34 HTTP/1.1" 200 711
"GET /repository/detail?id=32 HTTP/1.1" 200 915
尝试获取知识库 32 的复盘列表，页码: 1, 每页: 10
总共找到 12 条复盘记录
"GET /repository/comment/list?id=32&role_id=1&user_id=1&page=1&page_size=10 HTTP/1.1" 200 2059
"GET /repository/detail?id=32 HTTP/1.1" 200 915
返回复盘列表，当前页: 1, 每页: 10, 总数: 12
"GET /repository/associated-events?id=32 HTTP/1.1" 200 476
"GET /repository/review/list?id=32&page=1&page_size=10 HTTP/1.1" 200 3916
尝试获取知识库 32 的复盘列表，页码: 1, 每页: 10
总共找到 12 条复盘记录
"GET /repository/comment/list?id=32&role_id=1&user_id=1&page=1&page_size=10 HTTP/1.1" 200 2059
"GET /repository/detail?id=32 HTTP/1.1" 200 915
返回复盘列表，当前页: 1, 每页: 10, 总数: 12
"GET /repository/associated-events?id=32 HTTP/1.1" 200 476
"GET /repository/review/list?id=32&page=1&page_size=10 HTTP/1.1" 200 3916
"GET /repository/detail?id=34 HTTP/1.1" 200 711
"GET /repository/detail?id=33 HTTP/1.1" 200 743
"GET /repository/detail?id=34 HTTP/1.1" 200 711
尝试获取知识库 32 的复盘列表，页码: 1, 每页: 10
总共找到 12 条复盘记录
"GET /repository/detail?id=32 HTTP/1.1" 200 915
"GET /repository/comment/list?id=32&role_id=1&user_id=1&page=1&page_size=10 HTTP/1.1" 200 2059
返回复盘列表，当前页: 1, 每页: 10, 总数: 12
"GET /repository/associated-events?id=32 HTTP/1.1" 200 476
"GET /repository/review/list?id=32&page=1&page_size=10 HTTP/1.1" 200 3916
"GET /repository/detail?id=34 HTTP/1.1" 200 711
"GET /repository/detail?id=34 HTTP/1.1" 200 711
尝试获取知识库 34 的复盘列表，页码: 1, 每页: 10
总共找到 0 条复盘记录
返回复盘列表，当前页: 1, 每页: 10, 总数: 0
"GET /repository/review/list?id=34&page=1&page_size=10 HTTP/1.1" 200 90
"GET /repository/comment/list?id=34&role_id=1&user_id=1&page=1&page_size=10 HTTP/1.1" 200 91
"GET /repository/detail?id=34 HTTP/1.1" 200 711
"GET /repository/associated-events?id=34 HTTP/1.1" 200 476
尝试获取知识库 34 的复盘列表，页码: 1, 每页: 10
总共找到 0 条复盘记录
返回复盘列表，当前页: 1, 每页: 10, 总数: 0
"GET /repository/review/list?id=34&page=1&page_size=10 HTTP/1.1" 200 90
"GET /repository/comment/list?id=34&role_id=1&user_id=1&page=1&page_size=10 HTTP/1.1" 200 91
"GET /repository/detail?id=34 HTTP/1.1" 200 711
"GET /repository/associated-events?id=34 HTTP/1.1" 200 476
"POST /repository/search HTTP/1.1" 200 16660
"GET /repository/history?id=36 HTTP/1.1" 200 890
"GET /repository/history?id=34 HTTP/1.1" 200 658
"GET /repository/history?id=33 HTTP/1.1" 200 341
"GET /repository/history?id=35 HTTP/1.1" 200 987
"GET /repository/history?id=37 HTTP/1.1" 200 931
"GET /repository/history?id=38 HTTP/1.1" 200 609
"GET /repository/history?id=32 HTTP/1.1" 200 458
尝试获取知识库 38 的复盘列表，页码: 1, 每页: 10
总共找到 0 条复盘记录
返回复盘列表，当前页: 1, 每页: 10, 总数: 0
"GET /repository/review/list?id=38&page=1&page_size=10 HTTP/1.1" 200 90
"GET /repository/comment/list?id=38&role_id=1&user_id=1&page=1&page_size=10 HTTP/1.1" 200 91
"GET /repository/detail?id=38 HTTP/1.1" 200 2788
"GET /repository/associated-events?id=38 HTTP/1.1" 200 1217
"GET /repository/detail?id=37 HTTP/1.1" 200 6170
"GET /repository/detail?id=37 HTTP/1.1" 200 6170
"GET /repository/detail?id=35 HTTP/1.1" 200 2461
"GET /repository/detail?id=37 HTTP/1.1" 200 6170
尝试获取知识库 37 的复盘列表，页码: 1, 每页: 10
总共找到 0 条复盘记录
返回复盘列表，当前页: 1, 每页: 10, 总数: 0
"GET /repository/review/list?id=37&page=1&page_size=10 HTTP/1.1" 200 90
"GET /repository/comment/list?id=37&role_id=1&user_id=1&page=1&page_size=10 HTTP/1.1" 200 91
"GET /repository/detail?id=37 HTTP/1.1" 200 6170
"GET /repository/associated-events?id=37 HTTP/1.1" 200 1145
"GET /repository/detail?id=38 HTTP/1.1" 200 2788
"GET /repository/detail?id=38 HTTP/1.1" 200 2788
尝试获取知识库 38 的复盘列表，页码: 1, 每页: 10
总共找到 0 条复盘记录
返回复盘列表，当前页: 1, 每页: 10, 总数: 0
"GET /repository/review/list?id=38&page=1&page_size=10 HTTP/1.1" 200 90
"GET /repository/comment/list?id=38&role_id=1&user_id=1&page=1&page_size=10 HTTP/1.1" 200 91
"GET /repository/detail?id=38 HTTP/1.1" 200 2788
"GET /repository/associated-events?id=38 HTTP/1.1" 200 1217
尝试获取知识库 38 的复盘列表，页码: 1, 每页: 10
总共找到 0 条复盘记录
返回复盘列表，当前页: 1, 每页: 10, 总数: 0
"GET /repository/comment/list?id=38&role_id=1&user_id=1&page=1&page_size=10 HTTP/1.1" 200 91
"GET /repository/review/list?id=38&page=1&page_size=10 HTTP/1.1" 200 90
"GET /repository/detail?id=38 HTTP/1.1" 200 2788
"GET /repository/associated-events?id=38 HTTP/1.1" 200 1217
"GET /repository/detail?id=37 HTTP/1.1" 200 6170
"GET /repository/detail?id=35 HTTP/1.1" 200 2461
"GET /repository/detail?id=35 HTTP/1.1" 200 2461
尝试获取知识库 35 的复盘列表，页码: 1, 每页: 10
总共找到 0 条复盘记录
返回复盘列表，当前页: 1, 每页: 10, 总数: 0
"GET /repository/review/list?id=35&page=1&page_size=10 HTTP/1.1" 200 90
"GET /repository/comment/list?id=35&role_id=1&user_id=1&page=1&page_size=10 HTTP/1.1" 200 91
"GET /repository/detail?id=35 HTTP/1.1" 200 2461
"GET /repository/associated-events?id=35 HTTP/1.1" 200 1139
"GET /repository/detail?id=36 HTTP/1.1" 200 2981
尝试获取知识库 36 的复盘列表，页码: 1, 每页: 10
总共找到 0 条复盘记录
返回复盘列表，当前页: 1, 每页: 10, 总数: 0
"GET /repository/review/list?id=36&page=1&page_size=10 HTTP/1.1" 200 90
"GET /repository/comment/list?id=36&role_id=1&user_id=1&page=1&page_size=10 HTTP/1.1" 200 91
"GET /repository/detail?id=36 HTTP/1.1" 200 2981
"GET /repository/associated-events?id=36 HTTP/1.1" 200 1181
"GET /repository/detail?id=38 HTTP/1.1" 200 2788
"GET /repository/detail?id=35 HTTP/1.1" 200 2461
"POST /user/login?username=admin&password=1234567&rememberMe=true HTTP/1.1" 200 5287
"POST /repository/search HTTP/1.1" 200 16660
"GET /repository/history?id=37 HTTP/1.1" 200 931
"GET /repository/history?id=35 HTTP/1.1" 200 987
"GET /repository/history?id=38 HTTP/1.1" 200 609
"GET /repository/history?id=33 HTTP/1.1" 200 341
"GET /repository/history?id=36 HTTP/1.1" 200 890
"GET /repository/history?id=34 HTTP/1.1" 200 658
"GET /repository/history?id=32 HTTP/1.1" 200 458
尝试获取知识库 38 的复盘列表，页码: 1, 每页: 10
总共找到 0 条复盘记录
返回复盘列表，当前页: 1, 每页: 10, 总数: 0
"GET /repository/review/list?id=38&page=1&page_size=10 HTTP/1.1" 200 90
"GET /repository/comment/list?id=38&role_id=1&user_id=1&page=1&page_size=10 HTTP/1.1" 200 91
"GET /repository/detail?id=38 HTTP/1.1" 200 2788
"GET /repository/associated-events?id=38 HTTP/1.1" 200 1217
"GET /repository/detail?id=37 HTTP/1.1" 200 6170
"GET /repository/comment/list?id=37&role_id=1&user_id=1&page=1&page_size=10 HTTP/1.1" 200 91
"GET /repository/detail?id=37 HTTP/1.1" 200 6170
"GET /repository/associated-events?id=37 HTTP/1.1" 200 1145
"GET /repository/detail?id=36 HTTP/1.1" 200 2981
"GET /repository/comment/list?id=36&role_id=1&user_id=1&page=1&page_size=10 HTTP/1.1" 200 91
"GET /repository/detail?id=36 HTTP/1.1" 200 2981
"GET /repository/associated-events?id=36 HTTP/1.1" 200 1181
"POST /repository/comment/submit HTTP/1.1" 200 207
"GET /repository/comment/list?id=36&role_id=1&user_id=1&page=1&page_size=10 HTTP/1.1" 200 312
"GET /repository/detail?id=38 HTTP/1.1" 200 2788
"GET /repository/comment/list?id=38&role_id=1&user_id=1&page=1&page_size=10 HTTP/1.1" 200 91
"GET /repository/detail?id=38 HTTP/1.1" 200 2788
"GET /repository/associated-events?id=38 HTTP/1.1" 200 1217
"POST /repository/comment/submit HTTP/1.1" 200 198
"GET /repository/comment/list?id=38&role_id=1&user_id=1&page=1&page_size=10 HTTP/1.1" 200 303
"GET /repository/detail?id=35 HTTP/1.1" 200 2461
"GET /repository/comment/list?id=35&role_id=1&user_id=1&page=1&page_size=10 HTTP/1.1" 200 91
"GET /repository/detail?id=35 HTTP/1.1" 200 2461
"GET /repository/associated-events?id=35 HTTP/1.1" 200 1139
"POST /repository/comment/submit HTTP/1.1" 200 199
"GET /repository/comment/list?id=35&role_id=1&user_id=1&page=1&page_size=10 HTTP/1.1" 200 304
收到复盘保存请求: {'repository_id': 35, 'reviewer_id': 1, 'what_happened': '信息', 'what_went_well': '存储', 'what_not_went_well': '详细', 'lessons_learned': '信息', 'action_items': '11', 'effectiveness_score': 5, 'improvement_potential': 5}
尝试保存复盘: repository_id=35, reviewer_id=1
找到知识库条目: 35
找到用户: 1
复盘记录保存成功，ID: 13
"POST /repository/review/save HTTP/1.1" 200 89
尝试获取知识库 35 的复盘列表，页码: 1, 每页: 10
总共找到 1 条复盘记录
返回复盘列表，当前页: 1, 每页: 10, 总数: 1
"GET /repository/review/list?id=35&page=1&page_size=10 HTTP/1.1" 200 500
"GET /repository/detail?id=38 HTTP/1.1" 200 2788
"GET /repository/detail?id=38 HTTP/1.1" 200 2788
"GET /repository/comment/list?id=38&role_id=1&user_id=1&page=1&page_size=10 HTTP/1.1" 200 303
"GET /repository/associated-events?id=38 HTTP/1.1" 200 1217
尝试获取知识库 38 的复盘列表，页码: 1, 每页: 10
总共找到 0 条复盘记录
返回复盘列表，当前页: 1, 每页: 10, 总数: 0
"GET /repository/review/list?id=38&page=1&page_size=10 HTTP/1.1" 200 90
"GET /repository/comment/list?id=38&role_id=1&user_id=1&page=1&page_size=10 HTTP/1.1" 200 303
"GET /repository/detail?id=38 HTTP/1.1" 200 2788
"GET /repository/associated-events?id=38 HTTP/1.1" 200 1217
"GET /repository/detail?id=36 HTTP/1.1" 200 2981
"GET /repository/comment/list?id=36&role_id=1&user_id=1&page=1&page_size=10 HTTP/1.1" 200 312
"GET /repository/detail?id=36 HTTP/1.1" 200 2981
"GET /repository/associated-events?id=36 HTTP/1.1" 200 1181
"GET /repository/detail?id=35 HTTP/1.1" 200 2461
"GET /repository/comment/list?id=35&role_id=1&user_id=1&page=1&page_size=10 HTTP/1.1" 200 304
"GET /repository/detail?id=35 HTTP/1.1" 200 2461
"GET /repository/associated-events?id=35 HTTP/1.1" 200 1139
尝试获取知识库 35 的复盘列表，页码: 1, 每页: 10
总共找到 1 条复盘记录
返回复盘列表，当前页: 1, 每页: 10, 总数: 1
"GET /repository/review/list?id=35&page=1&page_size=10 HTTP/1.1" 200 500
"GET /repository/comment/list?id=35&role_id=1&user_id=1&page=1&page_size=10 HTTP/1.1" 200 304
"GET /repository/detail?id=35 HTTP/1.1" 200 2461
"GET /repository/associated-events?id=35 HTTP/1.1" 200 1139
尝试获取知识库 35 的复盘列表，页码: 1, 每页: 10
总共找到 1 条复盘记录
返回复盘列表，当前页: 1, 每页: 10, 总数: 1
"GET /repository/detail?id=35 HTTP/1.1" 200 2461
"GET /repository/review/list?id=35&page=1&page_size=10 HTTP/1.1" 200 500
"GET /repository/comment/list?id=35&role_id=1&user_id=1&page=1&page_size=10 HTTP/1.1" 200 304
"GET /repository/associated-events?id=35 HTTP/1.1" 200 1139
"GET /repository/detail?id=38 HTTP/1.1" 200 2788
"GET /repository/comment/list?id=38&role_id=1&user_id=1&page=1&page_size=10 HTTP/1.1" 200 303
"GET /repository/detail?id=38 HTTP/1.1" 200 2788
"GET /repository/associated-events?id=38 HTTP/1.1" 200 1217
"GET /repository/detail?id=36 HTTP/1.1" 200 2981
"GET /repository/comment/list?id=36&role_id=1&user_id=1&page=1&page_size=10 HTTP/1.1" 200 312
"GET /repository/detail?id=36 HTTP/1.1" 200 2981
"GET /repository/associated-events?id=36 HTTP/1.1" 200 1181
尝试获取知识库 36 的复盘列表，页码: 1, 每页: 10
总共找到 0 条复盘记录
返回复盘列表，当前页: 1, 每页: 10, 总数: 0
"GET /repository/review/list?id=36&page=1&page_size=10 HTTP/1.1" 200 90
"GET /repository/detail?id=38 HTTP/1.1" 200 2788
"GET /repository/comment/list?id=38&role_id=1&user_id=1&page=1&page_size=10 HTTP/1.1" 200 303
"GET /repository/detail?id=38 HTTP/1.1" 200 2788
"GET /repository/associated-events?id=38 HTTP/1.1" 200 1217
尝试获取知识库 38 的复盘列表，页码: 1, 每页: 10
总共找到 0 条复盘记录
返回复盘列表，当前页: 1, 每页: 10, 总数: 0
"GET /repository/review/list?id=38&page=1&page_size=10 HTTP/1.1" 200 90
尝试获取知识库 38 的复盘列表，页码: 1, 每页: 10
总共找到 0 条复盘记录
返回复盘列表，当前页: 1, 每页: 10, 总数: 0
"GET /repository/review/list?id=38&page=1&page_size=10 HTTP/1.1" 200 90
尝试获取知识库 38 的复盘列表，页码: 1, 每页: 10
总共找到 0 条复盘记录
返回复盘列表，当前页: 1, 每页: 10, 总数: 0
"GET /repository/review/list?id=38&page=1&page_size=10 HTTP/1.1" 200 90
"GET /repository/comment/list?id=38&role_id=1&user_id=1&page=1&page_size=10 HTTP/1.1" 200 303
"GET /repository/detail?id=38 HTTP/1.1" 200 2788
"GET /repository/associated-events?id=38 HTTP/1.1" 200 1217
收到复盘保存请求: {'repository_id': 38, 'reviewer_id': 1, 'what_happened': '叶小霞', 'what_went_well': '叶小霞', 'what_not_went_well': '叶小霞', 'lessons_learned': '叶小霞', 'action_items': '叶小霞', 'effectiveness_score': 5, 'improvement_potential': 5}
尝试保存复盘: repository_id=38, reviewer_id=1
找到知识库条目: 38
找到用户: 1
复盘记录保存成功，ID: 14
"POST /repository/review/save HTTP/1.1" 200 89
尝试获取知识库 38 的复盘列表，页码: 1, 每页: 10
总共找到 1 条复盘记录
返回复盘列表，当前页: 1, 每页: 10, 总数: 1
"GET /repository/review/list?id=38&page=1&page_size=10 HTTP/1.1" 200 540
"POST /repository/comment/submit HTTP/1.1" 200 213
"GET /repository/comment/list?id=38&role_id=1&user_id=1&page=1&page_size=10 HTTP/1.1" 200 532
"GET /repository/detail?id=37 HTTP/1.1" 200 6170
尝试获取知识库 37 的复盘列表，页码: 1, 每页: 10
总共找到 0 条复盘记录
返回复盘列表，当前页: 1, 每页: 10, 总数: 0
"GET /repository/review/list?id=37&page=1&page_size=10 HTTP/1.1" 200 90
"GET /repository/comment/list?id=37&role_id=1&user_id=1&page=1&page_size=10 HTTP/1.1" 200 91
"GET /repository/detail?id=37 HTTP/1.1" 200 6170
"GET /repository/associated-events?id=37 HTTP/1.1" 200 1145
"POST /repository/comment/submit HTTP/1.1" 200 213
"GET /repository/comment/list?id=37&role_id=1&user_id=1&page=1&page_size=10 HTTP/1.1" 200 318
收到复盘保存请求: {'repository_id': 37, 'reviewer_id': 1, 'what_happened': '梁栋栋', 'what_went_well': '梁栋栋', 'what_not_went_well': '梁栋栋', 'lessons_learned': '梁栋栋', 'action_items': '梁栋栋', 'effectiveness_score': 8, 'improvement_potential': 8}
尝试保存复盘: repository_id=37, reviewer_id=1
找到知识库条目: 37
找到用户: 1
复盘记录保存成功，ID: 15
"POST /repository/review/save HTTP/1.1" 200 89
尝试获取知识库 37 的复盘列表，页码: 1, 每页: 10
总共找到 1 条复盘记录
返回复盘列表，当前页: 1, 每页: 10, 总数: 1
"GET /repository/review/list?id=37&page=1&page_size=10 HTTP/1.1" 200 540
"GET /repository/detail?id=38 HTTP/1.1" 200 2788
尝试获取知识库 38 的复盘列表，页码: 1, 每页: 10
总共找到 1 条复盘记录
返回复盘列表，当前页: 1, 每页: 10, 总数: 1
"GET /repository/comment/list?id=38&role_id=1&user_id=1&page=1&page_size=10 HTTP/1.1" 200 532
"GET /repository/review/list?id=38&page=1&page_size=10 HTTP/1.1" 200 540
"GET /repository/detail?id=38 HTTP/1.1" 200 2788
"GET /repository/associated-events?id=38 HTTP/1.1" 200 1217
"GET /repository/detail?id=36 HTTP/1.1" 200 2981
尝试获取知识库 36 的复盘列表，页码: 1, 每页: 10
总共找到 0 条复盘记录
返回复盘列表，当前页: 1, 每页: 10, 总数: 0
"GET /repository/review/list?id=36&page=1&page_size=10 HTTP/1.1" 200 90
"GET /repository/comment/list?id=36&role_id=1&user_id=1&page=1&page_size=10 HTTP/1.1" 200 312
"GET /repository/detail?id=36 HTTP/1.1" 200 2981
"GET /repository/associated-events?id=36 HTTP/1.1" 200 1181
"POST /repository/comment/submit HTTP/1.1" 200 213
"GET /repository/comment/list?id=36&role_id=1&user_id=1&page=1&page_size=10 HTTP/1.1" 200 541
收到复盘保存请求: {'repository_id': 36, 'reviewer_id': 1, 'what_happened': '李丹芬', 'what_went_well': '李丹芬', 'what_not_went_well': '李丹芬', 'lessons_learned': '李丹芬', 'action_items': '李丹芬', 'effectiveness_score': 5, 'improvement_potential': 5}
尝试保存复盘: repository_id=36, reviewer_id=1
找到知识库条目: 36
找到用户: 1
复盘记录保存成功，ID: 16
"POST /repository/review/save HTTP/1.1" 200 89
尝试获取知识库 36 的复盘列表，页码: 1, 每页: 10
总共找到 1 条复盘记录
返回复盘列表，当前页: 1, 每页: 10, 总数: 1
"GET /repository/review/list?id=36&page=1&page_size=10 HTTP/1.1" 200 540
"GET /repository/detail?id=38 HTTP/1.1" 200 2788
尝试获取知识库 38 的复盘列表，页码: 1, 每页: 10
总共找到 1 条复盘记录
返回复盘列表，当前页: 1, 每页: 10, 总数: 1
"GET /repository/comment/list?id=38&role_id=1&user_id=1&page=1&page_size=10 HTTP/1.1" 200 532
"GET /repository/review/list?id=38&page=1&page_size=10 HTTP/1.1" 200 540
"GET /repository/detail?id=38 HTTP/1.1" 200 2788
"GET /repository/associated-events?id=38 HTTP/1.1" 200 1217
"GET /repository/detail?id=36 HTTP/1.1" 200 2981
尝试获取知识库 36 的复盘列表，页码: 1, 每页: 10
总共找到 1 条复盘记录
返回复盘列表，当前页: 1, 每页: 10, 总数: 1
"GET /repository/comment/list?id=36&role_id=1&user_id=1&page=1&page_size=10 HTTP/1.1" 200 541
"GET /repository/review/list?id=36&page=1&page_size=10 HTTP/1.1" 200 540
"GET /repository/detail?id=36 HTTP/1.1" 200 2981
"GET /repository/associated-events?id=36 HTTP/1.1" 200 1181
尝试获取知识库 36 的复盘列表，页码: 1, 每页: 10
总共找到 1 条复盘记录
"GET /repository/comment/list?id=36&role_id=1&user_id=1&page=1&page_size=10 HTTP/1.1" 200 541
"GET /repository/detail?id=36 HTTP/1.1" 200 2981
返回复盘列表，当前页: 1, 每页: 10, 总数: 1
"GET /repository/review/list?id=36&page=1&page_size=10 HTTP/1.1" 200 540
"GET /repository/associated-events?id=36 HTTP/1.1" 200 1181
尝试获取知识库 36 的复盘列表，页码: 1, 每页: 10
总共找到 1 条复盘记录
返回复盘列表，当前页: 1, 每页: 10, 总数: 1
"GET /repository/review/list?id=36&page=1&page_size=10 HTTP/1.1" 200 540
"GET /repository/comment/list?id=36&role_id=1&user_id=1&page=1&page_size=10 HTTP/1.1" 200 541
"GET /repository/detail?id=36 HTTP/1.1" 200 2981
"GET /repository/associated-events?id=36 HTTP/1.1" 200 1181
尝试获取知识库 36 的复盘列表，页码: 1, 每页: 10
总共找到 1 条复盘记录
返回复盘列表，当前页: 1, 每页: 10, 总数: 1
"GET /repository/comment/list?id=36&role_id=1&user_id=1&page=1&page_size=10 HTTP/1.1" 200 541
"GET /repository/review/list?id=36&page=1&page_size=10 HTTP/1.1" 200 540
"GET /repository/detail?id=36 HTTP/1.1" 200 2981
"GET /repository/associated-events?id=36 HTTP/1.1" 200 1181
尝试获取知识库 36 的复盘列表，页码: 1, 每页: 10
总共找到 1 条复盘记录
返回复盘列表，当前页: 1, 每页: 10, 总数: 1
"GET /repository/comment/list?id=36&role_id=1&user_id=1&page=1&page_size=10 HTTP/1.1" 200 541
"GET /repository/review/list?id=36&page=1&page_size=10 HTTP/1.1" 200 540
"GET /repository/detail?id=36 HTTP/1.1" 200 2981
"GET /repository/associated-events?id=36 HTTP/1.1" 200 1181
尝试获取知识库 36 的复盘列表，页码: 1, 每页: 10
总共找到 1 条复盘记录
返回复盘列表，当前页: 1, 每页: 10, 总数: 1
"GET /repository/review/list?id=36&page=1&page_size=10 HTTP/1.1" 200 540
"GET /repository/comment/list?id=36&role_id=1&user_id=1&page=1&page_size=10 HTTP/1.1" 200 541
"GET /repository/detail?id=36 HTTP/1.1" 200 2981
"GET /repository/associated-events?id=36 HTTP/1.1" 200 1181
尝试获取知识库 36 的复盘列表，页码: 1, 每页: 10
总共找到 1 条复盘记录
返回复盘列表，当前页: 1, 每页: 10, 总数: 1
"GET /repository/review/list?id=36&page=1&page_size=10 HTTP/1.1" 200 540
"GET /repository/comment/list?id=36&role_id=1&user_id=1&page=1&page_size=10 HTTP/1.1" 200 541
"GET /repository/detail?id=36 HTTP/1.1" 200 2981
"GET /repository/associated-events?id=36 HTTP/1.1" 200 1181
尝试获取知识库 36 的复盘列表，页码: 1, 每页: 10
总共找到 1 条复盘记录
返回复盘列表，当前页: 1, 每页: 10, 总数: 1
"GET /repository/comment/list?id=36&role_id=1&user_id=1&page=1&page_size=10 HTTP/1.1" 200 541
"GET /repository/review/list?id=36&page=1&page_size=10 HTTP/1.1" 200 540
"GET /repository/detail?id=36 HTTP/1.1" 200 2981
"GET /repository/associated-events?id=36 HTTP/1.1" 200 1181
尝试获取知识库 38 的复盘列表，页码: 1, 每页: 10
总共找到 1 条复盘记录
返回复盘列表，当前页: 1, 每页: 10, 总数: 1
"GET /repository/comment/list?id=38&role_id=1&user_id=1&page=1&page_size=10 HTTP/1.1" 200 532
"GET /repository/review/list?id=38&page=1&page_size=10 HTTP/1.1" 200 540
"GET /repository/detail?id=38 HTTP/1.1" 200 2788
"GET /repository/associated-events?id=38 HTTP/1.1" 200 1217
尝试获取知识库 36 的复盘列表，页码: 1, 每页: 10
总共找到 1 条复盘记录
返回复盘列表，当前页: 1, 每页: 10, 总数: 1
"GET /repository/comment/list?id=36&role_id=1&user_id=1&page=1&page_size=10 HTTP/1.1" 200 541
"GET /repository/review/list?id=36&page=1&page_size=10 HTTP/1.1" 200 540
"GET /repository/detail?id=36 HTTP/1.1" 200 2981
"GET /repository/associated-events?id=36 HTTP/1.1" 200 1181
尝试获取知识库 38 的复盘列表，页码: 1, 每页: 10
总共找到 1 条复盘记录
返回复盘列表，当前页: 1, 每页: 10, 总数: 1
"GET /repository/review/list?id=38&page=1&page_size=10 HTTP/1.1" 200 540
"GET /repository/comment/list?id=38&role_id=1&user_id=1&page=1&page_size=10 HTTP/1.1" 200 532
"GET /repository/detail?id=38 HTTP/1.1" 200 2788
"GET /repository/associated-events?id=38 HTTP/1.1" 200 1217
尝试获取知识库 37 的复盘列表，页码: 1, 每页: 10
总共找到 1 条复盘记录
返回复盘列表，当前页: 1, 每页: 10, 总数: 1
"GET /repository/comment/list?id=37&role_id=1&user_id=1&page=1&page_size=10 HTTP/1.1" 200 318
"GET /repository/review/list?id=37&page=1&page_size=10 HTTP/1.1" 200 540
"GET /repository/detail?id=37 HTTP/1.1" 200 6170
尝试获取知识库 38 的复盘列表，页码: 1, 每页: 10
总共找到 1 条复盘记录
"GET /repository/associated-events?id=37 HTTP/1.1" 200 1145
返回复盘列表，当前页: 1, 每页: 10, 总数: 1
"GET /repository/comment/list?id=38&role_id=1&user_id=1&page=1&page_size=10 HTTP/1.1" 200 532
"GET /repository/review/list?id=38&page=1&page_size=10 HTTP/1.1" 200 540
"GET /repository/detail?id=38 HTTP/1.1" 200 2788
"GET /repository/associated-events?id=38 HTTP/1.1" 200 1217
尝试获取知识库 36 的复盘列表，页码: 1, 每页: 10
总共找到 1 条复盘记录
返回复盘列表，当前页: 1, 每页: 10, 总数: 1
"GET /repository/comment/list?id=36&role_id=1&user_id=1&page=1&page_size=10 HTTP/1.1" 200 541
"GET /repository/review/list?id=36&page=1&page_size=10 HTTP/1.1" 200 540
"GET /repository/detail?id=36 HTTP/1.1" 200 2981
"GET /repository/associated-events?id=36 HTTP/1.1" 200 1181
尝试获取知识库 38 的复盘列表，页码: 1, 每页: 10
总共找到 1 条复盘记录
返回复盘列表，当前页: 1, 每页: 10, 总数: 1
"GET /repository/review/list?id=38&page=1&page_size=10 HTTP/1.1" 200 540
"GET /repository/comment/list?id=38&role_id=1&user_id=1&page=1&page_size=10 HTTP/1.1" 200 532
"GET /repository/detail?id=38 HTTP/1.1" 200 2788
"GET /repository/associated-events?id=38 HTTP/1.1" 200 1217
尝试获取知识库 35 的复盘列表，页码: 1, 每页: 10
总共找到 1 条复盘记录
"GET /repository/detail?id=35 HTTP/1.1" 200 2461
返回复盘列表，当前页: 1, 每页: 10, 总数: 1
"GET /repository/comment/list?id=35&role_id=1&user_id=1&page=1&page_size=10 HTTP/1.1" 200 304
"GET /repository/review/list?id=35&page=1&page_size=10 HTTP/1.1" 200 500
尝试获取知识库 36 的复盘列表，页码: 1, 每页: 10
总共找到 1 条复盘记录
返回复盘列表，当前页: 1, 每页: 10, 总数: 1
"GET /repository/associated-events?id=35 HTTP/1.1" 200 1139
"GET /repository/review/list?id=36&page=1&page_size=10 HTTP/1.1" 200 540
"GET /repository/comment/list?id=36&role_id=1&user_id=1&page=1&page_size=10 HTTP/1.1" 200 541
"GET /repository/detail?id=36 HTTP/1.1" 200 2981
"GET /repository/associated-events?id=36 HTTP/1.1" 200 1181
尝试获取知识库 38 的复盘列表，页码: 1, 每页: 10
总共找到 1 条复盘记录
返回复盘列表，当前页: 1, 每页: 10, 总数: 1
"GET /repository/review/list?id=38&page=1&page_size=10 HTTP/1.1" 200 540
"GET /repository/comment/list?id=38&role_id=1&user_id=1&page=1&page_size=10 HTTP/1.1" 200 532
"GET /repository/detail?id=38 HTTP/1.1" 200 2788
尝试获取知识库 35 的复盘列表，页码: 1, 每页: 10
"GET /repository/associated-events?id=38 HTTP/1.1" 200 1217
总共找到 1 条复盘记录
返回复盘列表，当前页: 1, 每页: 10, 总数: 1
"GET /repository/detail?id=35 HTTP/1.1" 200 2461
"GET /repository/comment/list?id=35&role_id=1&user_id=1&page=1&page_size=10 HTTP/1.1" 200 304
"GET /repository/review/list?id=35&page=1&page_size=10 HTTP/1.1" 200 500
尝试获取知识库 38 的复盘列表，页码: 1, 每页: 10
"GET /repository/associated-events?id=35 HTTP/1.1" 200 1139
总共找到 1 条复盘记录
返回复盘列表，当前页: 1, 每页: 10, 总数: 1
"GET /repository/comment/list?id=38&role_id=1&user_id=1&page=1&page_size=10 HTTP/1.1" 200 532
"GET /repository/review/list?id=38&page=1&page_size=10 HTTP/1.1" 200 540
"GET /repository/detail?id=38 HTTP/1.1" 200 2788
"GET /repository/associated-events?id=38 HTTP/1.1" 200 1217
尝试获取知识库 36 的复盘列表，页码: 1, 每页: 10
总共找到 1 条复盘记录
返回复盘列表，当前页: 1, 每页: 10, 总数: 1
"GET /repository/review/list?id=36&page=1&page_size=10 HTTP/1.1" 200 540
"GET /repository/comment/list?id=36&role_id=1&user_id=1&page=1&page_size=10 HTTP/1.1" 200 541
"GET /repository/detail?id=36 HTTP/1.1" 200 2981
"GET /repository/associated-events?id=36 HTTP/1.1" 200 1181
尝试获取知识库 37 的复盘列表，页码: 1, 每页: 10
总共找到 1 条复盘记录
返回复盘列表，当前页: 1, 每页: 10, 总数: 1
"GET /repository/review/list?id=37&page=1&page_size=10 HTTP/1.1" 200 540
"GET /repository/comment/list?id=37&role_id=1&user_id=1&page=1&page_size=10 HTTP/1.1" 200 318
"GET /repository/detail?id=37 HTTP/1.1" 200 6170
"GET /repository/associated-events?id=37 HTTP/1.1" 200 1145
尝试获取知识库 38 的复盘列表，页码: 1, 每页: 10
总共找到 1 条复盘记录
返回复盘列表，当前页: 1, 每页: 10, 总数: 1
"GET /repository/comment/list?id=38&role_id=1&user_id=1&page=1&page_size=10 HTTP/1.1" 200 532
"GET /repository/detail?id=38 HTTP/1.1" 200 2788
"GET /repository/review/list?id=38&page=1&page_size=10 HTTP/1.1" 200 540
"GET /repository/associated-events?id=38 HTTP/1.1" 200 1217
"POST /repository/search HTTP/1.1" 200 16660
"GET /repository/history?id=34 HTTP/1.1" 200 658
"GET /repository/history?id=37 HTTP/1.1" 200 931
"GET /repository/history?id=36 HTTP/1.1" 200 890
"GET /repository/history?id=38 HTTP/1.1" 200 609
"GET /repository/history?id=33 HTTP/1.1" 200 341
"GET /repository/history?id=32 HTTP/1.1" 200 458
"GET /repository/history?id=35 HTTP/1.1" 200 987
尝试获取知识库 38 的复盘列表，页码: 1, 每页: 10
总共找到 1 条复盘记录
返回复盘列表，当前页: 1, 每页: 10, 总数: 1
"GET /repository/comment/list?id=38&role_id=1&user_id=1&page=1&page_size=10 HTTP/1.1" 200 532
"GET /repository/review/list?id=38&page=1&page_size=10 HTTP/1.1" 200 540
"GET /repository/detail?id=38 HTTP/1.1" 200 2788
"GET /repository/associated-events?id=38 HTTP/1.1" 200 1217
尝试获取知识库 38 的复盘列表，页码: 1, 每页: 10
总共找到 1 条复盘记录
返回复盘列表，当前页: 1, 每页: 10, 总数: 1
"GET /repository/comment/list?id=38&role_id=1&user_id=1&page=1&page_size=10 HTTP/1.1" 200 532
"GET /repository/review/list?id=38&page=1&page_size=10 HTTP/1.1" 200 540
"GET /repository/detail?id=38 HTTP/1.1" 200 2788
"GET /repository/associated-events?id=38 HTTP/1.1" 200 1217
尝试获取知识库 38 的复盘列表，页码: 1, 每页: 10
总共找到 1 条复盘记录
返回复盘列表，当前页: 1, 每页: 10, 总数: 1
"GET /repository/review/list?id=38&page=1&page_size=10 HTTP/1.1" 200 540
"GET /repository/comment/list?id=38&role_id=1&user_id=1&page=1&page_size=10 HTTP/1.1" 200 532
"GET /repository/detail?id=38 HTTP/1.1" 200 2788
"GET /repository/associated-events?id=38 HTTP/1.1" 200 1217
"POST /repository/search HTTP/1.1" 200 16660
"GET /repository/history?id=38 HTTP/1.1" 200 609
"GET /repository/history?id=35 HTTP/1.1" 200 987
"GET /repository/history?id=36 HTTP/1.1" 200 890
"GET /repository/history?id=37 HTTP/1.1" 200 931
"GET /repository/history?id=33 HTTP/1.1" 200 341
"GET /repository/history?id=34 HTTP/1.1" 200 658
"GET /repository/history?id=32 HTTP/1.1" 200 458
尝试获取知识库 38 的复盘列表，页码: 1, 每页: 10
总共找到 1 条复盘记录
返回复盘列表，当前页: 1, 每页: 10, 总数: 1
"GET /repository/comment/list?id=38&role_id=1&user_id=1&page=1&page_size=10 HTTP/1.1" 200 532
"GET /repository/detail?id=38 HTTP/1.1" 200 2788
"GET /repository/review/list?id=38&page=1&page_size=10 HTTP/1.1" 200 540
"GET /repository/associated-events?id=38 HTTP/1.1" 200 1217
"GET /repository/detail?id=37 HTTP/1.1" 200 6170
尝试获取知识库 37 的复盘列表，页码: 1, 每页: 10
总共找到 1 条复盘记录
返回复盘列表，当前页: 1, 每页: 10, 总数: 1
"GET /repository/comment/list?id=37&role_id=1&user_id=1&page=1&page_size=10 HTTP/1.1" 200 318
"GET /repository/review/list?id=37&page=1&page_size=10 HTTP/1.1" 200 540
"GET /repository/detail?id=37 HTTP/1.1" 200 6170
"GET /repository/associated-events?id=37 HTTP/1.1" 200 1145
"POST /repository/search HTTP/1.1" 200 16660
"GET /repository/history?id=34 HTTP/1.1" 200 658
"GET /repository/history?id=33 HTTP/1.1" 200 341
"GET /repository/history?id=37 HTTP/1.1" 200 931
"GET /repository/history?id=36 HTTP/1.1" 200 890
"GET /repository/history?id=38 HTTP/1.1" 200 609
"GET /repository/history?id=35 HTTP/1.1" 200 987
"GET /repository/history?id=32 HTTP/1.1" 200 458
"POST /user/login?username=admin&password=1234567&rememberMe=true HTTP/1.1" 200 5287
"POST /user/search HTTP/1.1" 200 7784
"POST /classify/search HTTP/1.1" 200 2081
"POST /classify/search HTTP/1.1" 200 846
"POST /event/search HTTP/1.1" 200 820
"POST /event/search HTTP/1.1" 200 42
"POST /event/search HTTP/1.1" 200 420
"POST /event/search HTTP/1.1" 200 820
"POST /event/search HTTP/1.1" 200 440
"POST /event/search HTTP/1.1" 200 820
"POST /repository/search HTTP/1.1" 200 16660
"GET /repository/history?id=37 HTTP/1.1" 200 931
"GET /repository/history?id=38 HTTP/1.1" 200 609
"GET /repository/history?id=35 HTTP/1.1" 200 987
"GET /repository/history?id=34 HTTP/1.1" 200 658
"GET /repository/history?id=36 HTTP/1.1" 200 890
"GET /repository/history?id=33 HTTP/1.1" 200 341
"GET /repository/history?id=32 HTTP/1.1" 200 458
尝试获取知识库 38 的复盘列表，页码: 1, 每页: 10
总共找到 1 条复盘记录
返回复盘列表，当前页: 1, 每页: 10, 总数: 1
"GET /repository/review/list?id=38&page=1&page_size=10 HTTP/1.1" 200 540
"GET /repository/comment/list?id=38&role_id=1&user_id=1&page=1&page_size=10 HTTP/1.1" 200 532
"GET /repository/detail?id=38 HTTP/1.1" 200 2788
"GET /repository/associated-events?id=38 HTTP/1.1" 200 1217
尝试获取知识库 38 的复盘列表，页码: 1, 每页: 10
总共找到 1 条复盘记录
返回复盘列表，当前页: 1, 每页: 10, 总数: 1
"GET /repository/review/list?id=38&page=1&page_size=10 HTTP/1.1" 200 540
"GET /repository/detail?id=38 HTTP/1.1" 200 2788
"GET /repository/comment/list?id=38&role_id=1&user_id=1&page=1&page_size=10 HTTP/1.1" 200 532
"GET /repository/associated-events?id=38 HTTP/1.1" 200 1217
尝试获取知识库 38 的复盘列表，页码: 1, 每页: 10
总共找到 1 条复盘记录
返回复盘列表，当前页: 1, 每页: 10, 总数: 1
"GET /repository/review/list?id=38&page=1&page_size=10 HTTP/1.1" 200 540
"GET /repository/comment/list?id=38&role_id=1&user_id=1&page=1&page_size=10 HTTP/1.1" 200 532
"GET /repository/detail?id=38 HTTP/1.1" 200 2788
"GET /repository/associated-events?id=38 HTTP/1.1" 200 1217
尝试获取知识库 38 的复盘列表，页码: 1, 每页: 10
总共找到 1 条复盘记录
返回复盘列表，当前页: 1, 每页: 10, 总数: 1
"GET /repository/detail?id=38 HTTP/1.1" 200 2788
"GET /repository/comment/list?id=38&role_id=1&user_id=1&page=1&page_size=10 HTTP/1.1" 200 532
"GET /repository/review/list?id=38&page=1&page_size=10 HTTP/1.1" 200 540
"GET /repository/associated-events?id=38 HTTP/1.1" 200 1217
尝试获取知识库 38 的复盘列表，页码: 1, 每页: 10
总共找到 1 条复盘记录
返回复盘列表，当前页: 1, 每页: 10, 总数: 1
"GET /repository/comment/list?id=38&role_id=1&user_id=1&page=1&page_size=10 HTTP/1.1" 200 532
"GET /repository/review/list?id=38&page=1&page_size=10 HTTP/1.1" 200 540
"GET /repository/detail?id=38 HTTP/1.1" 200 2788
"GET /repository/associated-events?id=38 HTTP/1.1" 200 1217
"POST /user/login?username=admin&password=1234567&rememberMe=true HTTP/1.1" 200 5287
"POST /repository/search HTTP/1.1" 200 16660
"GET /repository/history?id=35 HTTP/1.1" 200 987
"GET /repository/history?id=37 HTTP/1.1" 200 931
"GET /repository/history?id=36 HTTP/1.1" 200 890
"GET /repository/history?id=38 HTTP/1.1" 200 609
"GET /repository/history?id=33 HTTP/1.1" 200 341
"GET /repository/history?id=34 HTTP/1.1" 200 658
"GET /repository/history?id=32 HTTP/1.1" 200 458
尝试获取知识库 38 的复盘列表，页码: 1, 每页: 10
总共找到 1 条复盘记录
"GET /repository/comment/list?id=38&role_id=1&user_id=1&page=1&page_size=10 HTTP/1.1" 200 532
返回复盘列表，当前页: 1, 每页: 10, 总数: 1
"GET /repository/review/list?id=38&page=1&page_size=10 HTTP/1.1" 200 540
"GET /repository/detail?id=38 HTTP/1.1" 200 2788
"GET /repository/associated-events?id=38 HTTP/1.1" 200 1217
"POST /repository/search HTTP/1.1" 200 16660
"GET /repository/history?id=36 HTTP/1.1" 200 890
"GET /repository/history?id=38 HTTP/1.1" 200 609
"GET /repository/history?id=35 HTTP/1.1" 200 987
"GET /repository/history?id=33 HTTP/1.1" 200 341
"GET /repository/history?id=37 HTTP/1.1" 200 931
"GET /repository/history?id=34 HTTP/1.1" 200 658
"GET /repository/history?id=32 HTTP/1.1" 200 458
"GET /repository/action?id=34 HTTP/1.1" 200 378
"GET /classify/list HTTP/1.1" 200 10375
"GET /repository/user/list HTTP/1.1" 200 1376
"GET /event/event/list HTTP/1.1" 200 307
"GET /repository/dept/list HTTP/1.1" 200 488
"POST /repository/save HTTP/1.1" 200 381
"POST /repository/search HTTP/1.1" 200 16683
"GET /repository/history?id=36 HTTP/1.1" 200 890
"GET /repository/history?id=35 HTTP/1.1" 200 987
"GET /repository/history?id=37 HTTP/1.1" 200 931
"GET /repository/history?id=33 HTTP/1.1" 200 341
"GET /repository/history?id=38 HTTP/1.1" 200 609
"GET /repository/history?id=34 HTTP/1.1" 200 959
"GET /repository/history?id=32 HTTP/1.1" 200 458
"GET /repository/action?id=33 HTTP/1.1" 200 390
"GET /repository/dept/list HTTP/1.1" 200 488
"GET /event/event/list HTTP/1.1" 200 307
"GET /classify/list HTTP/1.1" 200 10375
"GET /repository/user/list HTTP/1.1" 200 1376
"POST /repository/save HTTP/1.1" 200 393
"POST /repository/search HTTP/1.1" 200 16686
"GET /repository/history?id=33 HTTP/1.1" 200 654
"GET /repository/history?id=37 HTTP/1.1" 200 931
"GET /repository/history?id=34 HTTP/1.1" 200 959
"GET /repository/history?id=36 HTTP/1.1" 200 890
"GET /repository/history?id=38 HTTP/1.1" 200 609
"GET /repository/history?id=35 HTTP/1.1" 200 987
"GET /repository/history?id=32 HTTP/1.1" 200 458
"GET /repository/action?id=33 HTTP/1.1" 200 393
"GET /repository/dept/list HTTP/1.1" 200 488
"GET /classify/list HTTP/1.1" 200 10375
"GET /repository/user/list HTTP/1.1" 200 1376
"GET /event/event/list HTTP/1.1" 200 307
"POST /repository/save HTTP/1.1" 200 393
"POST /repository/search HTTP/1.1" 200 16706
"GET /repository/history?id=38 HTTP/1.1" 200 609
"GET /repository/history?id=33 HTTP/1.1" 200 967
"GET /repository/history?id=37 HTTP/1.1" 200 931
"GET /repository/history?id=35 HTTP/1.1" 200 987
"GET /repository/history?id=34 HTTP/1.1" 200 959
"GET /repository/history?id=36 HTTP/1.1" 200 890
"GET /repository/history?id=32 HTTP/1.1" 200 458
"GET /repository/action?id=32 HTTP/1.1" 200 582
"GET /event/event/list HTTP/1.1" 200 307
"GET /repository/dept/list HTTP/1.1" 200 488
"GET /repository/user/list HTTP/1.1" 200 1376
"GET /classify/list HTTP/1.1" 200 10375
"POST /repository/save HTTP/1.1" 200 585
"POST /repository/search HTTP/1.1" 200 16729
"GET /repository/history?id=34 HTTP/1.1" 200 959
"GET /repository/history?id=35 HTTP/1.1" 200 987
"GET /repository/history?id=37 HTTP/1.1" 200 931
"GET /repository/history?id=36 HTTP/1.1" 200 890
"GET /repository/history?id=33 HTTP/1.1" 200 967
"GET /repository/history?id=38 HTTP/1.1" 200 609
"GET /repository/history?id=32 HTTP/1.1" 200 888
"GET /repository/user/list HTTP/1.1" 200 1376
"GET /event/event/list HTTP/1.1" 200 307
"GET /repository/dept/list HTTP/1.1" 200 488
"GET /classify/list HTTP/1.1" 200 10375
"POST /repository/save HTTP/1.1" 200 392
"POST /repository/search HTTP/1.1" 200 17472
"GET /repository/history?id=39 HTTP/1.1" 200 343
"GET /repository/history?id=36 HTTP/1.1" 200 890
"GET /repository/history?id=35 HTTP/1.1" 200 987
"GET /repository/history?id=34 HTTP/1.1" 200 959
"GET /repository/history?id=37 HTTP/1.1" 200 931
"GET /repository/history?id=38 HTTP/1.1" 200 609
"GET /repository/history?id=32 HTTP/1.1" 200 888
"GET /repository/history?id=33 HTTP/1.1" 200 967
"GET /repository/dept/list HTTP/1.1" 200 488
"GET /event/event/list HTTP/1.1" 200 307
"GET /repository/user/list HTTP/1.1" 200 1376
"GET /classify/list HTTP/1.1" 200 10375
"POST /repository/save HTTP/1.1" 200 170
"POST /repository/save HTTP/1.1" 200 392
"POST /repository/search HTTP/1.1" 200 18221
"GET /repository/history?id=39 HTTP/1.1" 200 343
"GET /repository/history?id=38 HTTP/1.1" 200 609
"GET /repository/history?id=37 HTTP/1.1" 200 931
"GET /repository/history?id=40 HTTP/1.1" 200 343
"GET /repository/history?id=35 HTTP/1.1" 200 987
"GET /repository/history?id=36 HTTP/1.1" 200 890
"GET /repository/history?id=34 HTTP/1.1" 200 959
"GET /repository/history?id=32 HTTP/1.1" 200 888
"GET /repository/history?id=33 HTTP/1.1" 200 967
"GET /classify/list HTTP/1.1" 200 10375
"GET /repository/user/list HTTP/1.1" 200 1376
"GET /event/event/list HTTP/1.1" 200 307
"GET /repository/dept/list HTTP/1.1" 200 488
"POST /repository/save HTTP/1.1" 200 410
"POST /repository/search HTTP/1.1" 200 18989
"GET /repository/history?id=39 HTTP/1.1" 200 343
"GET /repository/history?id=40 HTTP/1.1" 200 343
"GET /repository/history?id=37 HTTP/1.1" 200 931
"GET /repository/history?id=38 HTTP/1.1" 200 609
"GET /repository/history?id=41 HTTP/1.1" 200 361
"GET /repository/history?id=36 HTTP/1.1" 200 890
"GET /repository/history?id=33 HTTP/1.1" 200 967
"GET /repository/history?id=34 HTTP/1.1" 200 959
"GET /repository/history?id=35 HTTP/1.1" 200 987
"GET /repository/history?id=32 HTTP/1.1" 200 888
"GET /classify/list HTTP/1.1" 200 10375
"GET /event/event/list HTTP/1.1" 200 307
"GET /repository/user/list HTTP/1.1" 200 1376
"GET /repository/dept/list HTTP/1.1" 200 488
"POST /repository/save HTTP/1.1" 200 376
"POST /repository/search HTTP/1.1" 200 18812
"GET /repository/history?id=40 HTTP/1.1" 200 343
"GET /repository/history?id=39 HTTP/1.1" 200 343
"GET /repository/history?id=41 HTTP/1.1" 200 361
"GET /repository/history?id=37 HTTP/1.1" 200 931
"GET /repository/history?id=38 HTTP/1.1" 200 609
"GET /repository/history?id=42 HTTP/1.1" 200 327
"GET /repository/history?id=36 HTTP/1.1" 200 890
"GET /repository/history?id=34 HTTP/1.1" 200 959
"GET /repository/history?id=35 HTTP/1.1" 200 987
"GET /repository/history?id=33 HTTP/1.1" 200 967
尝试获取知识库 42 的复盘列表，页码: 1, 每页: 10
总共找到 0 条复盘记录
返回复盘列表，当前页: 1, 每页: 10, 总数: 0
"GET /repository/review/list?id=42&page=1&page_size=10 HTTP/1.1" 200 90
"GET /repository/comment/list?id=42&role_id=1&user_id=1&page=1&page_size=10 HTTP/1.1" 200 91
"GET /repository/detail?id=42 HTTP/1.1" 200 761
"GET /repository/associated-events?id=42 HTTP/1.1" 200 2000
"POST /repository/search HTTP/1.1" 200 18812
"GET /repository/history?id=37 HTTP/1.1" 200 931
"GET /repository/history?id=42 HTTP/1.1" 200 327
"GET /repository/history?id=40 HTTP/1.1" 200 343
"GET /repository/history?id=41 HTTP/1.1" 200 361
"GET /repository/history?id=38 HTTP/1.1" 200 609
"GET /repository/history?id=39 HTTP/1.1" 200 343
"GET /repository/history?id=36 HTTP/1.1" 200 890
"GET /repository/history?id=34 HTTP/1.1" 200 959
"GET /repository/history?id=33 HTTP/1.1" 200 967
"GET /repository/history?id=35 HTTP/1.1" 200 987
"GET /repository/user/list HTTP/1.1" 200 1376
"GET /repository/dept/list HTTP/1.1" 200 488
"GET /classify/list HTTP/1.1" 200 10375
"GET /event/event/list HTTP/1.1" 200 307
"POST /repository/save HTTP/1.1" 200 378
"POST /repository/search HTTP/1.1" 200 18809
"GET /repository/history?id=41 HTTP/1.1" 200 361
"GET /repository/history?id=43 HTTP/1.1" 200 329
"GET /repository/history?id=38 HTTP/1.1" 200 609
"GET /repository/history?id=39 HTTP/1.1" 200 343
"GET /repository/history?id=40 HTTP/1.1" 200 343
"GET /repository/history?id=42 HTTP/1.1" 200 327
"GET /repository/history?id=36 HTTP/1.1" 200 890
"GET /repository/history?id=37 HTTP/1.1" 200 931
"GET /repository/history?id=35 HTTP/1.1" 200 987
"GET /repository/history?id=34 HTTP/1.1" 200 959
尝试获取知识库 43 的复盘列表，页码: 1, 每页: 10
总共找到 0 条复盘记录
返回复盘列表，当前页: 1, 每页: 10, 总数: 0
"GET /repository/comment/list?id=43&role_id=1&user_id=1&page=1&page_size=10 HTTP/1.1" 200 91
"GET /repository/review/list?id=43&page=1&page_size=10 HTTP/1.1" 200 90
"GET /repository/detail?id=43 HTTP/1.1" 200 763
"GET /repository/associated-events?id=43 HTTP/1.1" 200 2114
尝试获取知识库 43 的复盘列表，页码: 1, 每页: 10
总共找到 0 条复盘记录
返回复盘列表，当前页: 1, 每页: 10, 总数: 0
"GET /repository/review/list?id=43&page=1&page_size=10 HTTP/1.1" 200 90
"GET /repository/comment/list?id=43&role_id=1&user_id=1&page=1&page_size=10 HTTP/1.1" 200 91
"GET /repository/detail?id=43 HTTP/1.1" 200 763
"GET /repository/associated-events?id=43 HTTP/1.1" 200 2114
尝试获取知识库 43 的复盘列表，页码: 1, 每页: 10
总共找到 0 条复盘记录
返回复盘列表，当前页: 1, 每页: 10, 总数: 0
"GET /repository/review/list?id=43&page=1&page_size=10 HTTP/1.1" 200 90
"GET /repository/comment/list?id=43&role_id=1&user_id=1&page=1&page_size=10 HTTP/1.1" 200 91
"GET /repository/detail?id=43 HTTP/1.1" 200 763
"GET /repository/associated-events?id=43 HTTP/1.1" 200 2114
尝试获取知识库 43 的复盘列表，页码: 1, 每页: 10
总共找到 0 条复盘记录
返回复盘列表，当前页: 1, 每页: 10, 总数: 0
"GET /repository/review/list?id=43&page=1&page_size=10 HTTP/1.1" 200 90
"GET /repository/comment/list?id=43&role_id=1&user_id=1&page=1&page_size=10 HTTP/1.1" 200 91
"GET /repository/detail?id=43 HTTP/1.1" 200 763
"GET /repository/associated-events?id=43 HTTP/1.1" 200 2114
尝试获取知识库 43 的复盘列表，页码: 1, 每页: 10
总共找到 0 条复盘记录
返回复盘列表，当前页: 1, 每页: 10, 总数: 0
"GET /repository/review/list?id=43&page=1&page_size=10 HTTP/1.1" 200 90
"GET /repository/comment/list?id=43&role_id=1&user_id=1&page=1&page_size=10 HTTP/1.1" 200 91
"GET /repository/detail?id=43 HTTP/1.1" 200 763
"GET /repository/associated-events?id=43 HTTP/1.1" 200 2114
"POST /repository/search HTTP/1.1" 200 18809
"GET /repository/history?id=38 HTTP/1.1" 200 609
"GET /repository/history?id=40 HTTP/1.1" 200 343
"GET /repository/history?id=43 HTTP/1.1" 200 329
"GET /repository/history?id=39 HTTP/1.1" 200 343
"GET /repository/history?id=42 HTTP/1.1" 200 327
"GET /repository/history?id=41 HTTP/1.1" 200 361
"GET /repository/history?id=35 HTTP/1.1" 200 987
"GET /repository/history?id=34 HTTP/1.1" 200 959
"GET /repository/history?id=36 HTTP/1.1" 200 890
"GET /repository/history?id=37 HTTP/1.1" 200 931
"POST /repository/search HTTP/1.1" 200 18809
"GET /repository/history?id=43 HTTP/1.1" 200 329
"GET /repository/history?id=41 HTTP/1.1" 200 361
"GET /repository/history?id=38 HTTP/1.1" 200 609
"GET /repository/history?id=40 HTTP/1.1" 200 343
"GET /repository/history?id=42 HTTP/1.1" 200 327
"GET /repository/history?id=39 HTTP/1.1" 200 343
"GET /repository/history?id=37 HTTP/1.1" 200 931
"GET /repository/history?id=36 HTTP/1.1" 200 890
"GET /repository/history?id=34 HTTP/1.1" 200 959
"GET /repository/history?id=35 HTTP/1.1" 200 987
"POST /repository/search HTTP/1.1" 200 18809
"GET /repository/history?id=39 HTTP/1.1" 200 343
"GET /repository/history?id=42 HTTP/1.1" 200 327
"GET /repository/history?id=43 HTTP/1.1" 200 329
"GET /repository/history?id=40 HTTP/1.1" 200 343
"GET /repository/history?id=41 HTTP/1.1" 200 361
"GET /repository/history?id=38 HTTP/1.1" 200 609
"GET /repository/history?id=36 HTTP/1.1" 200 890
"GET /repository/history?id=37 HTTP/1.1" 200 931
"GET /repository/history?id=34 HTTP/1.1" 200 959
"GET /repository/history?id=35 HTTP/1.1" 200 987
尝试获取知识库 43 的复盘列表，页码: 1, 每页: 10
总共找到 0 条复盘记录
返回复盘列表，当前页: 1, 每页: 10, 总数: 0
"GET /repository/review/list?id=43&page=1&page_size=10 HTTP/1.1" 200 90
"GET /repository/comment/list?id=43&role_id=1&user_id=1&page=1&page_size=10 HTTP/1.1" 200 91
"GET /repository/detail?id=43 HTTP/1.1" 200 763
"GET /repository/associated-events?id=43 HTTP/1.1" 200 2114
"POST /repository/search HTTP/1.1" 200 18809
"GET /repository/history?id=43 HTTP/1.1" 200 329
"GET /repository/history?id=42 HTTP/1.1" 200 327
"GET /repository/history?id=39 HTTP/1.1" 200 343
"GET /repository/history?id=40 HTTP/1.1" 200 343
"GET /repository/history?id=38 HTTP/1.1" 200 609
"GET /repository/history?id=41 HTTP/1.1" 200 361
"GET /repository/history?id=37 HTTP/1.1" 200 931
"GET /repository/history?id=34 HTTP/1.1" 200 959
"GET /repository/history?id=35 HTTP/1.1" 200 987
"GET /repository/history?id=36 HTTP/1.1" 200 890
尝试获取知识库 38 的复盘列表，页码: 1, 每页: 10
总共找到 1 条复盘记录
"GET /repository/comment/list?id=38&role_id=1&user_id=1&page=1&page_size=10 HTTP/1.1" 200 532
返回复盘列表，当前页: 1, 每页: 10, 总数: 1
"GET /repository/review/list?id=38&page=1&page_size=10 HTTP/1.1" 200 540
"GET /repository/detail?id=38 HTTP/1.1" 200 2788
"GET /repository/associated-events?id=38 HTTP/1.1" 200 2082
"POST /user/login?username=gaodi&password=123456&rememberMe=true HTTP/1.1" 200 1564
"POST /repository/search HTTP/1.1" 200 18809
"GET /repository/history?id=40 HTTP/1.1" 200 343
"GET /repository/history?id=42 HTTP/1.1" 200 327
"GET /repository/history?id=39 HTTP/1.1" 200 343
"GET /repository/history?id=43 HTTP/1.1" 200 329
"GET /repository/history?id=38 HTTP/1.1" 200 609
"GET /repository/history?id=41 HTTP/1.1" 200 361
"GET /repository/history?id=36 HTTP/1.1" 200 890
"GET /repository/history?id=34 HTTP/1.1" 200 959
"GET /repository/history?id=37 HTTP/1.1" 200 931
"GET /repository/history?id=35 HTTP/1.1" 200 987
"POST /repository/like HTTP/1.1" 200 76
"POST /repository/like HTTP/1.1" 200 76
"POST /repository/like HTTP/1.1" 200 76
"POST /repository/like HTTP/1.1" 200 76
"POST /repository/like HTTP/1.1" 200 76
"POST /repository/like HTTP/1.1" 200 76
"POST /repository/like HTTP/1.1" 200 76
"GET /repository/dept/list HTTP/1.1" 200 488
"GET /event/event/list HTTP/1.1" 200 307
"GET /classify/list HTTP/1.1" 200 10375
"GET /repository/user/list HTTP/1.1" 200 1376
"POST /repository/save HTTP/1.1" 200 427
"POST /repository/search HTTP/1.1" 200 18848
"GET /repository/history?id=43 HTTP/1.1" 200 329
"GET /repository/history?id=44 HTTP/1.1" 200 378
"GET /repository/history?id=41 HTTP/1.1" 200 361
"GET /repository/history?id=39 HTTP/1.1" 200 343
"GET /repository/history?id=42 HTTP/1.1" 200 327
"GET /repository/history?id=40 HTTP/1.1" 200 343
"GET /repository/history?id=38 HTTP/1.1" 200 609
"GET /repository/history?id=37 HTTP/1.1" 200 931
"GET /repository/history?id=35 HTTP/1.1" 200 987
"GET /repository/history?id=36 HTTP/1.1" 200 890
尝试获取知识库 41 的复盘列表，页码: 1, 每页: 10
总共找到 0 条复盘记录
返回复盘列表，当前页: 1, 每页: 10, 总数: 0
"GET /repository/review/list?id=41&page=1&page_size=10 HTTP/1.1" 200 90
"GET /repository/comment/list?id=41&role_id=2&user_id=42&page=1&page_size=10 HTTP/1.1" 200 91
"GET /repository/detail?id=41 HTTP/1.1" 200 789
"GET /repository/associated-events?id=41 HTTP/1.1" 200 2115
"POST /repository/search HTTP/1.1" 200 18848
"GET /repository/history?id=44 HTTP/1.1" 200 378
"GET /repository/history?id=39 HTTP/1.1" 200 343
"GET /repository/history?id=41 HTTP/1.1" 200 361
"GET /repository/history?id=40 HTTP/1.1" 200 343
"GET /repository/history?id=42 HTTP/1.1" 200 327
"GET /repository/history?id=43 HTTP/1.1" 200 329
"GET /repository/history?id=36 HTTP/1.1" 200 890
"GET /repository/history?id=37 HTTP/1.1" 200 931
"GET /repository/history?id=35 HTTP/1.1" 200 987
"GET /repository/history?id=38 HTTP/1.1" 200 609
尝试获取知识库 38 的复盘列表，页码: 1, 每页: 10
总共找到 1 条复盘记录
返回复盘列表，当前页: 1, 每页: 10, 总数: 1
"GET /repository/review/list?id=38&page=1&page_size=10 HTTP/1.1" 200 540
"GET /repository/comment/list?id=38&role_id=2&user_id=42&page=1&page_size=10 HTTP/1.1" 200 478
"GET /repository/detail?id=38 HTTP/1.1" 200 2788
"GET /repository/associated-events?id=38 HTTP/1.1" 200 2082
"POST /repository/comment/submit HTTP/1.1" 200 256
"GET /repository/comment/list?id=38&role_id=2&user_id=42&page=1&page_size=10 HTTP/1.1" 200 732
"POST /user/login?username=admin&password=1234567&rememberMe=true HTTP/1.1" 200 5287
"POST /repository/search HTTP/1.1" 200 18855
"GET /repository/history?id=42 HTTP/1.1" 200 327
"GET /repository/history?id=39 HTTP/1.1" 200 343
"GET /repository/history?id=43 HTTP/1.1" 200 329
"GET /repository/history?id=40 HTTP/1.1" 200 343
"GET /repository/history?id=44 HTTP/1.1" 200 378
"GET /repository/history?id=41 HTTP/1.1" 200 361
"GET /repository/history?id=38 HTTP/1.1" 200 609
"GET /repository/history?id=35 HTTP/1.1" 200 987
"GET /repository/history?id=37 HTTP/1.1" 200 931
"GET /repository/history?id=36 HTTP/1.1" 200 890
"POST /classify/search HTTP/1.1" 200 2081
"POST /event/search HTTP/1.1" 200 820
"POST /classify/search HTTP/1.1" 200 2081
"POST /repository/search HTTP/1.1" 200 18855
"GET /repository/history?id=44 HTTP/1.1" 200 378
"GET /repository/history?id=40 HTTP/1.1" 200 343
"GET /repository/history?id=39 HTTP/1.1" 200 343
"GET /repository/history?id=43 HTTP/1.1" 200 329
"GET /repository/history?id=42 HTTP/1.1" 200 327
"GET /repository/history?id=41 HTTP/1.1" 200 361
"GET /repository/history?id=38 HTTP/1.1" 200 609
"GET /repository/history?id=36 HTTP/1.1" 200 890
"GET /repository/history?id=35 HTTP/1.1" 200 987
"GET /repository/history?id=37 HTTP/1.1" 200 931
"GET /classify/list HTTP/1.1" 200 10375
"GET /repository/user/list HTTP/1.1" 200 1376
"GET /event/event/list HTTP/1.1" 200 307
"GET /repository/dept/list HTTP/1.1" 200 488
"POST /repository/search HTTP/1.1" 200 18855
"GET /repository/history?id=43 HTTP/1.1" 200 329
"GET /repository/history?id=41 HTTP/1.1" 200 361
"GET /repository/history?id=40 HTTP/1.1" 200 343
"GET /repository/history?id=44 HTTP/1.1" 200 378
"GET /repository/history?id=39 HTTP/1.1" 200 343
"GET /repository/history?id=42 HTTP/1.1" 200 327
"GET /repository/history?id=38 HTTP/1.1" 200 609
"GET /repository/history?id=37 HTTP/1.1" 200 931
"GET /repository/history?id=36 HTTP/1.1" 200 890
"GET /repository/history?id=35 HTTP/1.1" 200 987
"POST /event/search HTTP/1.1" 200 820
"GET /user/treeList HTTP/1.1" 200 19437
"GET /event/menus?id=7 HTTP/1.1" 200 46
"POST /classify/search HTTP/1.1" 200 2081
"POST /repository/search HTTP/1.1" 200 18855
"GET /repository/history?id=44 HTTP/1.1" 200 378
"GET /repository/history?id=43 HTTP/1.1" 200 329
"GET /repository/history?id=40 HTTP/1.1" 200 343
"GET /repository/history?id=41 HTTP/1.1" 200 361
"GET /repository/history?id=42 HTTP/1.1" 200 327
"GET /repository/history?id=39 HTTP/1.1" 200 343
"GET /repository/history?id=37 HTTP/1.1" 200 931
"GET /repository/history?id=35 HTTP/1.1" 200 987
"GET /repository/history?id=38 HTTP/1.1" 200 609
"GET /repository/history?id=36 HTTP/1.1" 200 890
"POST /repository/search HTTP/1.1" 200 18855
"GET /repository/history?id=42 HTTP/1.1" 200 327
"GET /repository/history?id=41 HTTP/1.1" 200 361
"GET /repository/history?id=39 HTTP/1.1" 200 343
"GET /repository/history?id=44 HTTP/1.1" 200 378
"GET /repository/history?id=43 HTTP/1.1" 200 329
"GET /repository/history?id=40 HTTP/1.1" 200 343
"GET /repository/history?id=37 HTTP/1.1" 200 931
"GET /repository/history?id=38 HTTP/1.1" 200 609
"GET /repository/history?id=35 HTTP/1.1" 200 987
"GET /repository/history?id=36 HTTP/1.1" 200 890
"GET /event/event/list HTTP/1.1" 200 307
"GET /repository/dept/list HTTP/1.1" 200 488
"GET /classify/list HTTP/1.1" 200 10375
"GET /repository/user/list HTTP/1.1" 200 1376
"POST /repository/search HTTP/1.1" 200 18855
"GET /repository/history?id=43 HTTP/1.1" 200 329
"GET /repository/history?id=44 HTTP/1.1" 200 378
"GET /repository/history?id=41 HTTP/1.1" 200 361
"GET /repository/history?id=39 HTTP/1.1" 200 343
"GET /repository/history?id=40 HTTP/1.1" 200 343
"GET /repository/history?id=42 HTTP/1.1" 200 327
"GET /repository/history?id=38 HTTP/1.1" 200 609
"GET /repository/history?id=37 HTTP/1.1" 200 931
"GET /repository/history?id=36 HTTP/1.1" 200 890
"GET /repository/history?id=35 HTTP/1.1" 200 987
"GET /event/event/list HTTP/1.1" 200 307
"GET /repository/user/list HTTP/1.1" 200 1376
"GET /classify/list HTTP/1.1" 200 10375
"GET /repository/dept/list HTTP/1.1" 200 488
"POST /repository/search HTTP/1.1" 200 18855
"GET /repository/history?id=39 HTTP/1.1" 200 343
"GET /repository/history?id=40 HTTP/1.1" 200 343
"GET /repository/history?id=44 HTTP/1.1" 200 378
"GET /repository/history?id=43 HTTP/1.1" 200 329
"GET /repository/history?id=42 HTTP/1.1" 200 327
"GET /repository/history?id=41 HTTP/1.1" 200 361
"GET /repository/history?id=37 HTTP/1.1" 200 931
"GET /repository/history?id=38 HTTP/1.1" 200 609
"GET /repository/history?id=36 HTTP/1.1" 200 890
"GET /repository/history?id=35 HTTP/1.1" 200 987
"POST /repository/like HTTP/1.1" 200 76
尝试获取知识库 44 的复盘列表，页码: 1, 每页: 10
总共找到 0 条复盘记录
返回复盘列表，当前页: 1, 每页: 10, 总数: 0
"GET /repository/review/list?id=44&page=1&page_size=10 HTTP/1.1" 200 90
"GET /repository/comment/list?id=44&role_id=1&user_id=1&page=1&page_size=10 HTTP/1.1" 200 91
"GET /repository/detail?id=44 HTTP/1.1" 200 774
"GET /repository/associated-events?id=44 HTTP/1.1" 200 286
"POST /repository/search HTTP/1.1" 200 18854
"GET /repository/history?id=44 HTTP/1.1" 200 378
"GET /repository/history?id=43 HTTP/1.1" 200 329
"GET /repository/history?id=42 HTTP/1.1" 200 327
"GET /repository/history?id=41 HTTP/1.1" 200 361
"GET /repository/history?id=39 HTTP/1.1" 200 343
"GET /repository/history?id=40 HTTP/1.1" 200 343
"GET /repository/history?id=38 HTTP/1.1" 200 609
"GET /repository/history?id=37 HTTP/1.1" 200 931
"GET /repository/history?id=36 HTTP/1.1" 200 890
"GET /repository/history?id=35 HTTP/1.1" 200 987
尝试获取知识库 38 的复盘列表，页码: 1, 每页: 10
总共找到 1 条复盘记录
返回复盘列表，当前页: 1, 每页: 10, 总数: 1
"GET /repository/detail?id=38 HTTP/1.1" 200 2788
"GET /repository/review/list?id=38&page=1&page_size=10 HTTP/1.1" 200 540
"GET /repository/comment/list?id=38&role_id=1&user_id=1&page=1&page_size=10 HTTP/1.1" 200 786
"GET /repository/associated-events?id=38 HTTP/1.1" 200 2082
"GET /repository/detail?id=43 HTTP/1.1" 200 763
"GET /repository/detail?id=37 HTTP/1.1" 200 6170
"GET /repository/detail?id=43 HTTP/1.1" 200 763
尝试获取知识库 43 的复盘列表，页码: 1, 每页: 10
总共找到 0 条复盘记录
返回复盘列表，当前页: 1, 每页: 10, 总数: 0
"GET /repository/review/list?id=43&page=1&page_size=10 HTTP/1.1" 200 90
"GET /repository/comment/list?id=43&role_id=1&user_id=1&page=1&page_size=10 HTTP/1.1" 200 91
"GET /repository/detail?id=43 HTTP/1.1" 200 763
"GET /repository/associated-events?id=43 HTTP/1.1" 200 2114
"POST /user/search HTTP/1.1" 200 7784
"POST /user/search HTTP/1.1" 200 7291
"GET /user/level/list HTTP/1.1" 200 174
"GET /user/post/list HTTP/1.1" 200 1020
"GET /user/dept/list HTTP/1.1" 200 492
"GET /user/action?id=42 HTTP/1.1" 200 611
"GET /user/level/list HTTP/1.1" 200 174
"GET /user/post/list HTTP/1.1" 200 1020
"GET /user/dept/list HTTP/1.1" 200 492
"GET /user/action?id=36 HTTP/1.1" 200 602
"GET /user/post/list HTTP/1.1" 200 1020
"GET /user/level/list HTTP/1.1" 200 174
"GET /user/dept/list HTTP/1.1" 200 492
"GET /user/action?id=42 HTTP/1.1" 200 611
"POST /classify/search HTTP/1.1" 200 2081
"POST /event/search HTTP/1.1" 200 820
"POST /repository/search HTTP/1.1" 200 18854
"GET /repository/history?id=44 HTTP/1.1" 200 378
"GET /repository/history?id=42 HTTP/1.1" 200 327
"GET /repository/history?id=39 HTTP/1.1" 200 343
"GET /repository/history?id=40 HTTP/1.1" 200 343
"GET /repository/history?id=41 HTTP/1.1" 200 361
"GET /repository/history?id=43 HTTP/1.1" 200 329
"GET /repository/history?id=38 HTTP/1.1" 200 609
"GET /repository/history?id=35 HTTP/1.1" 200 987
"GET /repository/history?id=37 HTTP/1.1" 200 931
"GET /repository/history?id=36 HTTP/1.1" 200 890
尝试获取知识库 44 的复盘列表，页码: 1, 每页: 10
总共找到 0 条复盘记录
返回复盘列表，当前页: 1, 每页: 10, 总数: 0
"GET /repository/review/list?id=44&page=1&page_size=10 HTTP/1.1" 200 90
"GET /repository/comment/list?id=44&role_id=1&user_id=1&page=1&page_size=10 HTTP/1.1" 200 91
"GET /repository/detail?id=44 HTTP/1.1" 200 774
"GET /repository/associated-events?id=44 HTTP/1.1" 200 286
"POST /repository/search HTTP/1.1" 200 18854
"GET /repository/history?id=43 HTTP/1.1" 200 329
"GET /repository/history?id=40 HTTP/1.1" 200 343
"GET /repository/history?id=39 HTTP/1.1" 200 343
"GET /repository/history?id=44 HTTP/1.1" 200 378
"GET /repository/history?id=41 HTTP/1.1" 200 361
"GET /repository/history?id=42 HTTP/1.1" 200 327
"GET /repository/history?id=35 HTTP/1.1" 200 987
"GET /repository/history?id=38 HTTP/1.1" 200 609
"GET /repository/history?id=37 HTTP/1.1" 200 931
"GET /repository/history?id=36 HTTP/1.1" 200 890
尝试获取知识库 38 的复盘列表，页码: 1, 每页: 10
总共找到 1 条复盘记录
"GET /repository/detail?id=38 HTTP/1.1" 200 2788
返回复盘列表，当前页: 1, 每页: 10, 总数: 1
"GET /repository/comment/list?id=38&role_id=1&user_id=1&page=1&page_size=10 HTTP/1.1" 200 786
"GET /repository/review/list?id=38&page=1&page_size=10 HTTP/1.1" 200 540
"GET /repository/associated-events?id=38 HTTP/1.1" 200 2082
"POST /classify/search HTTP/1.1" 200 2081
"POST /event/search HTTP/1.1" 200 820
"GET /user/treeList HTTP/1.1" 200 19437
"GET /event/menus?id=7 HTTP/1.1" 200 46
"POST /repository/search HTTP/1.1" 200 18854
"GET /repository/history?id=42 HTTP/1.1" 200 327
"GET /repository/history?id=43 HTTP/1.1" 200 329
"GET /repository/history?id=41 HTTP/1.1" 200 361
"GET /repository/history?id=40 HTTP/1.1" 200 343
"GET /repository/history?id=39 HTTP/1.1" 200 343
"GET /repository/history?id=44 HTTP/1.1" 200 378
"GET /repository/history?id=38 HTTP/1.1" 200 609
"GET /repository/history?id=36 HTTP/1.1" 200 890
"GET /repository/history?id=35 HTTP/1.1" 200 987
"GET /repository/history?id=37 HTTP/1.1" 200 931
尝试获取知识库 44 的复盘列表，页码: 1, 每页: 10
总共找到 0 条复盘记录
返回复盘列表，当前页: 1, 每页: 10, 总数: 0
"GET /repository/review/list?id=44&page=1&page_size=10 HTTP/1.1" 200 90
"GET /repository/comment/list?id=44&role_id=1&user_id=1&page=1&page_size=10 HTTP/1.1" 200 91
"GET /repository/detail?id=44 HTTP/1.1" 200 774
"GET /repository/associated-events?id=44 HTTP/1.1" 200 286
"POST /repository/search HTTP/1.1" 200 18854
"GET /repository/history?id=40 HTTP/1.1" 200 343
"GET /repository/history?id=44 HTTP/1.1" 200 378
"GET /repository/history?id=41 HTTP/1.1" 200 361
"GET /repository/history?id=43 HTTP/1.1" 200 329
"GET /repository/history?id=42 HTTP/1.1" 200 327
"GET /repository/history?id=39 HTTP/1.1" 200 343
"GET /repository/history?id=38 HTTP/1.1" 200 609
"GET /repository/history?id=36 HTTP/1.1" 200 890
"GET /repository/history?id=35 HTTP/1.1" 200 987
"GET /repository/history?id=37 HTTP/1.1" 200 931
尝试获取知识库 44 的复盘列表，页码: 1, 每页: 10
总共找到 0 条复盘记录
返回复盘列表，当前页: 1, 每页: 10, 总数: 0
"GET /repository/review/list?id=44&page=1&page_size=10 HTTP/1.1" 200 90
"GET /repository/comment/list?id=44&role_id=1&user_id=1&page=1&page_size=10 HTTP/1.1" 200 91
"GET /repository/detail?id=44 HTTP/1.1" 200 774
"GET /repository/associated-events?id=44 HTTP/1.1" 200 286
"POST /repository/search HTTP/1.1" 200 18854
"GET /repository/history?id=44 HTTP/1.1" 200 378
"GET /repository/history?id=43 HTTP/1.1" 200 329
"GET /repository/history?id=42 HTTP/1.1" 200 327
"GET /repository/history?id=39 HTTP/1.1" 200 343
"GET /repository/history?id=41 HTTP/1.1" 200 361
"GET /repository/history?id=40 HTTP/1.1" 200 343
"GET /repository/history?id=38 HTTP/1.1" 200 609
"GET /repository/history?id=36 HTTP/1.1" 200 890
"GET /repository/history?id=37 HTTP/1.1" 200 931
"GET /repository/history?id=35 HTTP/1.1" 200 987
尝试获取知识库 38 的复盘列表，页码: 1, 每页: 10
总共找到 1 条复盘记录
返回复盘列表，当前页: 1, 每页: 10, 总数: 1
"GET /repository/review/list?id=38&page=1&page_size=10 HTTP/1.1" 200 540
"GET /repository/comment/list?id=38&role_id=1&user_id=1&page=1&page_size=10 HTTP/1.1" 200 786
"GET /repository/detail?id=38 HTTP/1.1" 200 2788
"GET /repository/associated-events?id=38 HTTP/1.1" 200 2082
"POST /repository/search HTTP/1.1" 200 18854
"GET /repository/history?id=41 HTTP/1.1" 200 361
"GET /repository/history?id=44 HTTP/1.1" 200 378
"GET /repository/history?id=43 HTTP/1.1" 200 329
"GET /repository/history?id=39 HTTP/1.1" 200 343
"GET /repository/history?id=40 HTTP/1.1" 200 343
"GET /repository/history?id=42 HTTP/1.1" 200 327
"GET /repository/history?id=38 HTTP/1.1" 200 609
"GET /repository/history?id=35 HTTP/1.1" 200 987
"GET /repository/history?id=37 HTTP/1.1" 200 931
"GET /repository/history?id=36 HTTP/1.1" 200 890
"GET /event/event/list HTTP/1.1" 200 307
"GET /repository/user/list HTTP/1.1" 200 1376
"GET /classify/list HTTP/1.1" 200 10375
"GET /repository/dept/list HTTP/1.1" 200 488
"POST /repository/search HTTP/1.1" 200 18854
"GET /repository/history?id=39 HTTP/1.1" 200 343
"GET /repository/history?id=42 HTTP/1.1" 200 327
"GET /repository/history?id=44 HTTP/1.1" 200 378
"GET /repository/history?id=40 HTTP/1.1" 200 343
"GET /repository/history?id=41 HTTP/1.1" 200 361
"GET /repository/history?id=43 HTTP/1.1" 200 329
"GET /repository/history?id=37 HTTP/1.1" 200 931
"GET /repository/history?id=38 HTTP/1.1" 200 609
"GET /repository/history?id=35 HTTP/1.1" 200 987
"GET /repository/history?id=36 HTTP/1.1" 200 890
"POST /user/search HTTP/1.1" 200 7784
"POST /user/search HTTP/1.1" 200 7291
"GET /user/post/list HTTP/1.1" 200 1020
"GET /user/dept/list HTTP/1.1" 200 492
"GET /user/level/list HTTP/1.1" 200 174
"GET /user/action?id=42 HTTP/1.1" 200 611
"POST /repository/search HTTP/1.1" 200 18854
"GET /repository/history?id=40 HTTP/1.1" 200 343
"GET /repository/history?id=43 HTTP/1.1" 200 329
"GET /repository/history?id=42 HTTP/1.1" 200 327
"GET /repository/history?id=41 HTTP/1.1" 200 361
"GET /repository/history?id=44 HTTP/1.1" 200 378
"GET /repository/history?id=39 HTTP/1.1" 200 343
"GET /repository/history?id=37 HTTP/1.1" 200 931
"GET /repository/history?id=35 HTTP/1.1" 200 987
"GET /repository/history?id=38 HTTP/1.1" 200 609
"GET /repository/history?id=36 HTTP/1.1" 200 890
"POST /repository/search HTTP/1.1" 200 2418
"GET /repository/history?id=34 HTTP/1.1" 200 959
"GET /repository/history?id=32 HTTP/1.1" 200 888
"GET /repository/history?id=33 HTTP/1.1" 200 967
"POST /repository/search HTTP/1.1" 200 18854
"GET /repository/history?id=42 HTTP/1.1" 200 327
"GET /repository/history?id=40 HTTP/1.1" 200 343
"GET /repository/history?id=39 HTTP/1.1" 200 343
"GET /repository/history?id=43 HTTP/1.1" 200 329
"GET /repository/history?id=44 HTTP/1.1" 200 378
"GET /repository/history?id=41 HTTP/1.1" 200 361
"GET /repository/history?id=36 HTTP/1.1" 200 890
"GET /repository/history?id=37 HTTP/1.1" 200 931
"GET /repository/history?id=35 HTTP/1.1" 200 987
"GET /repository/history?id=38 HTTP/1.1" 200 609
"POST /repository/search HTTP/1.1" 200 18854
"GET /repository/history?id=43 HTTP/1.1" 200 329
"GET /repository/history?id=40 HTTP/1.1" 200 343
"GET /repository/history?id=42 HTTP/1.1" 200 327
"GET /repository/history?id=41 HTTP/1.1" 200 361
"GET /repository/history?id=39 HTTP/1.1" 200 343
"GET /repository/history?id=44 HTTP/1.1" 200 378
D:\my_project\Django_admin\jj_system\jj_system\settings.py changed, reloading.
D:\my_project\Django_admin\jj_system\jj_system\settings.py changed, reloading.
D:\my_project\Django_admin\jj_system\jj_system\settings.py changed, reloading.
Watching for file changes with StatReloader
Watching for file changes with StatReloader
Watching for file changes with StatReloader
"POST /user/login?username=admin&password=1234567&rememberMe=true HTTP/1.1" 200 5287
D:\my_project\Django_admin\jj_system\file_manager\models.py changed, reloading.
D:\my_project\Django_admin\jj_system\file_manager\models.py changed, reloading.
D:\my_project\Django_admin\jj_system\file_manager\models.py changed, reloading.
Watching for file changes with StatReloader
Watching for file changes with StatReloader
Watching for file changes with StatReloader
D:\my_project\Django_admin\jj_system\jj_system\urls.py changed, reloading.
D:\my_project\Django_admin\jj_system\jj_system\urls.py changed, reloading.
D:\my_project\Django_admin\jj_system\jj_system\urls.py changed, reloading.
Watching for file changes with StatReloader
Watching for file changes with StatReloader
Watching for file changes with StatReloader
"POST /repository/search HTTP/1.1" 200 18854
D:\my_project\Django_admin\jj_system\jj_system\urls.py changed, reloading.
D:\my_project\Django_admin\jj_system\jj_system\urls.py changed, reloading.
D:\my_project\Django_admin\jj_system\file_manager\serializers.py changed, reloading.
Watching for file changes with StatReloader
Watching for file changes with StatReloader
Watching for file changes with StatReloader
D:\my_project\Django_admin\jj_system\file_manager\urls.py changed, reloading.
Watching for file changes with StatReloader
"POST /user/login?username=admin&password=1234567&rememberMe=true HTTP/1.1" 200 5287
"POST /repository/search HTTP/1.1" 200 18854
"GET /repository/history?id=41 HTTP/1.1" 200 361
"GET /repository/history?id=44 HTTP/1.1" 200 378
"GET /repository/history?id=40 HTTP/1.1" 200 343
"GET /repository/history?id=39 HTTP/1.1" 200 343
"GET /repository/history?id=42 HTTP/1.1" 200 327
"GET /repository/history?id=43 HTTP/1.1" 200 329
"GET /repository/history?id=35 HTTP/1.1" 200 987
"GET /repository/history?id=38 HTTP/1.1" 200 609
"GET /repository/history?id=36 HTTP/1.1" 200 890
"GET /repository/history?id=37 HTTP/1.1" 200 931
"POST /user/search HTTP/1.1" 200 7784
"GET /role/listAll HTTP/1.1" 200 1286
"GET /role/listAll HTTP/1.1" 200 1286
页面大小: 10, 页码: 1
"POST /role/search HTTP/1.1" 200 1298
菜单查询集: <QuerySet [<SysMenu: SysMenu object (1)>, <SysMenu: SysMenu object (3)>, <SysMenu: SysMenu object (11)>, <SysMenu: SysMenu object (2)>, <SysMenu: SysMenu object (4)>, <SysMenu: SysMenu object (5)>, <SysMenu: SysMenu object (14)>, <SysMenu: SysMenu object (6)>, <SysMenu: SysMenu object (17)>, <SysMenu: SysMenu object (7)>, <SysMenu: SysMenu object (16)>, <SysMenu: SysMenu object (8)>, <SysMenu: SysMenu object (18)>, <SysMenu: SysMenu object (19)>]>
菜单树结果: [<SysMenu: SysMenu object (1)>, <SysMenu: SysMenu object (2)>]
"GET /menu/treeList HTTP/1.1" 200 4276
"GET /role/menus?id=1 HTTP/1.1" 200 77
菜单查询集: <QuerySet [<SysMenu: SysMenu object (1)>, <SysMenu: SysMenu object (3)>, <SysMenu: SysMenu object (11)>, <SysMenu: SysMenu object (2)>, <SysMenu: SysMenu object (4)>, <SysMenu: SysMenu object (5)>, <SysMenu: SysMenu object (14)>, <SysMenu: SysMenu object (6)>, <SysMenu: SysMenu object (17)>, <SysMenu: SysMenu object (7)>, <SysMenu: SysMenu object (16)>, <SysMenu: SysMenu object (8)>, <SysMenu: SysMenu object (18)>, <SysMenu: SysMenu object (19)>]>
菜单树结果: [<SysMenu: SysMenu object (1)>, <SysMenu: SysMenu object (2)>]
"GET /menu/treeList HTTP/1.1" 200 4276
"GET /role/menus?id=1 HTTP/1.1" 200 77
菜单查询集: <QuerySet [<SysMenu: SysMenu object (1)>, <SysMenu: SysMenu object (3)>, <SysMenu: SysMenu object (11)>, <SysMenu: SysMenu object (2)>, <SysMenu: SysMenu object (4)>, <SysMenu: SysMenu object (5)>, <SysMenu: SysMenu object (14)>, <SysMenu: SysMenu object (6)>, <SysMenu: SysMenu object (17)>, <SysMenu: SysMenu object (7)>, <SysMenu: SysMenu object (16)>, <SysMenu: SysMenu object (8)>, <SysMenu: SysMenu object (18)>, <SysMenu: SysMenu object (19)>]>
菜单树结果: [<SysMenu: SysMenu object (1)>, <SysMenu: SysMenu object (2)>]
"GET /menu/treeList HTTP/1.1" 200 4276
菜单查询集: <QuerySet [<SysMenu: SysMenu object (1)>, <SysMenu: SysMenu object (3)>, <SysMenu: SysMenu object (11)>, <SysMenu: SysMenu object (2)>, <SysMenu: SysMenu object (4)>, <SysMenu: SysMenu object (5)>, <SysMenu: SysMenu object (14)>, <SysMenu: SysMenu object (6)>, <SysMenu: SysMenu object (17)>, <SysMenu: SysMenu object (7)>, <SysMenu: SysMenu object (16)>, <SysMenu: SysMenu object (8)>, <SysMenu: SysMenu object (18)>, <SysMenu: SysMenu object (19)>, <SysMenu: SysMenu object (20)>]>
菜单树结果: [<SysMenu: SysMenu object (1)>, <SysMenu: SysMenu object (2)>]
"GET /menu/treeList HTTP/1.1" 200 4551
菜单查询集: <QuerySet [<SysMenu: SysMenu object (1)>, <SysMenu: SysMenu object (3)>, <SysMenu: SysMenu object (11)>, <SysMenu: SysMenu object (2)>, <SysMenu: SysMenu object (4)>, <SysMenu: SysMenu object (5)>, <SysMenu: SysMenu object (14)>, <SysMenu: SysMenu object (6)>, <SysMenu: SysMenu object (17)>, <SysMenu: SysMenu object (7)>, <SysMenu: SysMenu object (16)>, <SysMenu: SysMenu object (8)>, <SysMenu: SysMenu object (18)>, <SysMenu: SysMenu object (19)>, <SysMenu: SysMenu object (20)>]>
菜单树结果: [<SysMenu: SysMenu object (1)>, <SysMenu: SysMenu object (2)>]
"GET /menu/treeList HTTP/1.1" 200 4551
页面大小: 10, 页码: 1
"POST /role/search HTTP/1.1" 200 1298
菜单查询集: <QuerySet [<SysMenu: SysMenu object (1)>, <SysMenu: SysMenu object (3)>, <SysMenu: SysMenu object (11)>, <SysMenu: SysMenu object (2)>, <SysMenu: SysMenu object (4)>, <SysMenu: SysMenu object (5)>, <SysMenu: SysMenu object (14)>, <SysMenu: SysMenu object (6)>, <SysMenu: SysMenu object (17)>, <SysMenu: SysMenu object (7)>, <SysMenu: SysMenu object (16)>, <SysMenu: SysMenu object (8)>, <SysMenu: SysMenu object (18)>, <SysMenu: SysMenu object (19)>, <SysMenu: SysMenu object (20)>]>
菜单树结果: [<SysMenu: SysMenu object (1)>, <SysMenu: SysMenu object (2)>]
"GET /menu/treeList HTTP/1.1" 200 4551
"GET /role/menus?id=1 HTTP/1.1" 200 77
菜单查询集: <QuerySet [<SysMenu: SysMenu object (1)>, <SysMenu: SysMenu object (3)>, <SysMenu: SysMenu object (11)>, <SysMenu: SysMenu object (2)>, <SysMenu: SysMenu object (4)>, <SysMenu: SysMenu object (5)>, <SysMenu: SysMenu object (14)>, <SysMenu: SysMenu object (6)>, <SysMenu: SysMenu object (17)>, <SysMenu: SysMenu object (7)>, <SysMenu: SysMenu object (16)>, <SysMenu: SysMenu object (8)>, <SysMenu: SysMenu object (18)>, <SysMenu: SysMenu object (19)>, <SysMenu: SysMenu object (20)>]>
菜单树结果: [<SysMenu: SysMenu object (1)>, <SysMenu: SysMenu object (2)>]
"GET /menu/treeList HTTP/1.1" 200 4551
"GET /role/menus?id=1 HTTP/1.1" 200 77
菜单查询集: <QuerySet [<SysMenu: SysMenu object (1)>, <SysMenu: SysMenu object (3)>, <SysMenu: SysMenu object (11)>, <SysMenu: SysMenu object (2)>, <SysMenu: SysMenu object (4)>, <SysMenu: SysMenu object (5)>, <SysMenu: SysMenu object (14)>, <SysMenu: SysMenu object (6)>, <SysMenu: SysMenu object (17)>, <SysMenu: SysMenu object (7)>, <SysMenu: SysMenu object (16)>, <SysMenu: SysMenu object (8)>, <SysMenu: SysMenu object (18)>, <SysMenu: SysMenu object (19)>, <SysMenu: SysMenu object (20)>]>
菜单树结果: [<SysMenu: SysMenu object (1)>, <SysMenu: SysMenu object (2)>]
"GET /menu/treeList HTTP/1.1" 200 4551
"GET /role/menus?id=1 HTTP/1.1" 200 77
菜单查询集: <QuerySet [<SysMenu: SysMenu object (1)>, <SysMenu: SysMenu object (3)>, <SysMenu: SysMenu object (11)>, <SysMenu: SysMenu object (2)>, <SysMenu: SysMenu object (4)>, <SysMenu: SysMenu object (5)>, <SysMenu: SysMenu object (14)>, <SysMenu: SysMenu object (6)>, <SysMenu: SysMenu object (17)>, <SysMenu: SysMenu object (7)>, <SysMenu: SysMenu object (16)>, <SysMenu: SysMenu object (8)>, <SysMenu: SysMenu object (18)>, <SysMenu: SysMenu object (19)>, <SysMenu: SysMenu object (20)>]>
菜单树结果: [<SysMenu: SysMenu object (1)>, <SysMenu: SysMenu object (2)>]
"GET /menu/treeList HTTP/1.1" 200 4551
页面大小: 10, 页码: 1
"POST /role/search HTTP/1.1" 200 1298
菜单查询集: <QuerySet [<SysMenu: SysMenu object (1)>, <SysMenu: SysMenu object (3)>, <SysMenu: SysMenu object (11)>, <SysMenu: SysMenu object (2)>, <SysMenu: SysMenu object (4)>, <SysMenu: SysMenu object (5)>, <SysMenu: SysMenu object (14)>, <SysMenu: SysMenu object (6)>, <SysMenu: SysMenu object (17)>, <SysMenu: SysMenu object (7)>, <SysMenu: SysMenu object (16)>, <SysMenu: SysMenu object (8)>, <SysMenu: SysMenu object (18)>, <SysMenu: SysMenu object (19)>, <SysMenu: SysMenu object (20)>]>
菜单树结果: [<SysMenu: SysMenu object (1)>, <SysMenu: SysMenu object (2)>]
"GET /menu/treeList HTTP/1.1" 200 4551
"GET /role/menus?id=1 HTTP/1.1" 200 77
角色ID: 1, 菜单ID列表: [1, 3, 4, 5, 6, 7, 8, 18, 19, 2, 11, 14, 17, 16, 20]
"POST /role/grant HTTP/1.1" 200 13
页面大小: 10, 页码: 1
菜单查询集: <QuerySet [<SysMenu: SysMenu object (1)>, <SysMenu: SysMenu object (3)>, <SysMenu: SysMenu object (11)>, <SysMenu: SysMenu object (2)>, <SysMenu: SysMenu object (4)>, <SysMenu: SysMenu object (5)>, <SysMenu: SysMenu object (14)>, <SysMenu: SysMenu object (6)>, <SysMenu: SysMenu object (17)>, <SysMenu: SysMenu object (7)>, <SysMenu: SysMenu object (16)>, <SysMenu: SysMenu object (8)>, <SysMenu: SysMenu object (18)>, <SysMenu: SysMenu object (19)>, <SysMenu: SysMenu object (20)>]>
菜单树结果: [<SysMenu: SysMenu object (1)>, <SysMenu: SysMenu object (2)>]
"GET /menu/treeList HTTP/1.1" 200 4551
"POST /role/search HTTP/1.1" 200 1298
"GET /role/menus?id=1 HTTP/1.1" 200 81
页面大小: 10, 页码: 1
"POST /role/search HTTP/1.1" 200 1298
页面大小: 10, 页码: 1
"POST /role/search HTTP/1.1" 200 1298
"POST /user/login?username=admin&password=1234567&rememberMe=true HTTP/1.1" 200 5562
"POST /user/login?username=admin&password=1234567&rememberMe=true HTTP/1.1" 200 5562
"POST /user/login?username=admin&password=1234567&rememberMe=true HTTP/1.1" 200 5562
"POST /items/search HTTP/1.1" 200 2016
"POST /repository/search HTTP/1.1" 200 18854
"GET /repository/history?id=40 HTTP/1.1" 200 343
"GET /repository/history?id=41 HTTP/1.1" 200 361
"GET /repository/history?id=44 HTTP/1.1" 200 378
"GET /repository/history?id=42 HTTP/1.1" 200 327
"GET /repository/history?id=39 HTTP/1.1" 200 343
"GET /repository/history?id=43 HTTP/1.1" 200 329
"GET /repository/history?id=35 HTTP/1.1" 200 987
"GET /repository/history?id=36 HTTP/1.1" 200 890
"GET /repository/history?id=38 HTTP/1.1" 200 609
"GET /repository/history?id=37 HTTP/1.1" 200 931
页面大小: 10, 页码: 1
"POST /role/search HTTP/1.1" 200 1298
"POST /user/search HTTP/1.1" 200 7784
"POST /items/search HTTP/1.1" 200 2016
"POST /repository/search HTTP/1.1" 200 18854
"GET /repository/history?id=43 HTTP/1.1" 200 329
"GET /repository/history?id=40 HTTP/1.1" 200 343
"GET /repository/history?id=42 HTTP/1.1" 200 327
"GET /repository/history?id=39 HTTP/1.1" 200 343
"GET /repository/history?id=41 HTTP/1.1" 200 361
"GET /repository/history?id=44 HTTP/1.1" 200 378
"GET /repository/history?id=36 HTTP/1.1" 200 890
"GET /repository/history?id=38 HTTP/1.1" 200 609
"GET /repository/history?id=35 HTTP/1.1" 200 987
"GET /repository/history?id=37 HTTP/1.1" 200 931
"GET /repository/user/list HTTP/1.1" 200 1376
"GET /event/event/list HTTP/1.1" 200 307
"GET /repository/dept/list HTTP/1.1" 200 488
"GET /classify/list HTTP/1.1" 200 10375
"POST /repository/search HTTP/1.1" 200 18854
"GET /repository/history?id=42 HTTP/1.1" 200 327
"GET /repository/history?id=41 HTTP/1.1" 200 361
"GET /repository/history?id=40 HTTP/1.1" 200 343
"GET /repository/history?id=39 HTTP/1.1" 200 343
"GET /repository/history?id=43 HTTP/1.1" 200 329
"GET /repository/history?id=44 HTTP/1.1" 200 378
"GET /repository/history?id=35 HTTP/1.1" 200 987
"GET /repository/history?id=36 HTTP/1.1" 200 890
"GET /repository/history?id=37 HTTP/1.1" 200 931
"GET /repository/history?id=38 HTTP/1.1" 200 609
"POST /user/login?username=admin&password=1234567&rememberMe=false HTTP/1.1" 200 5562
"GET /media/userAvatar/default.jpg HTTP/1.1" 200 9062
"POST /classify/search HTTP/1.1" 200 2081
"POST /event/search HTTP/1.1" 200 820
"GET /user/treeList HTTP/1.1" 200 19437
"GET /event/menus?id=7 HTTP/1.1" 200 46
"POST /repository/search HTTP/1.1" 200 18854
"GET /repository/history?id=43 HTTP/1.1" 200 329
"GET /repository/history?id=44 HTTP/1.1" 200 378
"GET /repository/history?id=41 HTTP/1.1" 200 361
"GET /repository/history?id=40 HTTP/1.1" 200 343
"GET /repository/history?id=39 HTTP/1.1" 200 343
"GET /repository/history?id=42 HTTP/1.1" 200 327
"GET /repository/history?id=36 HTTP/1.1" 200 890
"GET /repository/history?id=37 HTTP/1.1" 200 931
"GET /repository/history?id=38 HTTP/1.1" 200 609
"GET /repository/history?id=35 HTTP/1.1" 200 987
尝试获取知识库 36 的复盘列表，页码: 1, 每页: 10
总共找到 1 条复盘记录
返回复盘列表，当前页: 1, 每页: 10, 总数: 1
"GET /repository/review/list?id=36&page=1&page_size=10 HTTP/1.1" 200 540
"GET /repository/comment/list?id=36&role_id=1&user_id=1&page=1&page_size=10 HTTP/1.1" 200 541
"GET /repository/detail?id=36 HTTP/1.1" 200 2981
"GET /repository/associated-events?id=36 HTTP/1.1" 200 2046
"POST /repository/search HTTP/1.1" 200 18854
"GET /repository/history?id=44 HTTP/1.1" 200 378
"GET /repository/history?id=40 HTTP/1.1" 200 343
"GET /repository/history?id=39 HTTP/1.1" 200 343
"GET /repository/history?id=41 HTTP/1.1" 200 361
"GET /repository/history?id=43 HTTP/1.1" 200 329
"GET /repository/history?id=42 HTTP/1.1" 200 327
"GET /repository/history?id=38 HTTP/1.1" 200 609
"GET /repository/history?id=37 HTTP/1.1" 200 931
"GET /repository/history?id=35 HTTP/1.1" 200 987
"GET /repository/history?id=36 HTTP/1.1" 200 890
"POST /event/search HTTP/1.1" 200 820
"POST /repository/search HTTP/1.1" 200 18854
"GET /repository/history?id=43 HTTP/1.1" 200 329
"GET /repository/history?id=40 HTTP/1.1" 200 343
"GET /repository/history?id=42 HTTP/1.1" 200 327
"GET /repository/history?id=44 HTTP/1.1" 200 378
"GET /repository/history?id=39 HTTP/1.1" 200 343
"GET /repository/history?id=41 HTTP/1.1" 200 361
"GET /repository/history?id=38 HTTP/1.1" 200 609
"GET /repository/history?id=35 HTTP/1.1" 200 987
"GET /repository/history?id=37 HTTP/1.1" 200 931
"GET /repository/history?id=36 HTTP/1.1" 200 890
"POST /repository/like HTTP/1.1" 200 76
"POST /repository/like HTTP/1.1" 200 89
"POST /repository/like HTTP/1.1" 200 76
"POST /repository/like HTTP/1.1" 200 76
"POST /repository/like HTTP/1.1" 200 89
尝试获取知识库 37 的复盘列表，页码: 1, 每页: 10
总共找到 1 条复盘记录
返回复盘列表，当前页: 1, 每页: 10, 总数: 1
"GET /repository/comment/list?id=37&role_id=1&user_id=1&page=1&page_size=10 HTTP/1.1" 200 318
"GET /repository/review/list?id=37&page=1&page_size=10 HTTP/1.1" 200 540
"GET /repository/detail?id=37 HTTP/1.1" 200 6170
"GET /repository/associated-events?id=37 HTTP/1.1" 200 2010
"POST /repository/search HTTP/1.1" 200 18853
"GET /repository/history?id=44 HTTP/1.1" 200 378
"GET /repository/history?id=41 HTTP/1.1" 200 361
"GET /repository/history?id=40 HTTP/1.1" 200 343
"GET /repository/history?id=43 HTTP/1.1" 200 329
"GET /repository/history?id=42 HTTP/1.1" 200 327
"GET /repository/history?id=37 HTTP/1.1" 200 931
"GET /repository/history?id=38 HTTP/1.1" 200 609
"GET /repository/history?id=36 HTTP/1.1" 200 890
"GET /repository/history?id=39 HTTP/1.1" 200 343
"GET /repository/history?id=35 HTTP/1.1" 200 987
尝试获取知识库 38 的复盘列表，页码: 1, 每页: 10
总共找到 1 条复盘记录
返回复盘列表，当前页: 1, 每页: 10, 总数: 1
"GET /repository/comment/list?id=38&role_id=1&user_id=1&page=1&page_size=10 HTTP/1.1" 200 786
"GET /repository/review/list?id=38&page=1&page_size=10 HTTP/1.1" 200 540
"GET /repository/detail?id=38 HTTP/1.1" 200 2788
"GET /repository/associated-events?id=38 HTTP/1.1" 200 2082
"GET /repository/detail?id=43 HTTP/1.1" 200 763
尝试获取知识库 43 的复盘列表，页码: 1, 每页: 10
总共找到 0 条复盘记录
返回复盘列表，当前页: 1, 每页: 10, 总数: 0
"GET /repository/review/list?id=43&page=1&page_size=10 HTTP/1.1" 200 90
"GET /repository/comment/list?id=43&role_id=1&user_id=1&page=1&page_size=10 HTTP/1.1" 200 91
"GET /repository/detail?id=43 HTTP/1.1" 200 763
"GET /repository/associated-events?id=43 HTTP/1.1" 200 2114
"GET /repository/detail?id=38 HTTP/1.1" 200 2788
尝试获取知识库 38 的复盘列表，页码: 1, 每页: 10
总共找到 1 条复盘记录
返回复盘列表，当前页: 1, 每页: 10, 总数: 1
"GET /repository/comment/list?id=38&role_id=1&user_id=1&page=1&page_size=10 HTTP/1.1" 200 786
"GET /repository/review/list?id=38&page=1&page_size=10 HTTP/1.1" 200 540
"GET /repository/detail?id=38 HTTP/1.1" 200 2788
"GET /repository/associated-events?id=38 HTTP/1.1" 200 2082
"POST /repository/search HTTP/1.1" 200 18853
"GET /repository/history?id=42 HTTP/1.1" 200 327
"GET /repository/history?id=43 HTTP/1.1" 200 329
"GET /repository/history?id=44 HTTP/1.1" 200 378
"GET /repository/history?id=40 HTTP/1.1" 200 343
"GET /repository/history?id=39 HTTP/1.1" 200 343
"GET /repository/history?id=41 HTTP/1.1" 200 361
"GET /repository/history?id=37 HTTP/1.1" 200 931
"GET /repository/history?id=36 HTTP/1.1" 200 890
"GET /repository/history?id=38 HTTP/1.1" 200 609
"GET /repository/history?id=35 HTTP/1.1" 200 987
"POST /user/login?username=gaodi&password=123456&rememberMe=true HTTP/1.1" 200 1564
"POST /repository/search HTTP/1.1" 200 18848
"GET /repository/history?id=39 HTTP/1.1" 200 343
"GET /repository/history?id=43 HTTP/1.1" 200 329
"GET /repository/history?id=40 HTTP/1.1" 200 343
"GET /repository/history?id=41 HTTP/1.1" 200 361
"GET /repository/history?id=42 HTTP/1.1" 200 327
"GET /repository/history?id=44 HTTP/1.1" 200 378
"GET /repository/history?id=38 HTTP/1.1" 200 609
"GET /repository/history?id=37 HTTP/1.1" 200 931
"GET /repository/history?id=36 HTTP/1.1" 200 890
"GET /repository/history?id=35 HTTP/1.1" 200 987
尝试获取知识库 35 的复盘列表，页码: 1, 每页: 10
总共找到 1 条复盘记录
返回复盘列表，当前页: 1, 每页: 10, 总数: 1
"GET /repository/review/list?id=35&page=1&page_size=10 HTTP/1.1" 200 500
"GET /repository/comment/list?id=35&role_id=2&user_id=42&page=1&page_size=10 HTTP/1.1" 200 277
"GET /repository/detail?id=35 HTTP/1.1" 200 2461
"GET /repository/associated-events?id=35 HTTP/1.1" 200 2004
"GET /repository/detail?id=34 HTTP/1.1" 200 734
"GET /repository/detail?id=37 HTTP/1.1" 200 6170
尝试获取知识库 37 的复盘列表，页码: 1, 每页: 10
总共找到 1 条复盘记录
返回复盘列表，当前页: 1, 每页: 10, 总数: 1
"GET /repository/comment/list?id=37&role_id=2&user_id=42&page=1&page_size=10 HTTP/1.1" 200 291
"GET /repository/review/list?id=37&page=1&page_size=10 HTTP/1.1" 200 540
"GET /repository/detail?id=37 HTTP/1.1" 200 6170
"GET /repository/associated-events?id=37 HTTP/1.1" 200 2010
尝试获取知识库 44 的复盘列表，页码: 1, 每页: 10
总共找到 0 条复盘记录
返回复盘列表，当前页: 1, 每页: 10, 总数: 0
"GET /repository/review/list?id=44&page=1&page_size=10 HTTP/1.1" 200 90
"GET /repository/comment/list?id=44&role_id=1&user_id=1&page=1&page_size=10 HTTP/1.1" 200 91
"GET /repository/detail?id=44 HTTP/1.1" 200 774
"GET /repository/associated-events?id=44 HTTP/1.1" 200 286
"POST /event/search HTTP/1.1" 200 820
"GET /event/dept/list HTTP/1.1" 200 488
"GET /event/user/list HTTP/1.1" 200 1376
"GET /event/action?id=7 HTTP/1.1" 200 444
"POST /event/search HTTP/1.1" 200 820
"POST /event/search HTTP/1.1" 200 820
"POST /classify/search HTTP/1.1" 200 2081
"POST /event/search HTTP/1.1" 200 820
尝试获取知识库 37 的复盘列表，页码: 1, 每页: 10
总共找到 1 条复盘记录
返回复盘列表，当前页: 1, 每页: 10, 总数: 1
"GET /repository/review/list?id=37&page=1&page_size=10 HTTP/1.1" 200 540
"GET /repository/comment/list?id=37&role_id=2&user_id=42&page=1&page_size=10 HTTP/1.1" 200 291
"GET /repository/detail?id=37 HTTP/1.1" 200 6170
"GET /repository/associated-events?id=37 HTTP/1.1" 200 2010
"POST /repository/search HTTP/1.1" 200 18848
"GET /repository/history?id=43 HTTP/1.1" 200 329
"GET /repository/history?id=44 HTTP/1.1" 200 378
"GET /repository/history?id=41 HTTP/1.1" 200 361
"GET /repository/history?id=38 HTTP/1.1" 200 609
"GET /repository/history?id=37 HTTP/1.1" 200 931
"GET /repository/history?id=42 HTTP/1.1" 200 327
"GET /repository/history?id=40 HTTP/1.1" 200 343
"GET /repository/history?id=39 HTTP/1.1" 200 343
"GET /repository/history?id=35 HTTP/1.1" 200 987
"GET /repository/history?id=36 HTTP/1.1" 200 890
"POST /user/login?username=admin&password=1234567&rememberMe=true HTTP/1.1" 200 5562
"POST /repository/search HTTP/1.1" 200 18853
"GET /repository/history?id=41 HTTP/1.1" 200 361
"GET /repository/history?id=39 HTTP/1.1" 200 343
"GET /repository/history?id=43 HTTP/1.1" 200 329
"GET /repository/history?id=40 HTTP/1.1" 200 343
"GET /repository/history?id=42 HTTP/1.1" 200 327
"GET /repository/history?id=44 HTTP/1.1" 200 378
"GET /repository/history?id=38 HTTP/1.1" 200 609
"GET /repository/history?id=37 HTTP/1.1" 200 931
"GET /repository/history?id=35 HTTP/1.1" 200 987
"GET /repository/history?id=36 HTTP/1.1" 200 890
"POST /user/search HTTP/1.1" 200 7784
页面大小: 10, 页码: 1
"POST /role/search HTTP/1.1" 200 1298
菜单查询集: <QuerySet [<SysMenu: SysMenu object (1)>, <SysMenu: SysMenu object (3)>, <SysMenu: SysMenu object (11)>, <SysMenu: SysMenu object (2)>, <SysMenu: SysMenu object (4)>, <SysMenu: SysMenu object (5)>, <SysMenu: SysMenu object (14)>, <SysMenu: SysMenu object (6)>, <SysMenu: SysMenu object (17)>, <SysMenu: SysMenu object (7)>, <SysMenu: SysMenu object (16)>, <SysMenu: SysMenu object (8)>, <SysMenu: SysMenu object (18)>, <SysMenu: SysMenu object (19)>, <SysMenu: SysMenu object (20)>, <SysMenu: SysMenu object (21)>]>
菜单树结果: [<SysMenu: SysMenu object (1)>, <SysMenu: SysMenu object (2)>]
"GET /menu/treeList HTTP/1.1" 200 4551
页面大小: 10, 页码: 1
"POST /role/search HTTP/1.1" 200 1298
"POST /user/search HTTP/1.1" 200 7784
"POST /event/search HTTP/1.1" 200 820
"POST /classify/search HTTP/1.1" 200 2081
"GET /department/treeList HTTP/1.1" 200 2344
"POST /post/search HTTP/1.1" 200 1638
"POST /post/search HTTP/1.1" 200 1630
"POST /post/search HTTP/1.1" 200 209
"POST /level/search HTTP/1.1" 200 634
"POST /classify/search HTTP/1.1" 200 2081
"POST /event/search HTTP/1.1" 200 820
"POST /repository/search HTTP/1.1" 200 18853
"GET /repository/history?id=39 HTTP/1.1" 200 343
"GET /repository/history?id=41 HTTP/1.1" 200 361
"GET /repository/history?id=40 HTTP/1.1" 200 343
"GET /repository/history?id=44 HTTP/1.1" 200 378
"GET /repository/history?id=43 HTTP/1.1" 200 329
"GET /repository/history?id=42 HTTP/1.1" 200 327
"GET /repository/history?id=37 HTTP/1.1" 200 931
"GET /repository/history?id=38 HTTP/1.1" 200 609
"GET /repository/history?id=36 HTTP/1.1" 200 890
"GET /repository/history?id=35 HTTP/1.1" 200 987
尝试获取知识库 38 的复盘列表，页码: 1, 每页: 10
总共找到 1 条复盘记录
返回复盘列表，当前页: 1, 每页: 10, 总数: 1
"GET /repository/comment/list?id=38&role_id=1&user_id=1&page=1&page_size=10 HTTP/1.1" 200 786
"GET /repository/review/list?id=38&page=1&page_size=10 HTTP/1.1" 200 540
"GET /repository/detail?id=38 HTTP/1.1" 200 2788
"GET /repository/associated-events?id=38 HTTP/1.1" 200 2082
"POST /repository/search HTTP/1.1" 200 18853
"GET /repository/history?id=42 HTTP/1.1" 200 327
"GET /repository/history?id=41 HTTP/1.1" 200 361
"GET /repository/history?id=44 HTTP/1.1" 200 378
"GET /repository/history?id=40 HTTP/1.1" 200 343
"GET /repository/history?id=39 HTTP/1.1" 200 343
"GET /repository/history?id=43 HTTP/1.1" 200 329
"GET /repository/history?id=37 HTTP/1.1" 200 931
"GET /repository/history?id=35 HTTP/1.1" 200 987
"GET /repository/history?id=38 HTTP/1.1" 200 609
"GET /repository/history?id=36 HTTP/1.1" 200 890
"POST /repository/search HTTP/1.1" 200 18853
"GET /repository/history?id=44 HTTP/1.1" 200 378
"GET /repository/history?id=43 HTTP/1.1" 200 329
"GET /repository/history?id=39 HTTP/1.1" 200 343
"GET /repository/history?id=41 HTTP/1.1" 200 361
"GET /repository/history?id=42 HTTP/1.1" 200 327
"GET /repository/history?id=40 HTTP/1.1" 200 343
"GET /repository/history?id=37 HTTP/1.1" 200 931
"GET /repository/history?id=38 HTTP/1.1" 200 609
"GET /repository/history?id=36 HTTP/1.1" 200 890
"GET /repository/history?id=35 HTTP/1.1" 200 987
"POST /repository/search HTTP/1.1" 200 2418
"GET /repository/history?id=33 HTTP/1.1" 200 967
"GET /repository/history?id=34 HTTP/1.1" 200 959
"GET /repository/history?id=32 HTTP/1.1" 200 888
"POST /repository/search HTTP/1.1" 200 18853
"GET /repository/history?id=42 HTTP/1.1" 200 327
"GET /repository/history?id=41 HTTP/1.1" 200 361
"GET /repository/history?id=40 HTTP/1.1" 200 343
"GET /repository/history?id=44 HTTP/1.1" 200 378
"GET /repository/history?id=39 HTTP/1.1" 200 343
"GET /repository/history?id=43 HTTP/1.1" 200 329
"GET /repository/history?id=36 HTTP/1.1" 200 890
"GET /repository/history?id=38 HTTP/1.1" 200 609
"GET /repository/history?id=37 HTTP/1.1" 200 931
"GET /repository/history?id=35 HTTP/1.1" 200 987
"POST /user/login?username=admin&password=1234567&rememberMe=false HTTP/1.1" 200 5562
"GET /media/userAvatar/default.jpg HTTP/1.1" 200 9062
"POST /user/search HTTP/1.1" 200 7784
页面大小: 10, 页码: 1
"POST /role/search HTTP/1.1" 200 1298
菜单查询集: <QuerySet [<SysMenu: SysMenu object (1)>, <SysMenu: SysMenu object (3)>, <SysMenu: SysMenu object (11)>, <SysMenu: SysMenu object (2)>, <SysMenu: SysMenu object (4)>, <SysMenu: SysMenu object (5)>, <SysMenu: SysMenu object (14)>, <SysMenu: SysMenu object (6)>, <SysMenu: SysMenu object (17)>, <SysMenu: SysMenu object (7)>, <SysMenu: SysMenu object (16)>, <SysMenu: SysMenu object (8)>, <SysMenu: SysMenu object (18)>, <SysMenu: SysMenu object (19)>, <SysMenu: SysMenu object (20)>, <SysMenu: SysMenu object (21)>]>
菜单树结果: [<SysMenu: SysMenu object (1)>, <SysMenu: SysMenu object (2)>]
"GET /menu/treeList HTTP/1.1" 200 4551
页面大小: 10, 页码: 1
"POST /role/search HTTP/1.1" 200 1298
"POST /user/search HTTP/1.1" 200 7784
"POST /classify/search HTTP/1.1" 200 2081
"POST /event/search HTTP/1.1" 200 820
"GET /user/treeList HTTP/1.1" 200 19437
"GET /event/menus?id=7 HTTP/1.1" 200 46
"GET /user/treeList HTTP/1.1" 200 19437
"GET /event/menus?id=7 HTTP/1.1" 200 46
"POST /repository/search HTTP/1.1" 200 18853
"GET /repository/history?id=43 HTTP/1.1" 200 329
"GET /repository/history?id=41 HTTP/1.1" 200 361
"GET /repository/history?id=42 HTTP/1.1" 200 327
"GET /repository/history?id=44 HTTP/1.1" 200 378
"GET /repository/history?id=40 HTTP/1.1" 200 343
"GET /repository/history?id=39 HTTP/1.1" 200 343
"GET /repository/history?id=35 HTTP/1.1" 200 987
"GET /repository/history?id=38 HTTP/1.1" 200 609
"GET /repository/history?id=36 HTTP/1.1" 200 890
"GET /repository/history?id=37 HTTP/1.1" 200 931
尝试获取知识库 38 的复盘列表，页码: 1, 每页: 10
总共找到 1 条复盘记录
"GET /repository/comment/list?id=38&role_id=1&user_id=1&page=1&page_size=10 HTTP/1.1" 200 786
返回复盘列表，当前页: 1, 每页: 10, 总数: 1
"GET /repository/review/list?id=38&page=1&page_size=10 HTTP/1.1" 200 540
"GET /repository/detail?id=38 HTTP/1.1" 200 2788
"GET /repository/associated-events?id=38 HTTP/1.1" 200 2082
"POST /repository/search HTTP/1.1" 200 18853
"GET /repository/history?id=42 HTTP/1.1" 200 327
"GET /repository/history?id=40 HTTP/1.1" 200 343
"GET /repository/history?id=39 HTTP/1.1" 200 343
"GET /repository/history?id=44 HTTP/1.1" 200 378
"GET /repository/history?id=41 HTTP/1.1" 200 361
"GET /repository/history?id=43 HTTP/1.1" 200 329
"GET /repository/history?id=37 HTTP/1.1" 200 931
"GET /repository/history?id=38 HTTP/1.1" 200 609
"GET /repository/history?id=36 HTTP/1.1" 200 890
"GET /repository/history?id=35 HTTP/1.1" 200 987
"POST /repository/like HTTP/1.1" 200 76
"GET /repository/dept/list HTTP/1.1" 200 488
"GET /event/event/list HTTP/1.1" 200 307
"GET /classify/list HTTP/1.1" 200 10375
"GET /repository/user/list HTTP/1.1" 200 1376
"POST /repository/search HTTP/1.1" 200 18852
"GET /repository/history?id=43 HTTP/1.1" 200 329
"GET /repository/history?id=42 HTTP/1.1" 200 327
"GET /repository/history?id=44 HTTP/1.1" 200 378
"GET /repository/history?id=41 HTTP/1.1" 200 361
"GET /repository/history?id=39 HTTP/1.1" 200 343
"GET /repository/history?id=40 HTTP/1.1" 200 343
"GET /repository/history?id=37 HTTP/1.1" 200 931
"GET /repository/history?id=36 HTTP/1.1" 200 890
"GET /repository/history?id=38 HTTP/1.1" 200 609
"GET /repository/history?id=35 HTTP/1.1" 200 987
"POST /repository/search HTTP/1.1" 200 18852
"GET /repository/history?id=44 HTTP/1.1" 200 378
"GET /repository/history?id=42 HTTP/1.1" 200 327
"GET /repository/history?id=40 HTTP/1.1" 200 343
"GET /repository/history?id=43 HTTP/1.1" 200 329
"GET /repository/history?id=41 HTTP/1.1" 200 361
"GET /repository/history?id=39 HTTP/1.1" 200 343
"GET /repository/history?id=37 HTTP/1.1" 200 931
"GET /repository/history?id=38 HTTP/1.1" 200 609
"GET /repository/history?id=36 HTTP/1.1" 200 890
"GET /repository/history?id=35 HTTP/1.1" 200 987
"POST /user/search HTTP/1.1" 200 7784
"GET /user/post/list HTTP/1.1" 200 1020
"GET /user/level/list HTTP/1.1" 200 174
"GET /user/dept/list HTTP/1.1" 200 492
"GET /user/action?id=27 HTTP/1.1" 200 610
"GET /department/treeList HTTP/1.1" 200 2344
"POST /user/login?username=admin&password=1234567&rememberMe=true HTTP/1.1" 200 5562
"POST /repository/search HTTP/1.1" 200 18852
"GET /repository/history?id=42 HTTP/1.1" 200 327
"GET /repository/history?id=41 HTTP/1.1" 200 361
"GET /repository/history?id=43 HTTP/1.1" 200 329
"GET /repository/history?id=44 HTTP/1.1" 200 378
"GET /repository/history?id=39 HTTP/1.1" 200 343
"GET /repository/history?id=40 HTTP/1.1" 200 343
"GET /repository/history?id=36 HTTP/1.1" 200 890
"GET /repository/history?id=38 HTTP/1.1" 200 609
"GET /repository/history?id=37 HTTP/1.1" 200 931
"GET /repository/history?id=35 HTTP/1.1" 200 987
尝试获取知识库 44 的复盘列表，页码: 1, 每页: 10
总共找到 0 条复盘记录
返回复盘列表，当前页: 1, 每页: 10, 总数: 0
"GET /repository/comment/list?id=44&role_id=1&user_id=1&page=1&page_size=10 HTTP/1.1" 200 91
"GET /repository/review/list?id=44&page=1&page_size=10 HTTP/1.1" 200 90
"GET /repository/detail?id=44 HTTP/1.1" 200 774
"GET /repository/associated-events?id=44 HTTP/1.1" 200 286
"POST /user/login?username=admin&password=1234567&rememberMe=true HTTP/1.1" 200 5562
"POST /user/login?username=admin&password=1234567&rememberMe=true HTTP/1.1" 200 5562
"POST /repository/search HTTP/1.1" 200 18852
"GET /repository/history?id=41 HTTP/1.1" 200 361
"GET /repository/history?id=44 HTTP/1.1" 200 378
"GET /repository/history?id=39 HTTP/1.1" 200 343
"GET /repository/history?id=43 HTTP/1.1" 200 329
"GET /repository/history?id=42 HTTP/1.1" 200 327
"GET /repository/history?id=40 HTTP/1.1" 200 343
"GET /repository/history?id=35 HTTP/1.1" 200 987
"GET /repository/history?id=38 HTTP/1.1" 200 609
"GET /repository/history?id=36 HTTP/1.1" 200 890
"GET /repository/history?id=37 HTTP/1.1" 200 931
尝试获取知识库 44 的复盘列表，页码: 1, 每页: 10
总共找到 0 条复盘记录
返回复盘列表，当前页: 1, 每页: 10, 总数: 0
"GET /repository/review/list?id=44&page=1&page_size=10 HTTP/1.1" 200 90
"GET /repository/comment/list?id=44&role_id=1&user_id=1&page=1&page_size=10 HTTP/1.1" 200 91
"GET /repository/detail?id=44 HTTP/1.1" 200 774
"GET /repository/associated-events?id=44 HTTP/1.1" 200 286
收到复盘保存请求: {'repository_id': 44, 'reviewer_id': 1, 'what_happened': 'xx', 'what_went_well': 'xx', 'what_not_went_well': 'xx', 'lessons_learned': 'xx', 'action_items': 'xx', 'effectiveness_score': 5, 'improvement_potential': 5}
尝试保存复盘: repository_id=44, reviewer_id=1
找到知识库条目: 44
找到用户: 1
复盘记录保存成功，ID: 17
"POST /repository/review/save HTTP/1.1" 200 89
尝试获取知识库 44 的复盘列表，页码: 1, 每页: 10
总共找到 1 条复盘记录
返回复盘列表，当前页: 1, 每页: 10, 总数: 1
"GET /repository/review/list?id=44&page=1&page_size=10 HTTP/1.1" 200 460
尝试获取知识库 44 的复盘列表，页码: 1, 每页: 10
总共找到 1 条复盘记录
返回复盘列表，当前页: 1, 每页: 10, 总数: 1
"GET /repository/review/list?id=44&page=1&page_size=10 HTTP/1.1" 200 460
"POST /blacklist/search HTTP/1.1" 200 3855
"POST /manhour/search HTTP/1.1" 200 9586
"POST /event/search HTTP/1.1" 200 820
"POST /repository/search HTTP/1.1" 200 18852
"GET /repository/history?id=41 HTTP/1.1" 200 361
"GET /repository/history?id=44 HTTP/1.1" 200 378
"GET /repository/history?id=38 HTTP/1.1" 200 609
"GET /repository/history?id=40 HTTP/1.1" 200 343
"GET /repository/history?id=43 HTTP/1.1" 200 329
"GET /repository/history?id=42 HTTP/1.1" 200 327
"GET /repository/history?id=39 HTTP/1.1" 200 343
"GET /repository/history?id=36 HTTP/1.1" 200 890
"GET /repository/history?id=35 HTTP/1.1" 200 987
"GET /repository/history?id=37 HTTP/1.1" 200 931
"POST /repository/search HTTP/1.1" 200 18852
"GET /repository/history?id=42 HTTP/1.1" 200 327
"GET /repository/history?id=40 HTTP/1.1" 200 343
"GET /repository/history?id=44 HTTP/1.1" 200 378
"GET /repository/history?id=39 HTTP/1.1" 200 343
"GET /repository/history?id=41 HTTP/1.1" 200 361
"GET /repository/history?id=43 HTTP/1.1" 200 329
"GET /repository/history?id=38 HTTP/1.1" 200 609
"GET /repository/history?id=37 HTTP/1.1" 200 931
"GET /repository/history?id=35 HTTP/1.1" 200 987
"GET /repository/history?id=36 HTTP/1.1" 200 890
尝试获取知识库 44 的复盘列表，页码: 1, 每页: 10
总共找到 1 条复盘记录
"GET /repository/comment/list?id=44&role_id=1&user_id=1&page=1&page_size=10 HTTP/1.1" 200 91
返回复盘列表，当前页: 1, 每页: 10, 总数: 1
"GET /repository/review/list?id=44&page=1&page_size=10 HTTP/1.1" 200 460
"GET /repository/detail?id=44 HTTP/1.1" 200 774
"GET /repository/associated-events?id=44 HTTP/1.1" 200 286
尝试获取知识库 44 的复盘列表，页码: 1, 每页: 10
总共找到 1 条复盘记录
返回复盘列表，当前页: 1, 每页: 10, 总数: 1
"GET /repository/review/list?id=44&page=1&page_size=10 HTTP/1.1" 200 460
尝试获取知识库 44 的复盘列表，页码: 1, 每页: 10
总共找到 1 条复盘记录
"GET /repository/comment/list?id=44&role_id=1&user_id=1&page=1&page_size=10 HTTP/1.1" 200 91
返回复盘列表，当前页: 1, 每页: 10, 总数: 1
"GET /repository/review/list?id=44&page=1&page_size=10 HTTP/1.1" 200 460
"GET /repository/detail?id=44 HTTP/1.1" 200 774
"GET /repository/associated-events?id=44 HTTP/1.1" 200 286
"POST /user/login?username=admin&password=1234567&rememberMe=true HTTP/1.1" 200 5562
"POST /repository/search HTTP/1.1" 200 18852
"GET /repository/history?id=41 HTTP/1.1" 200 361
"GET /repository/history?id=40 HTTP/1.1" 200 343
"GET /repository/history?id=38 HTTP/1.1" 200 609
"GET /repository/history?id=44 HTTP/1.1" 200 378
"GET /repository/history?id=42 HTTP/1.1" 200 327
"GET /repository/history?id=43 HTTP/1.1" 200 329
"GET /repository/history?id=36 HTTP/1.1" 200 890
"GET /repository/history?id=39 HTTP/1.1" 200 343
"GET /repository/history?id=37 HTTP/1.1" 200 931
"GET /repository/history?id=35 HTTP/1.1" 200 987
"POST /user/login?username=admin&password=1234567&rememberMe=true HTTP/1.1" 200 5562
"POST /repository/search HTTP/1.1" 200 18852
"GET /repository/history?id=42 HTTP/1.1" 200 327
"GET /repository/history?id=44 HTTP/1.1" 200 378
"GET /repository/history?id=43 HTTP/1.1" 200 329
"GET /repository/history?id=38 HTTP/1.1" 200 609
"GET /repository/history?id=39 HTTP/1.1" 200 343
"GET /repository/history?id=41 HTTP/1.1" 200 361
"GET /repository/history?id=37 HTTP/1.1" 200 931
"GET /repository/history?id=35 HTTP/1.1" 200 987
"GET /repository/history?id=36 HTTP/1.1" 200 890
"GET /repository/history?id=40 HTTP/1.1" 200 343
"POST /manhour/search HTTP/1.1" 200 9586
"POST /blacklist/search HTTP/1.1" 200 3855
"POST /repository/search HTTP/1.1" 200 18852
"GET /repository/history?id=42 HTTP/1.1" 200 327
"GET /repository/history?id=39 HTTP/1.1" 200 343
"GET /repository/history?id=41 HTTP/1.1" 200 361
"GET /repository/history?id=43 HTTP/1.1" 200 329
"GET /repository/history?id=44 HTTP/1.1" 200 378
"GET /repository/history?id=40 HTTP/1.1" 200 343
"GET /repository/history?id=38 HTTP/1.1" 200 609
"GET /repository/history?id=35 HTTP/1.1" 200 987
"GET /repository/history?id=36 HTTP/1.1" 200 890
"GET /repository/history?id=37 HTTP/1.1" 200 931
"POST /repository/search HTTP/1.1" 200 18852
"GET /repository/history?id=44 HTTP/1.1" 200 378
"GET /repository/history?id=41 HTTP/1.1" 200 361
"GET /repository/history?id=43 HTTP/1.1" 200 329
"GET /repository/history?id=42 HTTP/1.1" 200 327
"GET /repository/history?id=39 HTTP/1.1" 200 343
"GET /repository/history?id=40 HTTP/1.1" 200 343
"GET /repository/history?id=38 HTTP/1.1" 200 609
"GET /repository/history?id=37 HTTP/1.1" 200 931
"GET /repository/history?id=35 HTTP/1.1" 200 987
"GET /repository/history?id=36 HTTP/1.1" 200 890
"POST /repository/search HTTP/1.1" 200 18852
"GET /repository/history?id=41 HTTP/1.1" 200 361
"GET /repository/history?id=39 HTTP/1.1" 200 343
"GET /repository/history?id=44 HTTP/1.1" 200 378
"GET /repository/history?id=40 HTTP/1.1" 200 343
"GET /repository/history?id=43 HTTP/1.1" 200 329
"GET /repository/history?id=42 HTTP/1.1" 200 327
"GET /repository/history?id=35 HTTP/1.1" 200 987
"GET /repository/history?id=36 HTTP/1.1" 200 890
"GET /repository/history?id=37 HTTP/1.1" 200 931
"GET /repository/history?id=38 HTTP/1.1" 200 609
D:\my_project\Django_admin\jj_system\file_manager\views.py changed, reloading.
D:\my_project\Django_admin\jj_system\file_manager\views.py changed, reloading.
D:\my_project\Django_admin\jj_system\file_manager\views.py changed, reloading.
D:\my_project\Django_admin\jj_system\file_manager\views.py changed, reloading.
Watching for file changes with StatReloader
Watching for file changes with StatReloader
Watching for file changes with StatReloader
Watching for file changes with StatReloader
D:\my_project\Django_admin\jj_system\file_manager\views.py changed, reloading.
D:\my_project\Django_admin\jj_system\file_manager\views.py changed, reloading.
D:\my_project\Django_admin\jj_system\file_manager\views.py changed, reloading.
D:\my_project\Django_admin\jj_system\file_manager\views.py changed, reloading.
Watching for file changes with StatReloader
Watching for file changes with StatReloader
Watching for file changes with StatReloader
Watching for file changes with StatReloader
D:\my_project\Django_admin\jj_system\file_manager\views.py changed, reloading.
D:\my_project\Django_admin\jj_system\file_manager\views.py changed, reloading.
D:\my_project\Django_admin\jj_system\file_manager\views.py changed, reloading.
D:\my_project\Django_admin\jj_system\file_manager\views.py changed, reloading.
Watching for file changes with StatReloader
Watching for file changes with StatReloader
Watching for file changes with StatReloader
Watching for file changes with StatReloader
D:\my_project\Django_admin\jj_system\file_manager\views.py changed, reloading.
Watching for file changes with StatReloader
D:\my_project\Django_admin\jj_system\file_manager\views.py changed, reloading.
D:\my_project\Django_admin\jj_system\file_manager\views.py changed, reloading.
D:\my_project\Django_admin\jj_system\file_manager\views.py changed, reloading.
Watching for file changes with StatReloader
Watching for file changes with StatReloader
Watching for file changes with StatReloader
D:\my_project\Django_admin\jj_system\file_manager\views.py changed, reloading.
Watching for file changes with StatReloader
D:\my_project\Django_admin\jj_system\file_manager\views.py changed, reloading.
D:\my_project\Django_admin\jj_system\file_manager\views.py changed, reloading.
D:\my_project\Django_admin\jj_system\file_manager\views.py changed, reloading.
Watching for file changes with StatReloader
Watching for file changes with StatReloader
Watching for file changes with StatReloader
D:\my_project\Django_admin\jj_system\file_manager\views.py changed, reloading.
D:\my_project\Django_admin\jj_system\file_manager\views.py changed, reloading.
D:\my_project\Django_admin\jj_system\file_manager\views.py changed, reloading.
D:\my_project\Django_admin\jj_system\file_manager\views.py changed, reloading.
Watching for file changes with StatReloader
Watching for file changes with StatReloader
Watching for file changes with StatReloader
Watching for file changes with StatReloader
D:\my_project\Django_admin\jj_system\file_manager\views.py changed, reloading.
D:\my_project\Django_admin\jj_system\file_manager\views.py changed, reloading.
D:\my_project\Django_admin\jj_system\file_manager\views.py changed, reloading.
Watching for file changes with StatReloader
D:\my_project\Django_admin\jj_system\file_manager\views.py changed, reloading.
Watching for file changes with StatReloader
Watching for file changes with StatReloader
Watching for file changes with StatReloader
D:\my_project\Django_admin\jj_system\file_manager\views.py changed, reloading.
D:\my_project\Django_admin\jj_system\file_manager\views.py changed, reloading.
D:\my_project\Django_admin\jj_system\file_manager\views.py changed, reloading.
D:\my_project\Django_admin\jj_system\file_manager\views.py changed, reloading.
Watching for file changes with StatReloader
Watching for file changes with StatReloader
Watching for file changes with StatReloader
Watching for file changes with StatReloader
D:\my_project\Django_admin\jj_system\menu\models.py changed, reloading.
D:\my_project\Django_admin\jj_system\menu\models.py changed, reloading.
D:\my_project\Django_admin\jj_system\menu\models.py changed, reloading.
D:\my_project\Django_admin\jj_system\menu\models.py changed, reloading.
Watching for file changes with StatReloader
Watching for file changes with StatReloader
Watching for file changes with StatReloader
Watching for file changes with StatReloader
D:\my_project\Django_admin\jj_system\menu\models.py changed, reloading.
D:\my_project\Django_admin\jj_system\menu\models.py changed, reloading.
D:\my_project\Django_admin\jj_system\menu\models.py changed, reloading.
D:\my_project\Django_admin\jj_system\menu\models.py changed, reloading.
Watching for file changes with StatReloader
Watching for file changes with StatReloader
Watching for file changes with StatReloader
Watching for file changes with StatReloader
D:\my_project\Django_admin\jj_system\user\views.py changed, reloading.
Watching for file changes with StatReloader
D:\my_project\Django_admin\jj_system\user\views.py changed, reloading.
D:\my_project\Django_admin\jj_system\user\views.py changed, reloading.
D:\my_project\Django_admin\jj_system\user\views.py changed, reloading.
Watching for file changes with StatReloader
Watching for file changes with StatReloader
Watching for file changes with StatReloader
Watching for file changes with StatReloader
D:\my_project\Django_admin\jj_system\file_manager\views.py changed, reloading.
Watching for file changes with StatReloader
D:\my_project\Django_admin\jj_system\file_manager\views.py changed, reloading.
Watching for file changes with StatReloader
"POST /user/login?username=admin&password=1234567&rememberMe=true HTTP/1.1" 200 85
"POST /user/login?username=admin&password=1234567&rememberMe=true HTTP/1.1" 200 85
"POST /user/login?username=admin&password=1234567&rememberMe=true HTTP/1.1" 200 85
D:\my_project\Django_admin\jj_system\user\views.py changed, reloading.
Watching for file changes with StatReloader
D:\my_project\Django_admin\jj_system\user\urls.py changed, reloading.
Watching for file changes with StatReloader
D:\my_project\Django_admin\jj_system\user\urls.py changed, reloading.
Watching for file changes with StatReloader
D:\my_project\Django_admin\jj_system\user\views.py changed, reloading.
Watching for file changes with StatReloader
"POST /user/login?username=admin&password=1234567&rememberMe=true HTTP/1.1" 200 85
"POST /user/login?username=admin&password=1234567&rememberMe=true HTTP/1.1" 200 85
D:\my_project\Django_admin\jj_system\user\views.py changed, reloading.
Watching for file changes with StatReloader
D:\my_project\Django_admin\jj_system\user\urls.py changed, reloading.
Watching for file changes with StatReloader
D:\my_project\Django_admin\jj_system\user\urls.py changed, reloading.
Watching for file changes with StatReloader
D:\my_project\Django_admin\jj_system\user\urls.py changed, reloading.
Watching for file changes with StatReloader
"POST /user/login?username=admin&password=1234567&rememberMe=true HTTP/1.1" 200 85
D:\my_project\Django_admin\jj_system\user\views.py changed, reloading.
Watching for file changes with StatReloader
D:\my_project\Django_admin\jj_system\user\urls.py changed, reloading.
Watching for file changes with StatReloader
"POST /user/login?username=admin&password=1234567&rememberMe=true HTTP/1.1" 200 85
D:\my_project\Django_admin\jj_system\user\urls.py changed, reloading.
Watching for file changes with StatReloader
D:\my_project\Django_admin\jj_system\user\urls.py changed, reloading.
Watching for file changes with StatReloader
D:\my_project\Django_admin\jj_system\user\views.py changed, reloading.
Watching for file changes with StatReloader
D:\my_project\Django_admin\jj_system\user\views.py changed, reloading.
Watching for file changes with StatReloader
"POST /user/login?username=admin&password=1234567&rememberMe=true HTTP/1.1" 200 85
D:\my_project\Django_admin\jj_system\user\views.py changed, reloading.
Watching for file changes with StatReloader
D:\my_project\Django_admin\jj_system\user\views.py changed, reloading.
Watching for file changes with StatReloader
"GET /user/check-admin HTTP/1.1" 200 53
D:\my_project\Django_admin\jj_system\user\views.py changed, reloading.
Watching for file changes with StatReloader
D:\my_project\Django_admin\jj_system\user\urls.py changed, reloading.
Watching for file changes with StatReloader
D:\my_project\Django_admin\jj_system\user\urls.py changed, reloading.
Watching for file changes with StatReloader
D:\my_project\Django_admin\jj_system\user\views.py changed, reloading.
Watching for file changes with StatReloader
"POST /user/login?username=admin&password=1234567&rememberMe=true HTTP/1.1" 200 85
"POST /user/login?username=gaodi&password=123456&rememberMe=true HTTP/1.1" 200 85
"GET /user/check-admin HTTP/1.1" 200 53
"GET /user/list HTTP/1.1" 200 53
"GET / HTTP/1.1" 200 53
"GET /favicon.ico HTTP/1.1" 200 53
"POST /user/login?username=admin&password=1234567&rememberMe=true HTTP/1.1" 200 85
Watching for file changes with StatReloader
"POST /user/login?username=admin&password=1234567&rememberMe=true HTTP/1.1" 200 85
"POST /user/login?username=admin&password=1234567&rememberMe=true HTTP/1.1" 200 85
"GET /user/reset-admin-password HTTP/1.1" 200 53
"GET /favicon.ico HTTP/1.1" 200 53
"POST /user/login?username=admin&password=1234567&rememberMe=true HTTP/1.1" 200 85
D:\my_project\Django_admin\jj_system\user\views.py changed, reloading.
Watching for file changes with StatReloader
D:\my_project\Django_admin\jj_system\user\middleware.py changed, reloading.
Watching for file changes with StatReloader
"POST /user/login?username=admin&password=1234567&rememberMe=true HTTP/1.1" 200 85
D:\my_project\Django_admin\jj_system\user\middleware.py changed, reloading.
Watching for file changes with StatReloader
Watching for file changes with StatReloader
"POST /user/login?username=admin&password=1234567&rememberMe=true HTTP/1.1" 200 85
"POST /user/login?username=admin&password=1234567&rememberMe=true HTTP/1.1" 200 85
"POST /user/login?username=admin&password=1234567&rememberMe=true HTTP/1.1" 200 85
Watching for file changes with StatReloader
"POST /user/login?username=admin&password=1234567&rememberMe=true HTTP/1.1" 200 85
"POST /user/login?username=admin&password=1234567&rememberMe=true HTTP/1.1" 200 85
D:\my_project\Django_admin\jj_system\user\views.py changed, reloading.
Watching for file changes with StatReloader
D:\my_project\Django_admin\jj_system\user\views.py changed, reloading.
Watching for file changes with StatReloader
D:\my_project\Django_admin\jj_system\user\views.py changed, reloading.
Watching for file changes with StatReloader
登录请求 - 用户名: admin, 请求方法: POST
找到用户: admin, 用户ID: 1, 用户状态: 1
密码验证结果: False
登录失败 - 用户 admin 密码错误
"POST /user/login?username=admin&password=1234567&rememberMe=true HTTP/1.1" 200 85
D:\my_project\Django_admin\jj_system\user\views.py changed, reloading.
Watching for file changes with StatReloader
登录请求 - 用户名: admin, 请求方法: POST
找到用户: admin, 用户ID: 1, 用户状态: 1
密码验证结果: True
"POST /user/login?username=admin&password=1234567&rememberMe=true HTTP/1.1" 200 5644
"POST /user/search HTTP/1.1" 200 7866
页面大小: 10, 页码: 1
"POST /role/search HTTP/1.1" 200 1298
菜单查询集: <QuerySet [<SysMenu: SysMenu object (1)>, <SysMenu: SysMenu object (3)>, <SysMenu: SysMenu object (11)>, <SysMenu: SysMenu object (2)>, <SysMenu: SysMenu object (4)>, <SysMenu: SysMenu object (5)>, <SysMenu: SysMenu object (14)>, <SysMenu: SysMenu object (6)>, <SysMenu: SysMenu object (17)>, <SysMenu: SysMenu object (7)>, <SysMenu: SysMenu object (16)>, <SysMenu: SysMenu object (8)>, <SysMenu: SysMenu object (18)>, <SysMenu: SysMenu object (19)>, <SysMenu: SysMenu object (20)>, <SysMenu: SysMenu object (21)>]>
菜单树结果: [<SysMenu: SysMenu object (1)>, <SysMenu: SysMenu object (2)>]
"GET /menu/treeList HTTP/1.1" 200 4551
"GET /department/treeList HTTP/1.1" 200 2344
"POST /post/search HTTP/1.1" 200 1638
"POST /level/search HTTP/1.1" 200 634
"POST /classify/search HTTP/1.1" 200 2081
"POST /event/search HTTP/1.1" 200 820
"GET /user/treeList HTTP/1.1" 200 19519
"GET /event/menus?id=7 HTTP/1.1" 200 46
D:\my_project\Django_admin\jj_system\event\models.py changed, reloading.
Watching for file changes with StatReloader
D:\my_project\Django_admin\jj_system\event\views.py changed, reloading.
Watching for file changes with StatReloader
D:\my_project\Django_admin\jj_system\event\views.py changed, reloading.
Watching for file changes with StatReloader
D:\my_project\Django_admin\jj_system\event\views.py changed, reloading.
Watching for file changes with StatReloader
D:\my_project\Django_admin\jj_system\event\views.py changed, reloading.
Watching for file changes with StatReloader
D:\my_project\Django_admin\jj_system\event\views.py changed, reloading.
Watching for file changes with StatReloader
D:\my_project\Django_admin\jj_system\event\views.py changed, reloading.
Watching for file changes with StatReloader
"POST /event/search HTTP/1.1" 200 49
"POST /event/search HTTP/1.1" 200 49
D:\my_project\Django_admin\jj_system\event\models.py changed, reloading.
Watching for file changes with StatReloader
D:\my_project\Django_admin\jj_system\event\views.py changed, reloading.
Watching for file changes with StatReloader
D:\my_project\Django_admin\jj_system\event\views.py changed, reloading.
Watching for file changes with StatReloader
D:\my_project\Django_admin\jj_system\event\views.py changed, reloading.
Watching for file changes with StatReloader
D:\my_project\Django_admin\jj_system\event\views.py changed, reloading.
Watching for file changes with StatReloader
D:\my_project\Django_admin\jj_system\event\views.py changed, reloading.
Watching for file changes with StatReloader
D:\my_project\Django_admin\jj_system\event\views.py changed, reloading.
Watching for file changes with StatReloader
"POST /event/search HTTP/1.1" 200 874
登录请求 - 用户名: admin, 请求方法: POST
找到用户: admin, 用户ID: 1, 用户状态: 1
密码验证结果: True
"POST /user/login?username=admin&password=1234567&rememberMe=true HTTP/1.1" 200 5644
"POST /event/search HTTP/1.1" 200 874
"GET /event/dept/list HTTP/1.1" 200 488
"GET /event/user/list HTTP/1.1" 200 1376
"POST /event/search HTTP/1.1" 200 874
"POST /event/search HTTP/1.1" 200 874
"POST /event/search HTTP/1.1" 200 874
"GET /event/user/list HTTP/1.1" 200 1376
"GET /event/dept/list HTTP/1.1" 200 488
"GET /event/action?id=7 HTTP/1.1" 200 471
"POST /event/search HTTP/1.1" 200 874
"GET /event/dept/list HTTP/1.1" 200 488
"GET /event/user/list HTTP/1.1" 200 1376
开始处理事件保存请求
收到的数据: {'id': -1, 'dept_id': 9, 'user_id': 1, 'event_name': '信息', 'principal': 30, 'start_date': '2026-01-22', 'end_date': '2026-01-30', 'notification_time': '09:00', 'remark': ''}
处理后的数据: id=-1, dept_id=9, user_id=1, event_name=信息
新增事件成功
"POST /event/save HTTP/1.1" 200 13
"POST /event/search HTTP/1.1" 200 1307
D:\my_project\Django_admin\jj_system\event\models.py changed, reloading.
Watching for file changes with StatReloader
"POST /event/search HTTP/1.1" 200 1307
"GET /event/dept/list HTTP/1.1" 200 488
"GET /event/user/list HTTP/1.1" 200 1376
D:\my_project\Django_admin\jj_system\event\views.py changed, reloading.
Watching for file changes with StatReloader
D:\my_project\Django_admin\jj_system\event\views.py changed, reloading.
Watching for file changes with StatReloader
D:\my_project\Django_admin\jj_system\event\views.py changed, reloading.
Watching for file changes with StatReloader
D:\my_project\Django_admin\jj_system\event\views.py changed, reloading.
Watching for file changes with StatReloader
"GET /event/dept/list HTTP/1.1" 200 488
"GET /event/user/list HTTP/1.1" 200 1376
"GET /event/user/list HTTP/1.1" 200 1376
"GET /event/dept/list HTTP/1.1" 200 488
"POST /event/search HTTP/1.1" 200 1321
"GET /event/user/list HTTP/1.1" 200 1376
"GET /event/dept/list HTTP/1.1" 200 488
D:\my_project\Django_admin\jj_system\event\views.py changed, reloading.
Watching for file changes with StatReloader
登录请求 - 用户名: admin, 请求方法: POST
找到用户: admin, 用户ID: 1, 用户状态: 1
密码验证结果: True
"POST /user/login?username=admin&password=1234567&rememberMe=true HTTP/1.1" 200 5644
"POST /event/search HTTP/1.1" 200 1321
"GET /event/dept/list HTTP/1.1" 200 488
"GET /event/user/list HTTP/1.1" 200 1376
"GET /event/dept/list HTTP/1.1" 200 488
"GET /event/user/list HTTP/1.1" 200 1376
"GET /event/user/list HTTP/1.1" 200 1376
"GET /event/dept/list HTTP/1.1" 200 488
"POST /event/search HTTP/1.1" 200 1321
"GET /event/dept/list HTTP/1.1" 200 488
"GET /event/user/list HTTP/1.1" 200 1376
"GET /event/user/list HTTP/1.1" 200 1376
"GET /event/dept/list HTTP/1.1" 200 488
"GET /event/user/list HTTP/1.1" 200 1376
"GET /event/dept/list HTTP/1.1" 200 488
"GET /event/user/list HTTP/1.1" 200 1376
"GET /event/dept/list HTTP/1.1" 200 488
"POST /event/search HTTP/1.1" 200 1321
"DELETE /event/action HTTP/1.1" 200 13
"POST /event/search HTTP/1.1" 200 874
"POST /event/search HTTP/1.1" 200 874
"POST /event/search HTTP/1.1" 200 874
"GET /event/user/list HTTP/1.1" 200 1376
"GET /event/dept/list HTTP/1.1" 200 488
"POST /event/search HTTP/1.1" 200 874
"GET /event/dept/list HTTP/1.1" 200 488
"GET /event/user/list HTTP/1.1" 200 1376
"GET /event/action?id=7 HTTP/1.1" 200 471
"GET /event/user/list HTTP/1.1" 200 1376
"GET /event/dept/list HTTP/1.1" 200 488
"GET /event/action?id=7 HTTP/1.1" 200 471
"GET /event/user/list HTTP/1.1" 200 1376
"GET /event/dept/list HTTP/1.1" 200 488
"GET /event/action?id=7 HTTP/1.1" 200 471
"GET /event/dept/list HTTP/1.1" 200 488
"GET /event/user/list HTTP/1.1" 200 1376
"GET /event/action?id=7 HTTP/1.1" 200 471
"GET /event/user/list HTTP/1.1" 200 1376
"GET /event/dept/list HTTP/1.1" 200 488
"GET /event/action?id=7 HTTP/1.1" 200 471
"POST /user/search HTTP/1.1" 200 7866
页面大小: 10, 页码: 1
"POST /role/search HTTP/1.1" 200 1298
菜单查询集: <QuerySet [<SysMenu: SysMenu object (1)>, <SysMenu: SysMenu object (3)>, <SysMenu: SysMenu object (11)>, <SysMenu: SysMenu object (2)>, <SysMenu: SysMenu object (4)>, <SysMenu: SysMenu object (5)>, <SysMenu: SysMenu object (14)>, <SysMenu: SysMenu object (6)>, <SysMenu: SysMenu object (17)>, <SysMenu: SysMenu object (7)>, <SysMenu: SysMenu object (16)>, <SysMenu: SysMenu object (8)>, <SysMenu: SysMenu object (18)>, <SysMenu: SysMenu object (19)>, <SysMenu: SysMenu object (20)>, <SysMenu: SysMenu object (21)>]>
菜单树结果: [<SysMenu: SysMenu object (1)>, <SysMenu: SysMenu object (2)>]
"GET /menu/treeList HTTP/1.1" 200 4551
"GET /department/treeList HTTP/1.1" 200 2344
"POST /post/search HTTP/1.1" 200 1638
"POST /level/search HTTP/1.1" 200 634
"POST /classify/search HTTP/1.1" 200 2081
"POST /event/search HTTP/1.1" 200 874
"POST /blacklist/search HTTP/1.1" 200 3855
"POST /manhour/search HTTP/1.1" 200 9586
"POST /repository/search HTTP/1.1" 200 18852
"GET /repository/history?id=40 HTTP/1.1" 200 343
"GET /repository/history?id=39 HTTP/1.1" 200 343
"GET /repository/history?id=41 HTTP/1.1" 200 361
"GET /repository/history?id=43 HTTP/1.1" 200 329
"GET /repository/history?id=38 HTTP/1.1" 200 609
"GET /repository/history?id=44 HTTP/1.1" 200 378
"GET /repository/history?id=42 HTTP/1.1" 200 327
"GET /repository/history?id=35 HTTP/1.1" 200 987
"GET /repository/history?id=37 HTTP/1.1" 200 931
"GET /repository/history?id=36 HTTP/1.1" 200 890
"POST /items/search HTTP/1.1" 200 2016
"POST /repository/search HTTP/1.1" 200 18852
"GET /repository/history?id=43 HTTP/1.1" 200 329
"GET /repository/history?id=44 HTTP/1.1" 200 378
"GET /repository/history?id=40 HTTP/1.1" 200 343
"GET /repository/history?id=39 HTTP/1.1" 200 343
"GET /repository/history?id=42 HTTP/1.1" 200 327
"GET /repository/history?id=41 HTTP/1.1" 200 361
"GET /repository/history?id=36 HTTP/1.1" 200 890
"GET /repository/history?id=37 HTTP/1.1" 200 931
"GET /repository/history?id=38 HTTP/1.1" 200 609
"GET /repository/history?id=35 HTTP/1.1" 200 987
尝试获取知识库 44 的复盘列表，页码: 1, 每页: 10
总共找到 1 条复盘记录
"GET /repository/comment/list?id=44&role_id=1&user_id=1&page=1&page_size=10 HTTP/1.1" 200 91
返回复盘列表，当前页: 1, 每页: 10, 总数: 1
"GET /repository/review/list?id=44&page=1&page_size=10 HTTP/1.1" 200 460
"GET /repository/detail?id=44 HTTP/1.1" 200 774
"GET /repository/associated-events?id=44 HTTP/1.1" 200 286
D:\my_project\Django_admin\jj_system\repository\views_review.py changed, reloading.
Watching for file changes with StatReloader
D:\my_project\Django_admin\jj_system\repository\views_review.py changed, reloading.
Watching for file changes with StatReloader
D:\my_project\Django_admin\jj_system\repository\views_review.py changed, reloading.
Watching for file changes with StatReloader
尝试获取知识库 44 的复盘列表，页码: 1, 每页: 10
总共找到 1 条复盘记录
返回复盘列表，当前页: 1, 每页: 10, 总数: 1
"GET /repository/review/list?id=44&page=1&page_size=10 HTTP/1.1" 200 460
尝试获取知识库 44 的复盘列表，页码: 1, 每页: 10
总共找到 1 条复盘记录
返回复盘列表，当前页: 1, 每页: 10, 总数: 1
"GET /repository/review/list?id=44&page=1&page_size=10 HTTP/1.1" 200 460
尝试获取知识库 44 的复盘列表，页码: 1, 每页: 10
总共找到 1 条复盘记录
"GET /repository/comment/list?id=44&role_id=1&user_id=1&page=1&page_size=10 HTTP/1.1" 200 91
返回复盘列表，当前页: 1, 每页: 10, 总数: 1
"GET /repository/review/list?id=44&page=1&page_size=10 HTTP/1.1" 200 460
"GET /repository/detail?id=44 HTTP/1.1" 200 774
"GET /repository/associated-events?id=44 HTTP/1.1" 200 286
D:\my_project\Django_admin\jj_system\repository\views_review.py changed, reloading.
Watching for file changes with StatReloader
登录请求 - 用户名: gaodi, 请求方法: POST
找到用户: gaodi, 用户ID: 42, 用户状态: 1
密码验证结果: False
登录失败 - 用户 gaodi 密码错误
"POST /user/login?username=gaodi&password=1234567&rememberMe=true HTTP/1.1" 200 85
登录请求 - 用户名: gaodi, 请求方法: POST
找到用户: gaodi, 用户ID: 42, 用户状态: 1
密码验证结果: False
登录失败 - 用户 gaodi 密码错误
"POST /user/login?username=gaodi&password=123456&rememberMe=true HTTP/1.1" 200 85
登录请求 - 用户名: gaodi, 请求方法: POST
找到用户: gaodi, 用户ID: 42, 用户状态: 1
密码验证结果: False
登录失败 - 用户 gaodi 密码错误
"POST /user/login?username=gaodi&password=123456&rememberMe=true HTTP/1.1" 200 85
登录请求 - 用户名: gaodi, 请求方法: POST
找到用户: gaodi, 用户ID: 42, 用户状态: 1
密码验证结果: False
登录失败 - 用户 gaodi 密码错误
"POST /user/login?username=gaodi&password=123456&rememberMe=true HTTP/1.1" 200 85
登录请求 - 用户名: admin, 请求方法: POST
找到用户: admin, 用户ID: 1, 用户状态: 1
密码验证结果: True
"POST /user/login?username=admin&password=1234567&rememberMe=true HTTP/1.1" 200 5644
"POST /user/search HTTP/1.1" 200 7866
"POST /user/search HTTP/1.1" 200 7291
"POST /user/status HTTP/1.1" 200 13
"POST /user/status HTTP/1.1" 200 13
"POST /user/search HTTP/1.1" 200 7473
"POST /user/search HTTP/1.1" 200 775
"POST /user/search HTTP/1.1" 200 7866
登录请求 - 用户名: chenyong, 请求方法: POST
找到用户: chenyong, 用户ID: 27, 用户状态: 1
密码验证结果: False
登录失败 - 用户 chenyong 密码错误
"POST /user/login?username=chenyong&password=123456&rememberMe=true HTTP/1.1" 200 85
登录请求 - 用户名: chenyong, 请求方法: POST
找到用户: chenyong, 用户ID: 27, 用户状态: 1
密码验证结果: False
登录失败 - 用户 chenyong 密码错误
"POST /user/login?username=chenyong&password=123456&rememberMe=true HTTP/1.1" 200 85
登录请求 - 用户名: chenyong, 请求方法: POST
找到用户: chenyong, 用户ID: 27, 用户状态: 1
密码验证结果: True
"POST /user/login?username=chenyong&password=123456&rememberMe=true HTTP/1.1" 200 1646
"POST /repository/search HTTP/1.1" 200 18809
"GET /repository/history?id=38 HTTP/1.1" 200 609
"GET /repository/history?id=40 HTTP/1.1" 200 343
"GET /repository/history?id=42 HTTP/1.1" 200 327
"GET /repository/history?id=41 HTTP/1.1" 200 361
"GET /repository/history?id=43 HTTP/1.1" 200 329
"GET /repository/history?id=39 HTTP/1.1" 200 343
"GET /repository/history?id=35 HTTP/1.1" 200 987
"GET /repository/history?id=37 HTTP/1.1" 200 931
"GET /repository/history?id=34 HTTP/1.1" 200 959
"GET /repository/history?id=36 HTTP/1.1" 200 890
尝试获取知识库 43 的复盘列表，页码: 1, 每页: 10
总共找到 0 条复盘记录
返回复盘列表，当前页: 1, 每页: 10, 总数: 0
"GET /repository/review/list?id=43&page=1&page_size=10 HTTP/1.1" 200 90
"GET /repository/comment/list?id=43&role_id=2&user_id=27&page=1&page_size=10 HTTP/1.1" 200 91
"GET /repository/detail?id=43 HTTP/1.1" 200 763
"GET /repository/associated-events?id=43 HTTP/1.1" 200 2114
"POST /repository/search HTTP/1.1" 200 18809
"GET /repository/history?id=43 HTTP/1.1" 200 329
"GET /repository/history?id=39 HTTP/1.1" 200 343
"GET /repository/history?id=41 HTTP/1.1" 200 361
"GET /repository/history?id=38 HTTP/1.1" 200 609
"GET /repository/history?id=40 HTTP/1.1" 200 343
"GET /repository/history?id=42 HTTP/1.1" 200 327
"GET /repository/history?id=35 HTTP/1.1" 200 987
"GET /repository/history?id=34 HTTP/1.1" 200 959
"GET /repository/history?id=37 HTTP/1.1" 200 931
"GET /repository/history?id=36 HTTP/1.1" 200 890
登录请求 - 用户名: admin, 请求方法: POST
找到用户: admin, 用户ID: 1, 用户状态: 1
密码验证结果: False
登录失败 - 用户 admin 密码错误
"POST /user/login?username=admin&password=123456&rememberMe=true HTTP/1.1" 200 85
登录请求 - 用户名: admin, 请求方法: POST
找到用户: admin, 用户ID: 1, 用户状态: 1
密码验证结果: True
"POST /user/login?username=admin&password=1234567&rememberMe=true HTTP/1.1" 200 5644
"POST /repository/search HTTP/1.1" 200 18852
"GET /repository/history?id=41 HTTP/1.1" 200 361
"GET /repository/history?id=44 HTTP/1.1" 200 378
"GET /repository/history?id=42 HTTP/1.1" 200 327
"GET /repository/history?id=43 HTTP/1.1" 200 329
"GET /repository/history?id=40 HTTP/1.1" 200 343
"GET /repository/history?id=39 HTTP/1.1" 200 343
"GET /repository/history?id=38 HTTP/1.1" 200 609
"GET /repository/history?id=35 HTTP/1.1" 200 987
"GET /repository/history?id=37 HTTP/1.1" 200 931
"GET /repository/history?id=36 HTTP/1.1" 200 890
尝试获取知识库 44 的复盘列表，页码: 1, 每页: 10
总共找到 1 条复盘记录
返回复盘列表，当前页: 1, 每页: 10, 总数: 1
"GET /repository/comment/list?id=44&role_id=1&user_id=1&page=1&page_size=10 HTTP/1.1" 200 91
"GET /repository/review/list?id=44&page=1&page_size=10 HTTP/1.1" 200 460
"GET /repository/detail?id=44 HTTP/1.1" 200 774
"GET /repository/associated-events?id=44 HTTP/1.1" 200 286
"POST /repository/search HTTP/1.1" 200 18852
"GET /repository/history?id=44 HTTP/1.1" 200 378
"GET /repository/history?id=40 HTTP/1.1" 200 343
"GET /repository/history?id=43 HTTP/1.1" 200 329
"GET /repository/history?id=41 HTTP/1.1" 200 361
"GET /repository/history?id=42 HTTP/1.1" 200 327
"GET /repository/history?id=39 HTTP/1.1" 200 343
"GET /repository/history?id=38 HTTP/1.1" 200 609
"GET /repository/history?id=36 HTTP/1.1" 200 890
"GET /repository/history?id=37 HTTP/1.1" 200 931
"GET /repository/history?id=35 HTTP/1.1" 200 987
尝试获取知识库 43 的复盘列表，页码: 1, 每页: 10
总共找到 0 条复盘记录
返回复盘列表，当前页: 1, 每页: 10, 总数: 0
"GET /repository/review/list?id=43&page=1&page_size=10 HTTP/1.1" 200 90
"GET /repository/comment/list?id=43&role_id=1&user_id=1&page=1&page_size=10 HTTP/1.1" 200 91
"GET /repository/detail?id=43 HTTP/1.1" 200 763
"GET /repository/associated-events?id=43 HTTP/1.1" 200 2114
收到复盘保存请求: {'repository_id': 43, 'reviewer_id': 1, 'what_happened': 'xx', 'what_went_well': 'xx', 'what_not_went_well': 'xx', 'lessons_learned': 'xx', 'action_items': 'xx', 'effectiveness_score': 5, 'improvement_potential': 5}
尝试保存复盘: repository_id=43, reviewer_id=1
找到知识库条目: 43
找到用户: 1
复盘记录保存成功，ID: 18
"POST /repository/review/save HTTP/1.1" 200 89
尝试获取知识库 43 的复盘列表，页码: 1, 每页: 10
总共找到 1 条复盘记录
返回复盘列表，当前页: 1, 每页: 10, 总数: 1
"GET /repository/review/list?id=43&page=1&page_size=10 HTTP/1.1" 200 460
登录请求 - 用户名: gaodi, 请求方法: POST
找到用户: gaodi, 用户ID: 42, 用户状态: 1
密码验证结果: True
"POST /user/login?username=gaodi&password=123456&rememberMe=true HTTP/1.1" 200 1647
"POST /repository/search HTTP/1.1" 200 18852
"GET /repository/history?id=40 HTTP/1.1" 200 343
"GET /repository/history?id=39 HTTP/1.1" 200 343
"GET /repository/history?id=42 HTTP/1.1" 200 327
"GET /repository/history?id=41 HTTP/1.1" 200 361
"GET /repository/history?id=44 HTTP/1.1" 200 378
"GET /repository/history?id=43 HTTP/1.1" 200 329
"GET /repository/history?id=36 HTTP/1.1" 200 890
"GET /repository/history?id=38 HTTP/1.1" 200 609
"GET /repository/history?id=37 HTTP/1.1" 200 931
"GET /repository/history?id=35 HTTP/1.1" 200 987
"POST /repository/search HTTP/1.1" 200 18848
"GET /repository/history?id=40 HTTP/1.1" 200 343
"GET /repository/history?id=41 HTTP/1.1" 200 361
"GET /repository/history?id=44 HTTP/1.1" 200 378
"GET /repository/history?id=43 HTTP/1.1" 200 329
"GET /repository/history?id=39 HTTP/1.1" 200 343
"GET /repository/history?id=42 HTTP/1.1" 200 327
"GET /repository/history?id=38 HTTP/1.1" 200 609
"GET /repository/history?id=36 HTTP/1.1" 200 890
"GET /repository/history?id=37 HTTP/1.1" 200 931
"GET /repository/history?id=35 HTTP/1.1" 200 987
尝试获取知识库 43 的复盘列表，页码: 1, 每页: 10
总共找到 1 条复盘记录
返回复盘列表，当前页: 1, 每页: 10, 总数: 1
"GET /repository/comment/list?id=43&role_id=2&user_id=42&page=1&page_size=10 HTTP/1.1" 200 91
"GET /repository/review/list?id=43&page=1&page_size=10 HTTP/1.1" 200 460
"GET /repository/detail?id=43 HTTP/1.1" 200 763
"GET /repository/associated-events?id=43 HTTP/1.1" 200 2114
登录请求 - 用户名: admin, 请求方法: POST
找到用户: admin, 用户ID: 1, 用户状态: 1
密码验证结果: True
"POST /user/login?username=admin&password=1234567&rememberMe=true HTTP/1.1" 200 5644
"POST /event/search HTTP/1.1" 200 874
"GET /event/user/list HTTP/1.1" 200 1376
"GET /event/dept/list HTTP/1.1" 200 488
开始处理事件保存请求
收到的数据: {'id': -1, 'dept_id': 9, 'user_id': 1, 'event_name': '测试', 'principal': 42, 'start_date': '2026-01-23', 'end_date': '2026-01-30', 'notification_time': '2026-01-26 10:00:00', 'remark': ''}
处理后的数据: id=-1, dept_id=9, user_id=1, event_name=测试
新增事件成功
"POST /event/save HTTP/1.1" 200 13
"POST /event/search HTTP/1.1" 200 1315
"GET /user/treeList HTTP/1.1" 200 21998
"GET /event/menus?id=23 HTTP/1.1" 200 32
事件数据: {'id': 23, 'menuIds': [42, 49, 66]}
事件ID: 23
事件ID: 23, 用户ID列表: [42, 49, 66]
"POST /event/grant HTTP/1.1" 200 13
"POST /event/search HTTP/1.1" 200 1315
"POST /repository/search HTTP/1.1" 200 18852
"GET /repository/history?id=42 HTTP/1.1" 200 327
"GET /repository/history?id=41 HTTP/1.1" 200 361
"GET /repository/history?id=43 HTTP/1.1" 200 329
"GET /repository/history?id=39 HTTP/1.1" 200 343
"GET /repository/history?id=40 HTTP/1.1" 200 343
"GET /repository/history?id=44 HTTP/1.1" 200 378
"GET /repository/history?id=38 HTTP/1.1" 200 609
"GET /repository/history?id=35 HTTP/1.1" 200 987
"GET /repository/history?id=37 HTTP/1.1" 200 931
"GET /repository/history?id=36 HTTP/1.1" 200 890
登录请求 - 用户名: gaodi, 请求方法: POST
找到用户: gaodi, 用户ID: 42, 用户状态: 1
密码验证结果: True
"POST /user/login?username=gaodi&password=123456&rememberMe=true HTTP/1.1" 200 1647
"POST /repository/search HTTP/1.1" 200 18848
"GET /repository/history?id=43 HTTP/1.1" 200 329
"GET /repository/history?id=39 HTTP/1.1" 200 343
"GET /repository/history?id=42 HTTP/1.1" 200 327
"GET /repository/history?id=44 HTTP/1.1" 200 378
"GET /repository/history?id=41 HTTP/1.1" 200 361
"GET /repository/history?id=40 HTTP/1.1" 200 343
"GET /repository/history?id=35 HTTP/1.1" 200 987
"GET /repository/history?id=36 HTTP/1.1" 200 890
"GET /repository/history?id=38 HTTP/1.1" 200 609
"GET /repository/history?id=37 HTTP/1.1" 200 931
"GET /repository/dept/list HTTP/1.1" 200 488
"GET /repository/user/list HTTP/1.1" 200 1376
"GET /event/event/list HTTP/1.1" 200 459
"GET /classify/list HTTP/1.1" 200 10375
"POST /repository/save HTTP/1.1" 200 457
"POST /repository/search HTTP/1.1" 200 17178
"GET /repository/history?id=40 HTTP/1.1" 200 343
"GET /repository/history?id=44 HTTP/1.1" 200 378
"GET /repository/history?id=45 HTTP/1.1" 200 408
"GET /repository/history?id=41 HTTP/1.1" 200 361
"GET /repository/history?id=43 HTTP/1.1" 200 329
"GET /repository/history?id=42 HTTP/1.1" 200 327
"GET /repository/history?id=36 HTTP/1.1" 200 890
"GET /repository/history?id=37 HTTP/1.1" 200 931
"GET /repository/history?id=39 HTTP/1.1" 200 343
"GET /repository/history?id=38 HTTP/1.1" 200 609
登录请求 - 用户名: admin, 请求方法: POST
找到用户: admin, 用户ID: 1, 用户状态: 1
密码验证结果: True
"POST /user/login?username=admin&password=1234567&rememberMe=true HTTP/1.1" 200 5644
D:\my_project\Django_admin\jj_system\file_manager\serializers.py changed, reloading.
Watching for file changes with StatReloader
D:\my_project\Django_admin\jj_system\file_manager\serializers.py changed, reloading.
Watching for file changes with StatReloader
登录请求 - 用户名: admin, 请求方法: POST
找到用户: admin, 用户ID: 1, 用户状态: 1
密码验证结果: True
"POST /user/login?username=admin&password=1234567&rememberMe=true HTTP/1.1" 200 5644
Watching for file changes with StatReloader
"GET /files/list/?page=1&page_size=10 HTTP/1.1" 200 82
"GET /files/list/?page=1&page_size=10 HTTP/1.1" 200 82
"GET /files/list/?page=1&page_size=10 HTTP/1.1" 200 82
"GET /files/list/?page=1&page_size=10 HTTP/1.1" 200 82
"GET /files/list/?page=1&page_size=10 HTTP/1.1" 200 82
"GET /files/list/?page=1&page_size=10 HTTP/1.1" 200 82
"GET /files/list/?page=1&page_size=10 HTTP/1.1" 200 82
"POST /files/upload/ HTTP/1.1" 201 556
"GET /files/list/?page=1&page_size=10 HTTP/1.1" 200 597
"GET /files/list/?page=1&page_size=10 HTTP/1.1" 200 597
"GET /files/list/?page=1&page_size=10 HTTP/1.1" 200 597
"GET /files/list/?page=1&page_size=10 HTTP/1.1" 200 597
"GET /files/list/?page=1&page_size=10 HTTP/1.1" 200 597
"GET /files/list/?page=1&page_size=10 HTTP/1.1" 200 597
"GET /files/list/?page=1&page_size=10 HTTP/1.1" 200 597
"GET /files/list/?page=1&page_size=10 HTTP/1.1" 200 597
"GET /files/list/?page=1&page_size=10 HTTP/1.1" 200 597
D:\my_project\Django_admin\jj_system\file_manager\views.py changed, reloading.
Watching for file changes with StatReloader
D:\my_project\Django_admin\jj_system\file_manager\views.py changed, reloading.
Watching for file changes with StatReloader
"GET /files/list/?page=1&page_size=10 HTTP/1.1" 200 597
登录请求 - 用户名: gaodi, 请求方法: POST
找到用户: gaodi, 用户ID: 42, 用户状态: 1
密码验证结果: True
"POST /user/login?username=gaodi&password=123456&rememberMe=true HTTP/1.1" 200 1647
登录请求 - 用户名: admin, 请求方法: POST
找到用户: admin, 用户ID: 1, 用户状态: 1
密码验证结果: True
"POST /user/login?username=admin&password=1234567&rememberMe=true HTTP/1.1" 200 5644
页面大小: 10, 页码: 1
"POST /role/search HTTP/1.1" 200 1298
菜单查询集: <QuerySet [<SysMenu: SysMenu object (1)>, <SysMenu: SysMenu object (3)>, <SysMenu: SysMenu object (11)>, <SysMenu: SysMenu object (2)>, <SysMenu: SysMenu object (4)>, <SysMenu: SysMenu object (5)>, <SysMenu: SysMenu object (14)>, <SysMenu: SysMenu object (6)>, <SysMenu: SysMenu object (17)>, <SysMenu: SysMenu object (7)>, <SysMenu: SysMenu object (16)>, <SysMenu: SysMenu object (8)>, <SysMenu: SysMenu object (18)>, <SysMenu: SysMenu object (19)>, <SysMenu: SysMenu object (20)>, <SysMenu: SysMenu object (21)>]>
菜单树结果: [<SysMenu: SysMenu object (1)>, <SysMenu: SysMenu object (2)>]
"GET /menu/treeList HTTP/1.1" 200 4551
"GET /role/menus?id=2 HTTP/1.1" 200 36
角色ID: 2, 菜单ID列表: [2, 17, 20]
"POST /role/grant HTTP/1.1" 200 13
页面大小: 10, 页码: 1
菜单查询集: <QuerySet [<SysMenu: SysMenu object (1)>, <SysMenu: SysMenu object (3)>, <SysMenu: SysMenu object (11)>, <SysMenu: SysMenu object (2)>, <SysMenu: SysMenu object (4)>, <SysMenu: SysMenu object (5)>, <SysMenu: SysMenu object (14)>, <SysMenu: SysMenu object (6)>, <SysMenu: SysMenu object (17)>, <SysMenu: SysMenu object (7)>, <SysMenu: SysMenu object (16)>, <SysMenu: SysMenu object (8)>, <SysMenu: SysMenu object (18)>, <SysMenu: SysMenu object (19)>, <SysMenu: SysMenu object (20)>, <SysMenu: SysMenu object (21)>]>
菜单树结果: [<SysMenu: SysMenu object (1)>, <SysMenu: SysMenu object (2)>]
"GET /menu/treeList HTTP/1.1" 200 4551
"POST /role/search HTTP/1.1" 200 1298
"GET /role/menus?id=2 HTTP/1.1" 200 40
登录请求 - 用户名: gaodi, 请求方法: POST
找到用户: gaodi, 用户ID: 42, 用户状态: 1
密码验证结果: True
"POST /user/login?username=gaodi&password=123456&rememberMe=true HTTP/1.1" 200 1922
Unauthorized: /files/list/
"GET /files/list/?page=1&page_size=10 HTTP/1.1" 401 55
登录请求 - 用户名: gaodi, 请求方法: POST
找到用户: gaodi, 用户ID: 42, 用户状态: 1
密码验证结果: True
"POST /user/login?username=gaodi&password=123456&rememberMe=true HTTP/1.1" 200 1922
Unauthorized: /files/list/
"GET /files/list/?page=1&page_size=10 HTTP/1.1" 401 55
登录请求 - 用户名: gaodi, 请求方法: POST
找到用户: gaodi, 用户ID: 42, 用户状态: 1
密码验证结果: True
"POST /user/login?username=gaodi&password=123456&rememberMe=true HTTP/1.1" 200 1922
Unauthorized: /files/list/
"GET /files/list/?page=1&page_size=10 HTTP/1.1" 401 55
登录请求 - 用户名: gaodi, 请求方法: POST
找到用户: gaodi, 用户ID: 42, 用户状态: 1
密码验证结果: True
"POST /user/login?username=gaodi&password=123456&rememberMe=true HTTP/1.1" 200 1922
Unauthorized: /files/list/
"GET /files/list/?page=1&page_size=10 HTTP/1.1" 401 55
登录请求 - 用户名: gaodi, 请求方法: POST
找到用户: gaodi, 用户ID: 42, 用户状态: 1
密码验证结果: True
"POST /user/login?username=gaodi&password=123456&rememberMe=true HTTP/1.1" 200 1922
Unauthorized: /files/list/
"GET /files/list/?page=1&page_size=10 HTTP/1.1" 401 55
登录请求 - 用户名: gaodi, 请求方法: POST
找到用户: gaodi, 用户ID: 42, 用户状态: 1
密码验证结果: True
"POST /user/login?username=gaodi&password=123456&rememberMe=true HTTP/1.1" 200 1922
登录请求 - 用户名: gaodi, 请求方法: POST
找到用户: gaodi, 用户ID: 42, 用户状态: 1
密码验证结果: True
"POST /user/login?username=gaodi&password=123456&rememberMe=false HTTP/1.1" 200 1922
登录请求 - 用户名: gaodi, 请求方法: POST
找到用户: gaodi, 用户ID: 42, 用户状态: 1
密码验证结果: True
"POST /user/login?username=gaodi&password=123456&rememberMe=true HTTP/1.1" 200 1922
Unauthorized: /files/list/
"GET /files/list/?page=1&page_size=10 HTTP/1.1" 401 55
D:\my_project\Django_admin\jj_system\user\middleware.py changed, reloading.
Watching for file changes with StatReloader
D:\my_project\Django_admin\jj_system\user\middleware.py changed, reloading.
Watching for file changes with StatReloader
D:\my_project\Django_admin\jj_system\user\middleware.py changed, reloading.
Watching for file changes with StatReloader
Watching for file changes with StatReloader
登录请求 - 用户名: gaodi, 请求方法: POST
找到用户: gaodi, 用户ID: 42, 用户状态: 1
密码验证结果: True
"POST /user/login?username=gaodi&password=123456&rememberMe=true HTTP/1.1" 200 1922
Unauthorized: /files/list/
"GET /files/list/?page=1&page_size=10 HTTP/1.1" 401 55
D:\my_project\Django_admin\jj_system\file_manager\views.py changed, reloading.
Watching for file changes with StatReloader
D:\my_project\Django_admin\jj_system\file_manager\views.py changed, reloading.
Watching for file changes with StatReloader
D:\my_project\Django_admin\jj_system\file_manager\views.py changed, reloading.
Watching for file changes with StatReloader
登录请求 - 用户名: gaodi, 请求方法: POST
找到用户: gaodi, 用户ID: 42, 用户状态: 1
密码验证结果: True
"POST /user/login?username=gaodi&password=123456&rememberMe=true HTTP/1.1" 200 1922
Unauthorized: /files/list/
"GET /files/list/?page=1&page_size=10 HTTP/1.1" 401 55
Watching for file changes with StatReloader
登录请求 - 用户名: gaodi, 请求方法: POST
找到用户: gaodi, 用户ID: 42, 用户状态: 1
密码验证结果: True
"POST /user/login?username=gaodi&password=123456&rememberMe=true HTTP/1.1" 200 1922
Unauthorized: /files/list/
"GET /files/list/?page=1&page_size=10 HTTP/1.1" 401 55
D:\my_project\Django_admin\jj_system\file_manager\permissions.py changed, reloading.
Watching for file changes with StatReloader
D:\my_project\Django_admin\jj_system\file_manager\permissions.py changed, reloading.
Watching for file changes with StatReloader
登录请求 - 用户名: gaodi, 请求方法: POST
找到用户: gaodi, 用户ID: 42, 用户状态: 1
密码验证结果: True
"POST /user/login?username=gaodi&password=123456&rememberMe=true HTTP/1.1" 200 1922
Unauthorized: /files/list/
"GET /files/list/?page=1&page_size=10 HTTP/1.1" 401 55
Watching for file changes with StatReloader
登录请求 - 用户名: gaodi, 请求方法: POST
找到用户: gaodi, 用户ID: 42, 用户状态: 1
密码验证结果: True
"POST /user/login?username=gaodi&password=123456&rememberMe=true HTTP/1.1" 200 1922
Unauthorized: /files/list/
"GET /files/list/?page=1&page_size=10 HTTP/1.1" 401 55
D:\my_project\Django_admin\jj_system\jj_system\settings.py changed, reloading.
Watching for file changes with StatReloader
登录请求 - 用户名: gaodi, 请求方法: POST
找到用户: gaodi, 用户ID: 42, 用户状态: 1
密码验证结果: True
"POST /user/login?username=gaodi&password=123456&rememberMe=true HTTP/1.1" 200 1922
Unauthorized: /files/list/
"GET /files/list/?page=1&page_size=10 HTTP/1.1" 401 55
D:\my_project\Django_admin\jj_system\file_manager\views.py changed, reloading.
Watching for file changes with StatReloader
D:\my_project\Django_admin\jj_system\jj_system\settings.py changed, reloading.
Watching for file changes with StatReloader
D:\my_project\Django_admin\jj_system\jj_system\settings.py changed, reloading.
Watching for file changes with StatReloader
登录请求 - 用户名: gaodi, 请求方法: POST
找到用户: gaodi, 用户ID: 42, 用户状态: 1
密码验证结果: True
"POST /user/login?username=gaodi&password=123456&rememberMe=true HTTP/1.1" 200 1922
Watching for file changes with StatReloader
登录请求 - 用户名: gaodi, 请求方法: POST
找到用户: gaodi, 用户ID: 42, 用户状态: 1
密码验证结果: True
"POST /user/login?username=gaodi&password=123456&rememberMe=true HTTP/1.1" 200 1922
Internal Server Error: /files/list/
Traceback (most recent call last):
  File "D:\soft\python\Lib\site-packages\rest_framework\request.py", line 74, in wrap_attributeerrors
    yield
  File "D:\soft\python\Lib\site-packages\rest_framework\request.py", line 232, in user
    self._authenticate()
  File "D:\soft\python\Lib\site-packages\rest_framework\request.py", line 385, in _authenticate
    user_auth_tuple = authenticator.authenticate(self)
                      ^^^^^^^^^^^^^^^^^^^^^^^^^^^^^^^^
  File "D:\soft\python\Lib\site-packages\rest_framework\authentication.py", line 127, in authenticate
    if not user or not user.is_active:
                       ^^^^^^^^^^^^^^
AttributeError: 'SysUser' object has no attribute 'is_active'

During handling of the above exception, another exception occurred:

Traceback (most recent call last):
  File "D:\soft\python\Lib\site-packages\django\core\handlers\exception.py", line 55, in inner
    response = get_response(request)
               ^^^^^^^^^^^^^^^^^^^^^
  File "D:\soft\python\Lib\site-packages\django\core\handlers\base.py", line 197, in _get_response
    response = wrapped_callback(request, *callback_args, **callback_kwargs)
               ^^^^^^^^^^^^^^^^^^^^^^^^^^^^^^^^^^^^^^^^^^^^^^^^^^^^^^^^^^^^
  File "D:\soft\python\Lib\site-packages\django\views\decorators\csrf.py", line 65, in _view_wrapper
    return view_func(request, *args, **kwargs)
           ^^^^^^^^^^^^^^^^^^^^^^^^^^^^^^^^^^^
  File "D:\soft\python\Lib\site-packages\django\views\generic\base.py", line 105, in view
    return self.dispatch(request, *args, **kwargs)
           ^^^^^^^^^^^^^^^^^^^^^^^^^^^^^^^^^^^^^^^
  File "D:\soft\python\Lib\site-packages\rest_framework\views.py", line 515, in dispatch
    response = self.handle_exception(exc)
               ^^^^^^^^^^^^^^^^^^^^^^^^^^
  File "D:\soft\python\Lib\site-packages\rest_framework\views.py", line 475, in handle_exception
    self.raise_uncaught_exception(exc)
  File "D:\soft\python\Lib\site-packages\rest_framework\views.py", line 486, in raise_uncaught_exception
    raise exc
  File "D:\soft\python\Lib\site-packages\rest_framework\views.py", line 503, in dispatch
    self.initial(request, *args, **kwargs)
  File "D:\soft\python\Lib\site-packages\rest_framework\views.py", line 420, in initial
    self.perform_authentication(request)
  File "D:\soft\python\Lib\site-packages\rest_framework\views.py", line 330, in perform_authentication
    request.user
  File "D:\soft\python\Lib\site-packages\rest_framework\request.py", line 231, in user
    with wrap_attributeerrors():
  File "D:\soft\python\Lib\contextlib.py", line 158, in __exit__
    self.gen.throw(typ, value, traceback)
  File "D:\soft\python\Lib\site-packages\rest_framework\request.py", line 78, in wrap_attributeerrors
    raise exc.with_traceback(info[2])
  File "D:\soft\python\Lib\site-packages\rest_framework\request.py", line 74, in wrap_attributeerrors
    yield
  File "D:\soft\python\Lib\site-packages\rest_framework\request.py", line 232, in user
    self._authenticate()
  File "D:\soft\python\Lib\site-packages\rest_framework\request.py", line 385, in _authenticate
    user_auth_tuple = authenticator.authenticate(self)
                      ^^^^^^^^^^^^^^^^^^^^^^^^^^^^^^^^
  File "D:\soft\python\Lib\site-packages\rest_framework\authentication.py", line 127, in authenticate
    if not user or not user.is_active:
                       ^^^^^^^^^^^^^^
rest_framework.request.WrappedAttributeError: 'SysUser' object has no attribute 'is_active'
"GET /files/list/?page=1&page_size=10 HTTP/1.1" 500 142400
D:\my_project\Django_admin\jj_system\user\models.py changed, reloading.
Watching for file changes with StatReloader
登录请求 - 用户名: gaodi, 请求方法: POST
找到用户: gaodi, 用户ID: 42, 用户状态: 1
密码验证结果: True
"POST /user/login?username=gaodi&password=123456&rememberMe=true HTTP/1.1" 200 1922
"GET /files/list/?page=1&page_size=10 HTTP/1.1" 200 597
D:\my_project\Django_admin\jj_system\user\middleware.py changed, reloading.
Watching for file changes with StatReloader
"GET /files/list/?page=1&page_size=10 HTTP/1.1" 200 597
"GET /files/list/?page=1&page_size=10 HTTP/1.1" 200 597
D:\my_project\Django_admin\jj_system\file_manager\views.py changed, reloading.
Watching for file changes with StatReloader
登录请求 - 用户名: gaodi, 请求方法: POST
找到用户: gaodi, 用户ID: 42, 用户状态: 1
密码验证结果: True
"POST /user/login?username=gaodi&password=123456&rememberMe=true HTTP/1.1" 200 1922
"GET /files/list/?page=1&page_size=10 HTTP/1.1" 200 597
Forbidden: /files/upload/
"POST /files/upload/ HTTP/1.1" 403 113
"GET /media/userAvatar/default.jpg HTTP/1.1" 200 9062
"GET /files/list/?page=1&page_size=10 HTTP/1.1" 200 597
登录请求 - 用户名: gaodi, 请求方法: POST
找到用户: gaodi, 用户ID: 42, 用户状态: 1
密码验证结果: True
"POST /user/login?username=gaodi&password=123456&rememberMe=false HTTP/1.1" 200 1922
"GET /files/list/?page=1&page_size=10 HTTP/1.1" 200 597
Forbidden: /files/upload/
"POST /files/upload/ HTTP/1.1" 403 113
Watching for file changes with StatReloader
"GET /files/list/?page=1&page_size=10 HTTP/1.1" 200 597
Forbidden: /files/upload/
"POST /files/upload/ HTTP/1.1" 403 113
D:\my_project\Django_admin\jj_system\file_manager\views.py changed, reloading.
Watching for file changes with StatReloader
"GET /files/list/?page=1&page_size=10 HTTP/1.1" 200 597
Forbidden: /files/upload/
"POST /files/upload/ HTTP/1.1" 403 113
登录请求 - 用户名: gaodi, 请求方法: POST
找到用户: gaodi, 用户ID: 42, 用户状态: 1
密码验证结果: True
"POST /user/login?username=gaodi&password=123456&rememberMe=false HTTP/1.1" 200 1922
"GET /files/list/?page=1&page_size=10 HTTP/1.1" 200 597
Forbidden: /files/upload/
"POST /files/upload/ HTTP/1.1" 403 113
D:\my_project\Django_admin\jj_system\file_manager\views.py changed, reloading.
Watching for file changes with StatReloader
D:\my_project\Django_admin\jj_system\jj_system\settings.py changed, reloading.
Watching for file changes with StatReloader
"GET /files/list/?page=1&page_size=10 HTTP/1.1" 200 597
登录请求 - 用户名: gaodi, 请求方法: POST
找到用户: gaodi, 用户ID: 42, 用户状态: 1
密码验证结果: True
"POST /user/login?username=gaodi&password=123456&rememberMe=false HTTP/1.1" 200 1922
"GET /files/list/?page=1&page_size=10 HTTP/1.1" 200 597
Forbidden: /files/upload/
"POST /files/upload/ HTTP/1.1" 403 49
Forbidden: /files/upload/
"POST /files/upload/ HTTP/1.1" 403 49
D:\my_project\Django_admin\jj_system\user\middleware.py changed, reloading.
Watching for file changes with StatReloader
登录请求 - 用户名: admin, 请求方法: POST
找到用户: admin, 用户ID: 1, 用户状态: 1
密码验证结果: True
"POST /user/login?username=admin&password=1234567&rememberMe=false HTTP/1.1" 200 5644
"GET /files/list/?page=1&page_size=10 HTTP/1.1" 200 597
Forbidden: /files/upload/
"POST /files/upload/ HTTP/1.1" 403 49
登录请求 - 用户名: admin, 请求方法: POST
找到用户: admin, 用户ID: 1, 用户状态: 1
密码验证结果: True
"POST /user/login?username=admin&password=1234567&rememberMe=false HTTP/1.1" 200 5644
"GET /media/userAvatar/default.jpg HTTP/1.1" 200 9062
Forbidden: /files/upload/
"POST /files/upload/ HTTP/1.1" 403 49
Forbidden: /files/upload/
"POST /files/upload/ HTTP/1.1" 403 49
"POST /event/search HTTP/1.1" 200 1315
D:\my_project\Django_admin\jj_system\user\middleware.py changed, reloading.
Watching for file changes with StatReloader
"GET /files/list/?page=1&page_size=10 HTTP/1.1" 200 597
登录请求 - 用户名: gaodi, 请求方法: POST
找到用户: gaodi, 用户ID: 42, 用户状态: 1
密码验证结果: True
"POST /user/login?username=gaodi&password=123456&rememberMe=false HTTP/1.1" 200 1922
"GET /files/list/?page=1&page_size=10 HTTP/1.1" 200 597
Forbidden: /files/upload/
"POST /files/upload/ HTTP/1.1" 403 49
"POST /repository/search HTTP/1.1" 200 17181
"GET /repository/history?id=45 HTTP/1.1" 200 408
"GET /repository/history?id=41 HTTP/1.1" 200 361
"GET /repository/history?id=43 HTTP/1.1" 200 329
"GET /repository/history?id=44 HTTP/1.1" 200 378
"GET /repository/history?id=42 HTTP/1.1" 200 327
"GET /repository/history?id=40 HTTP/1.1" 200 343
"GET /repository/history?id=37 HTTP/1.1" 200 931
"GET /repository/history?id=38 HTTP/1.1" 200 609
"GET /repository/history?id=39 HTTP/1.1" 200 343
"GET /repository/history?id=36 HTTP/1.1" 200 890
D:\my_project\Django_admin\jj_system\file_manager\permissions.py changed, reloading.
Watching for file changes with StatReloader
"GET /files/list/?page=1&page_size=10 HTTP/1.1" 200 597
Forbidden: /files/upload/
"POST /files/upload/ HTTP/1.1" 403 49
D:\my_project\Django_admin\jj_system\file_manager\views.py changed, reloading.
Watching for file changes with StatReloader
D:\my_project\Django_admin\jj_system\file_manager\permissions.py changed, reloading.
Watching for file changes with StatReloader
"GET /files/list/?page=1&page_size=10 HTTP/1.1" 200 597
Forbidden: /files/upload/
"POST /files/upload/ HTTP/1.1" 403 46
D:\my_project\Django_admin\jj_system\jj_system\settings.py changed, reloading.
Watching for file changes with StatReloader
Forbidden: /files/list/
"GET /files/list/?page=1&page_size=10 HTTP/1.1" 403 49
登录请求 - 用户名: admin, 请求方法: POST
找到用户: admin, 用户ID: 1, 用户状态: 1
密码验证结果: True
"POST /user/login?username=admin&password=1234567&rememberMe=true HTTP/1.1" 200 5644
Forbidden: /files/list/
"GET /files/list/?page=1&page_size=10 HTTP/1.1" 403 49
Forbidden: /files/upload/
"POST /files/upload/ HTTP/1.1" 403 49
D:\my_project\Django_admin\jj_system\user\middleware.py changed, reloading.
Watching for file changes with StatReloader
D:\my_project\Django_admin\jj_system\user\middleware.py changed, reloading.
Watching for file changes with StatReloader
"GET /files/list/?page=1&page_size=10 HTTP/1.1" 200 597
"POST /files/upload/ HTTP/1.1" 201 540
"GET /files/list/?page=1&page_size=10 HTTP/1.1" 200 1097
"POST /files/upload/ HTTP/1.1" 201 556
"GET /files/list/?page=1&page_size=10 HTTP/1.1" 200 1613
登录请求 - 用户名: gaodi, 请求方法: POST
找到用户: gaodi, 用户ID: 42, 用户状态: 1
密码验证结果: True
"POST /user/login?username=gaodi&password=123456&rememberMe=true HTTP/1.1" 200 1922
"GET /files/list/?page=1&page_size=10 HTTP/1.1" 200 1613
"POST /files/upload/ HTTP/1.1" 201 536
"GET /files/list/?page=1&page_size=10 HTTP/1.1" 200 2109
D:\my_project\Django_admin\jj_system\jj_system\settings.py changed, reloading.
Watching for file changes with StatReloader
D:\my_project\Django_admin\jj_system\user\middleware.py changed, reloading.
Watching for file changes with StatReloader
D:\my_project\Django_admin\jj_system\file_manager\permissions.py changed, reloading.
Watching for file changes with StatReloader
"GET /files/list/?page=1&page_size=10 HTTP/1.1" 200 2109
"DELETE /files/delete/4/ HTTP/1.1" 200 33
"GET /files/list/?page=1&page_size=10 HTTP/1.1" 200 1613
登录请求 - 用户名: admin, 请求方法: POST
找到用户: admin, 用户ID: 1, 用户状态: 1
密码验证结果: True
"POST /user/login?username=admin&password=1234567&rememberMe=true HTTP/1.1" 200 5644
"GET /files/list/?page=1&page_size=10 HTTP/1.1" 200 1613
"DELETE /files/delete/3/ HTTP/1.1" 200 33
"GET /files/list/?page=1&page_size=10 HTTP/1.1" 200 1097
"DELETE /files/delete/2/ HTTP/1.1" 200 33
"GET /files/list/?page=1&page_size=10 HTTP/1.1" 200 597
"DELETE /files/delete/1/ HTTP/1.1" 200 33
"GET /files/list/?page=1&page_size=10 HTTP/1.1" 200 82
"POST /files/upload/ HTTP/1.1" 201 523
"GET /files/list/?page=1&page_size=10 HTTP/1.1" 200 564
"POST /files/upload/ HTTP/1.1" 201 558
"GET /files/list/?page=1&page_size=10 HTTP/1.1" 200 1082
"POST /files/upload/ HTTP/1.1" 201 500
"GET /files/list/?page=1&page_size=10 HTTP/1.1" 200 1542
"GET /files/download/6 HTTP/1.1" 200 53
"GET /files/download/6 HTTP/1.1" 200 53
"GET /files/download/7 HTTP/1.1" 200 53
"DELETE /files/delete/6/ HTTP/1.1" 200 33
"GET /files/list/?page=1&page_size=10 HTTP/1.1" 200 1024
"POST /files/upload/ HTTP/1.1" 201 576
"GET /files/list/?page=1&page_size=10 HTTP/1.1" 200 1560
"POST /files/upload/ HTTP/1.1" 201 561
"GET /files/list/?page=1&page_size=10 HTTP/1.1" 200 2081
"POST /files/upload/ HTTP/1.1" 201 559
"GET /files/list/?page=1&page_size=10 HTTP/1.1" 200 2600
"POST /files/upload/ HTTP/1.1" 201 575
"GET /files/list/?page=1&page_size=10 HTTP/1.1" 200 3135
"POST /files/upload/ HTTP/1.1" 201 570
"GET /files/list/?page=1&page_size=10 HTTP/1.1" 200 3665
"POST /files/upload/ HTTP/1.1" 201 576
"GET /files/list/?page=1&page_size=10 HTTP/1.1" 200 4201
"GET /files/download/13 HTTP/1.1" 200 53
"GET /files/list/?page=1&page_size=10 HTTP/1.1" 200 4201
"GET /files/list/?page=1&page_size=10 HTTP/1.1" 200 4201
"GET /files/list/?page=1&page_size=10 HTTP/1.1" 200 4201
"GET /files/list/?page=1&page_size=10 HTTP/1.1" 200 4201
"GET /files/download/13 HTTP/1.1" 200 53
"POST /files/upload/ HTTP/1.1" 201 548
"POST /files/upload/ HTTP/1.1" 201 474
"GET /files/list/?page=1&page_size=10 HTTP/1.1" 200 5144
"DELETE /files/delete/15/ HTTP/1.1" 200 33
"GET /files/list/?page=1&page_size=10 HTTP/1.1" 200 4635
"DELETE /files/delete/14/ HTTP/1.1" 200 33
"GET /files/list/?page=1&page_size=10 HTTP/1.1" 200 4201
"GET /files/download/13 HTTP/1.1" 301 0
"GET /files/download/13/ HTTP/1.1" 200 22178747
"GET /files/list/?page=1&page_size=10 HTTP/1.1" 200 4201
"POST /repository/search HTTP/1.1" 200 17181
"POST /repository/search HTTP/1.1" 200 17181
"GET /repository/history?id=44 HTTP/1.1" 200 378
"GET /repository/history?id=41 HTTP/1.1" 200 361
"GET /repository/history?id=45 HTTP/1.1" 200 408
"GET /repository/history?id=43 HTTP/1.1" 200 329
"GET /repository/history?id=42 HTTP/1.1" 200 327
"GET /repository/history?id=40 HTTP/1.1" 200 343
"GET /repository/history?id=39 HTTP/1.1" 200 343
"GET /repository/history?id=38 HTTP/1.1" 200 609
"GET /repository/history?id=37 HTTP/1.1" 200 931
"GET /repository/history?id=44 HTTP/1.1" 200 378
"GET /repository/history?id=36 HTTP/1.1" 200 890
"GET /repository/history?id=41 HTTP/1.1" 200 361
"GET /repository/history?id=45 HTTP/1.1" 200 408
"GET /repository/history?id=42 HTTP/1.1" 200 327
"GET /repository/history?id=40 HTTP/1.1" 200 343
"GET /repository/history?id=39 HTTP/1.1" 200 343
"GET /repository/history?id=43 HTTP/1.1" 200 329
"GET /repository/history?id=38 HTTP/1.1" 200 609
"GET /repository/history?id=37 HTTP/1.1" 200 931
"GET /repository/history?id=36 HTTP/1.1" 200 890
登录请求 - 用户名: admin, 请求方法: POST
找到用户: admin, 用户ID: 1, 用户状态: 1
密码验证结果: True
"POST /user/login?username=admin&password=1234567&rememberMe=true HTTP/1.1" 200 5644
"POST /repository/search HTTP/1.1" 200 17181
"GET /repository/history?id=44 HTTP/1.1" 200 378
"GET /repository/history?id=45 HTTP/1.1" 200 408
"GET /repository/history?id=40 HTTP/1.1" 200 343
"GET /repository/history?id=41 HTTP/1.1" 200 361
"GET /repository/history?id=43 HTTP/1.1" 200 329
"GET /repository/history?id=42 HTTP/1.1" 200 327
"GET /repository/history?id=36 HTTP/1.1" 200 890
"GET /repository/history?id=38 HTTP/1.1" 200 609
"GET /repository/history?id=37 HTTP/1.1" 200 931
"GET /repository/history?id=39 HTTP/1.1" 200 343
"POST /repository/search HTTP/1.1" 200 4857
"GET /repository/history?id=34 HTTP/1.1" 200 959
"GET /repository/history?id=35 HTTP/1.1" 200 987
"GET /repository/history?id=32 HTTP/1.1" 200 888
"GET /repository/history?id=33 HTTP/1.1" 200 967
"POST /items/search HTTP/1.1" 200 2016
"POST /repository/search HTTP/1.1" 200 17181
"POST /blacklist/search HTTP/1.1" 200 3855
"GET /repository/history?id=41 HTTP/1.1" 200 361
"GET /repository/history?id=44 HTTP/1.1" 200 378
"GET /repository/history?id=43 HTTP/1.1" 200 329
"GET /repository/history?id=42 HTTP/1.1" 200 327
"GET /repository/history?id=40 HTTP/1.1" 200 343
"GET /repository/history?id=45 HTTP/1.1" 200 408
"GET /repository/history?id=37 HTTP/1.1" 200 931
"GET /repository/history?id=38 HTTP/1.1" 200 609
"GET /repository/history?id=36 HTTP/1.1" 200 890
"GET /repository/history?id=39 HTTP/1.1" 200 343
"POST /classify/search HTTP/1.1" 200 2081
"POST /event/search HTTP/1.1" 200 1315
"GET /files/list/?page=1&page_size=10 HTTP/1.1" 200 83
D:\my_project\Django_admin\jj_system\role\models.py changed, reloading.
Watching for file changes with StatReloader
"GET /files/list/?page=1&page_size=10 HTTP/1.1" 200 83
登录请求 - 用户名: admin, 请求方法: POST
找到用户: admin, 用户ID: 1, 用户状态: 1
密码验证结果: True
登录过程中发生错误: (1054, "Unknown column 'sys_role.data_scope' in 'field list'")
Traceback (most recent call last):
  File "D:\soft\python\Lib\site-packages\django\db\backends\utils.py", line 105, in _execute
    return self.cursor.execute(sql, params)
           ^^^^^^^^^^^^^^^^^^^^^^^^^^^^^^^^
  File "D:\soft\python\Lib\site-packages\django\db\backends\mysql\base.py", line 76, in execute
    return self.cursor.execute(query, args)
           ^^^^^^^^^^^^^^^^^^^^^^^^^^^^^^^^
  File "D:\soft\python\Lib\site-packages\MySQLdb\cursors.py", line 179, in execute
    res = self._query(mogrified_query)
          ^^^^^^^^^^^^^^^^^^^^^^^^^^^^
  File "D:\soft\python\Lib\site-packages\MySQLdb\cursors.py", line 330, in _query
    db.query(q)
  File "D:\soft\python\Lib\site-packages\MySQLdb\connections.py", line 280, in query
    _mysql.connection.query(self, query)
MySQLdb.OperationalError: (1054, "Unknown column 'sys_role.data_scope' in 'field list'")

The above exception was the direct cause of the following exception:

Traceback (most recent call last):
  File "D:\my_project\Django_admin\jj_system\user\views.py", line 189, in post
    roles = ",".join([role.name for role in roleList])
                     ^^^^^^^^^^^^^^^^^^^^^^^^^^^^^^^^
  File "D:\soft\python\Lib\site-packages\django\db\models\query.py", line 384, in __iter__
    self._fetch_all()
  File "D:\soft\python\Lib\site-packages\django\db\models\query.py", line 1949, in _fetch_all
    self._result_cache = list(self._iterable_class(self))
                         ^^^^^^^^^^^^^^^^^^^^^^^^^^^^^^^^
  File "D:\soft\python\Lib\site-packages\django\db\models\query.py", line 91, in __iter__
    results = compiler.execute_sql(
              ^^^^^^^^^^^^^^^^^^^^^
  File "D:\soft\python\Lib\site-packages\django\db\models\sql\compiler.py", line 1623, in execute_sql
    cursor.execute(sql, params)
  File "D:\soft\python\Lib\site-packages\django\db\backends\utils.py", line 122, in execute
    return super().execute(sql, params)
           ^^^^^^^^^^^^^^^^^^^^^^^^^^^^
  File "D:\soft\python\Lib\site-packages\django\db\backends\utils.py", line 79, in execute
    return self._execute_with_wrappers(
           ^^^^^^^^^^^^^^^^^^^^^^^^^^^^
  File "D:\soft\python\Lib\site-packages\django\db\backends\utils.py", line 92, in _execute_with_wrappers
    return executor(sql, params, many, context)
           ^^^^^^^^^^^^^^^^^^^^^^^^^^^^^^^^^^^^
  File "D:\soft\python\Lib\site-packages\django\db\backends\utils.py", line 100, in _execute
    with self.db.wrap_database_errors:
  File "D:\soft\python\Lib\site-packages\django\db\utils.py", line 91, in __exit__
    raise dj_exc_value.with_traceback(traceback) from exc_value
  File "D:\soft\python\Lib\site-packages\django\db\backends\utils.py", line 105, in _execute
    return self.cursor.execute(sql, params)
           ^^^^^^^^^^^^^^^^^^^^^^^^^^^^^^^^
  File "D:\soft\python\Lib\site-packages\django\db\backends\mysql\base.py", line 76, in execute
    return self.cursor.execute(query, args)
           ^^^^^^^^^^^^^^^^^^^^^^^^^^^^^^^^
  File "D:\soft\python\Lib\site-packages\MySQLdb\cursors.py", line 179, in execute
    res = self._query(mogrified_query)
          ^^^^^^^^^^^^^^^^^^^^^^^^^^^^
  File "D:\soft\python\Lib\site-packages\MySQLdb\cursors.py", line 330, in _query
    db.query(q)
  File "D:\soft\python\Lib\site-packages\MySQLdb\connections.py", line 280, in query
    _mysql.connection.query(self, query)
django.db.utils.OperationalError: (1054, "Unknown column 'sys_role.data_scope' in 'field list'")
"POST /user/login?username=admin&password=1234567&rememberMe=true HTTP/1.1" 200 115
D:\my_project\Django_admin\jj_system\user\views.py changed, reloading.
Watching for file changes with StatReloader
D:\my_project\Django_admin\jj_system\user\views.py changed, reloading.
Watching for file changes with StatReloader
D:\my_project\Django_admin\jj_system\file_manager\views.py changed, reloading.
Watching for file changes with StatReloader
D:\my_project\Django_admin\jj_system\file_manager\views.py changed, reloading.
Watching for file changes with StatReloader
登录请求 - 用户名: admin, 请求方法: POST
找到用户: admin, 用户ID: 1, 用户状态: 1
密码验证结果: True
"POST /user/login?username=admin&password=1234567&rememberMe=true HTTP/1.1" 200 5644
"POST /user/search HTTP/1.1" 200 8610
页面大小: 10, 页码: 1
"POST /role/search HTTP/1.1" 200 1391
"GET /role/action?id=2 HTTP/1.1" 200 261
"GET /role/action?id=2 HTTP/1.1" 200 261
菜单查询集: <QuerySet [<SysMenu: SysMenu object (1)>, <SysMenu: SysMenu object (3)>, <SysMenu: SysMenu object (11)>, <SysMenu: SysMenu object (2)>, <SysMenu: SysMenu object (4)>, <SysMenu: SysMenu object (5)>, <SysMenu: SysMenu object (14)>, <SysMenu: SysMenu object (6)>, <SysMenu: SysMenu object (17)>, <SysMenu: SysMenu object (7)>, <SysMenu: SysMenu object (16)>, <SysMenu: SysMenu object (8)>, <SysMenu: SysMenu object (18)>, <SysMenu: SysMenu object (19)>, <SysMenu: SysMenu object (20)>, <SysMenu: SysMenu object (21)>]>
菜单树结果: [<SysMenu: SysMenu object (1)>, <SysMenu: SysMenu object (2)>]
"GET /menu/treeList HTTP/1.1" 200 4551
"GET /role/menus?id=1 HTTP/1.1" 200 81
菜单查询集: <QuerySet [<SysMenu: SysMenu object (1)>, <SysMenu: SysMenu object (3)>, <SysMenu: SysMenu object (11)>, <SysMenu: SysMenu object (2)>, <SysMenu: SysMenu object (4)>, <SysMenu: SysMenu object (5)>, <SysMenu: SysMenu object (14)>, <SysMenu: SysMenu object (6)>, <SysMenu: SysMenu object (17)>, <SysMenu: SysMenu object (7)>, <SysMenu: SysMenu object (16)>, <SysMenu: SysMenu object (8)>, <SysMenu: SysMenu object (18)>, <SysMenu: SysMenu object (19)>, <SysMenu: SysMenu object (20)>, <SysMenu: SysMenu object (21)>]>
菜单树结果: [<SysMenu: SysMenu object (1)>, <SysMenu: SysMenu object (2)>]
"GET /menu/treeList HTTP/1.1" 200 4551
"GET /role/menus?id=1 HTTP/1.1" 200 81
菜单查询集: <QuerySet [<SysMenu: SysMenu object (1)>, <SysMenu: SysMenu object (3)>, <SysMenu: SysMenu object (11)>, <SysMenu: SysMenu object (2)>, <SysMenu: SysMenu object (4)>, <SysMenu: SysMenu object (5)>, <SysMenu: SysMenu object (14)>, <SysMenu: SysMenu object (6)>, <SysMenu: SysMenu object (17)>, <SysMenu: SysMenu object (7)>, <SysMenu: SysMenu object (16)>, <SysMenu: SysMenu object (8)>, <SysMenu: SysMenu object (18)>, <SysMenu: SysMenu object (19)>, <SysMenu: SysMenu object (20)>, <SysMenu: SysMenu object (21)>]>
菜单树结果: [<SysMenu: SysMenu object (1)>, <SysMenu: SysMenu object (2)>]
"GET /menu/treeList HTTP/1.1" 200 4551
"GET /role/menus?id=2 HTTP/1.1" 200 40
菜单查询集: <QuerySet [<SysMenu: SysMenu object (1)>, <SysMenu: SysMenu object (3)>, <SysMenu: SysMenu object (11)>, <SysMenu: SysMenu object (2)>, <SysMenu: SysMenu object (4)>, <SysMenu: SysMenu object (5)>, <SysMenu: SysMenu object (14)>, <SysMenu: SysMenu object (6)>, <SysMenu: SysMenu object (17)>, <SysMenu: SysMenu object (7)>, <SysMenu: SysMenu object (16)>, <SysMenu: SysMenu object (8)>, <SysMenu: SysMenu object (18)>, <SysMenu: SysMenu object (19)>, <SysMenu: SysMenu object (20)>, <SysMenu: SysMenu object (21)>]>
菜单树结果: [<SysMenu: SysMenu object (1)>, <SysMenu: SysMenu object (2)>]
"GET /menu/treeList HTTP/1.1" 200 4551
"GET /role/menus?id=2 HTTP/1.1" 200 40
菜单查询集: <QuerySet [<SysMenu: SysMenu object (1)>, <SysMenu: SysMenu object (3)>, <SysMenu: SysMenu object (11)>, <SysMenu: SysMenu object (2)>, <SysMenu: SysMenu object (4)>, <SysMenu: SysMenu object (5)>, <SysMenu: SysMenu object (14)>, <SysMenu: SysMenu object (6)>, <SysMenu: SysMenu object (17)>, <SysMenu: SysMenu object (7)>, <SysMenu: SysMenu object (16)>, <SysMenu: SysMenu object (8)>, <SysMenu: SysMenu object (18)>, <SysMenu: SysMenu object (19)>, <SysMenu: SysMenu object (20)>, <SysMenu: SysMenu object (21)>]>
菜单树结果: [<SysMenu: SysMenu object (1)>, <SysMenu: SysMenu object (2)>]
"GET /menu/treeList HTTP/1.1" 200 4551
"GET /role/menus?id=30 HTTP/1.1" 200 40
菜单查询集: <QuerySet [<SysMenu: SysMenu object (1)>, <SysMenu: SysMenu object (3)>, <SysMenu: SysMenu object (11)>, <SysMenu: SysMenu object (2)>, <SysMenu: SysMenu object (4)>, <SysMenu: SysMenu object (5)>, <SysMenu: SysMenu object (14)>, <SysMenu: SysMenu object (6)>, <SysMenu: SysMenu object (17)>, <SysMenu: SysMenu object (7)>, <SysMenu: SysMenu object (16)>, <SysMenu: SysMenu object (8)>, <SysMenu: SysMenu object (18)>, <SysMenu: SysMenu object (19)>, <SysMenu: SysMenu object (20)>, <SysMenu: SysMenu object (21)>]>
菜单树结果: [<SysMenu: SysMenu object (1)>, <SysMenu: SysMenu object (2)>]
"GET /menu/treeList HTTP/1.1" 200 4551
"GET /role/menus?id=30 HTTP/1.1" 200 40
菜单查询集: <QuerySet [<SysMenu: SysMenu object (1)>, <SysMenu: SysMenu object (3)>, <SysMenu: SysMenu object (11)>, <SysMenu: SysMenu object (2)>, <SysMenu: SysMenu object (4)>, <SysMenu: SysMenu object (5)>, <SysMenu: SysMenu object (14)>, <SysMenu: SysMenu object (6)>, <SysMenu: SysMenu object (17)>, <SysMenu: SysMenu object (7)>, <SysMenu: SysMenu object (16)>, <SysMenu: SysMenu object (8)>, <SysMenu: SysMenu object (18)>, <SysMenu: SysMenu object (19)>, <SysMenu: SysMenu object (20)>, <SysMenu: SysMenu object (21)>]>
菜单树结果: [<SysMenu: SysMenu object (1)>, <SysMenu: SysMenu object (2)>]
"GET /menu/treeList HTTP/1.1" 200 4551
"GET /role/menus?id=30 HTTP/1.1" 200 40
菜单查询集: <QuerySet [<SysMenu: SysMenu object (1)>, <SysMenu: SysMenu object (3)>, <SysMenu: SysMenu object (11)>, <SysMenu: SysMenu object (2)>, <SysMenu: SysMenu object (4)>, <SysMenu: SysMenu object (5)>, <SysMenu: SysMenu object (14)>, <SysMenu: SysMenu object (6)>, <SysMenu: SysMenu object (17)>, <SysMenu: SysMenu object (7)>, <SysMenu: SysMenu object (16)>, <SysMenu: SysMenu object (8)>, <SysMenu: SysMenu object (18)>, <SysMenu: SysMenu object (19)>, <SysMenu: SysMenu object (20)>, <SysMenu: SysMenu object (21)>]>
菜单树结果: [<SysMenu: SysMenu object (1)>, <SysMenu: SysMenu object (2)>]
"GET /menu/treeList HTTP/1.1" 200 4551
"GET /role/menus?id=30 HTTP/1.1" 200 40
菜单查询集: <QuerySet [<SysMenu: SysMenu object (1)>, <SysMenu: SysMenu object (3)>, <SysMenu: SysMenu object (11)>, <SysMenu: SysMenu object (2)>, <SysMenu: SysMenu object (4)>, <SysMenu: SysMenu object (5)>, <SysMenu: SysMenu object (14)>, <SysMenu: SysMenu object (6)>, <SysMenu: SysMenu object (17)>, <SysMenu: SysMenu object (7)>, <SysMenu: SysMenu object (16)>, <SysMenu: SysMenu object (8)>, <SysMenu: SysMenu object (18)>, <SysMenu: SysMenu object (19)>, <SysMenu: SysMenu object (20)>, <SysMenu: SysMenu object (21)>]>
菜单树结果: [<SysMenu: SysMenu object (1)>, <SysMenu: SysMenu object (2)>]
"GET /menu/treeList HTTP/1.1" 200 4551
"GET /role/menus?id=32 HTTP/1.1" 200 44
菜单查询集: <QuerySet [<SysMenu: SysMenu object (1)>, <SysMenu: SysMenu object (3)>, <SysMenu: SysMenu object (11)>, <SysMenu: SysMenu object (2)>, <SysMenu: SysMenu object (4)>, <SysMenu: SysMenu object (5)>, <SysMenu: SysMenu object (14)>, <SysMenu: SysMenu object (6)>, <SysMenu: SysMenu object (17)>, <SysMenu: SysMenu object (7)>, <SysMenu: SysMenu object (16)>, <SysMenu: SysMenu object (8)>, <SysMenu: SysMenu object (18)>, <SysMenu: SysMenu object (19)>, <SysMenu: SysMenu object (20)>, <SysMenu: SysMenu object (21)>]>
菜单树结果: [<SysMenu: SysMenu object (1)>, <SysMenu: SysMenu object (2)>]
"GET /menu/treeList HTTP/1.1" 200 4551
"GET /role/menus?id=32 HTTP/1.1" 200 44
登录请求 - 用户名: gaodi, 请求方法: POST
找到用户: gaodi, 用户ID: 42, 用户状态: 1
密码验证结果: True
"POST /user/login?username=gaodi&password=123456&rememberMe=true HTTP/1.1" 200 1922
"POST /repository/search HTTP/1.1" 200 17178
"GET /repository/history?id=40 HTTP/1.1" 200 343
"GET /repository/history?id=44 HTTP/1.1" 200 378
"GET /repository/history?id=42 HTTP/1.1" 200 327
"GET /repository/history?id=45 HTTP/1.1" 200 408
"GET /repository/history?id=41 HTTP/1.1" 200 361
"GET /repository/history?id=43 HTTP/1.1" 200 329
"GET /repository/history?id=37 HTTP/1.1" 200 931
"GET /repository/history?id=39 HTTP/1.1" 200 343
"GET /repository/history?id=38 HTTP/1.1" 200 609
"GET /repository/history?id=36 HTTP/1.1" 200 890
"GET /files/list/?page=1&page_size=10 HTTP/1.1" 200 82
登录请求 - 用户名: admin, 请求方法: POST
找到用户: admin, 用户ID: 1, 用户状态: 1
密码验证结果: True
"POST /user/login?username=admin&password=1234567&rememberMe=true HTTP/1.1" 200 5644
"POST /user/search HTTP/1.1" 200 8610
"GET /user/level/list HTTP/1.1" 200 174
"GET /user/post/list HTTP/1.1" 200 1020
"GET /user/dept/list HTTP/1.1" 200 492
"GET /user/action?id=27 HTTP/1.1" 200 693
页面大小: 10, 页码: 1
"POST /role/search HTTP/1.1" 200 1391
"GET /role/action?id=2 HTTP/1.1" 200 261
"POST /role/save HTTP/1.1" 200 13
页面大小: 10, 页码: 1
"GET /role/action?id=2 HTTP/1.1" 200 261
"POST /role/search HTTP/1.1" 200 1391
"GET /role/action?id=2 HTTP/1.1" 200 261
"GET /role/action?id=2 HTTP/1.1" 200 261
菜单查询集: <QuerySet [<SysMenu: SysMenu object (1)>, <SysMenu: SysMenu object (3)>, <SysMenu: SysMenu object (11)>, <SysMenu: SysMenu object (2)>, <SysMenu: SysMenu object (4)>, <SysMenu: SysMenu object (5)>, <SysMenu: SysMenu object (14)>, <SysMenu: SysMenu object (6)>, <SysMenu: SysMenu object (17)>, <SysMenu: SysMenu object (7)>, <SysMenu: SysMenu object (16)>, <SysMenu: SysMenu object (8)>, <SysMenu: SysMenu object (18)>, <SysMenu: SysMenu object (19)>, <SysMenu: SysMenu object (20)>, <SysMenu: SysMenu object (21)>]>
菜单树结果: [<SysMenu: SysMenu object (1)>, <SysMenu: SysMenu object (2)>]
"GET /menu/treeList HTTP/1.1" 200 4551
"GET /role/menus?id=2 HTTP/1.1" 200 40
菜单查询集: <QuerySet [<SysMenu: SysMenu object (1)>, <SysMenu: SysMenu object (3)>, <SysMenu: SysMenu object (11)>, <SysMenu: SysMenu object (2)>, <SysMenu: SysMenu object (4)>, <SysMenu: SysMenu object (5)>, <SysMenu: SysMenu object (14)>, <SysMenu: SysMenu object (6)>, <SysMenu: SysMenu object (17)>, <SysMenu: SysMenu object (7)>, <SysMenu: SysMenu object (16)>, <SysMenu: SysMenu object (8)>, <SysMenu: SysMenu object (18)>, <SysMenu: SysMenu object (19)>, <SysMenu: SysMenu object (20)>, <SysMenu: SysMenu object (21)>]>
菜单树结果: [<SysMenu: SysMenu object (1)>, <SysMenu: SysMenu object (2)>]
"GET /menu/treeList HTTP/1.1" 200 4551
"GET /role/menus?id=2 HTTP/1.1" 200 40
"POST /event/search HTTP/1.1" 200 1315
"GET /files/list/?page=1&page_size=10 HTTP/1.1" 200 4201
D:\my_project\Django_admin\jj_system\user\views.py changed, reloading.
Watching for file changes with StatReloader
"GET /files/list/?page=1&page_size=10 HTTP/1.1" 200 4201
登录请求 - 用户名: gaodi, 请求方法: POST
找到用户: gaodi, 用户ID: 42, 用户状态: 1
D:\my_project\Django_admin\jj_system\user\views.py changed, reloading.
Watching for file changes with StatReloader
登录请求 - 用户名: admin, 请求方法: POST
找到用户: admin, 用户ID: 1, 用户状态: 1
密码验证结果: True
"POST /user/login?username=admin&password=1234567&rememberMe=true HTTP/1.1" 200 5644
登录请求 - 用户名: gaodi, 请求方法: POST
找到用户: gaodi, 用户ID: 42, 用户状态: 1
密码验证结果: True
"POST /user/login?username=gaodi&password=123456&rememberMe=true HTTP/1.1" 200 1922
"GET /files/list/?page=1&page_size=10 HTTP/1.1" 200 82
"POST /repository/search HTTP/1.1" 200 17178
"GET /files/list/?page=1&page_size=10 HTTP/1.1" 200 82
"GET /repository/history?id=42 HTTP/1.1" 200 327
"GET /repository/history?id=43 HTTP/1.1" 200 329
"GET /repository/history?id=45 HTTP/1.1" 200 408
"GET /repository/history?id=44 HTTP/1.1" 200 378
"GET /repository/history?id=41 HTTP/1.1" 200 361
"GET /repository/history?id=40 HTTP/1.1" 200 343
"GET /repository/history?id=38 HTTP/1.1" 200 609
"GET /repository/history?id=37 HTTP/1.1" 200 931
"GET /repository/history?id=36 HTTP/1.1" 200 890
"GET /repository/history?id=39 HTTP/1.1" 200 343
"POST /repository/search HTTP/1.1" 200 17178
"GET /repository/history?id=41 HTTP/1.1" 200 361
"GET /repository/history?id=45 HTTP/1.1" 200 408
"GET /repository/history?id=40 HTTP/1.1" 200 343
"GET /repository/history?id=42 HTTP/1.1" 200 327
"GET /repository/history?id=44 HTTP/1.1" 200 378
"GET /repository/history?id=43 HTTP/1.1" 200 329
"GET /repository/history?id=39 HTTP/1.1" 200 343
"GET /repository/history?id=37 HTTP/1.1" 200 931
"GET /repository/history?id=36 HTTP/1.1" 200 890
"GET /repository/history?id=38 HTTP/1.1" 200 609
登录请求 - 用户名: admin, 请求方法: POST
找到用户: admin, 用户ID: 1, 用户状态: 1
密码验证结果: True
"POST /user/login?username=admin&password=1234567&rememberMe=true HTTP/1.1" 200 5644
"POST /user/search HTTP/1.1" 200 8610
"GET /role/listAll HTTP/1.1" 200 1379
"GET /role/listAll HTTP/1.1" 200 1379
"GET /user/dept/list HTTP/1.1" 200 492
"GET /user/post/list HTTP/1.1" 200 1020
"GET /user/level/list HTTP/1.1" 200 174
"POST /event/search HTTP/1.1" 200 1315
"POST /user/search HTTP/1.1" 200 8610
"GET /user/level/list HTTP/1.1" 200 174
"GET /user/post/list HTTP/1.1" 200 1020
"GET /user/dept/list HTTP/1.1" 200 492
"GET /user/action?id=27 HTTP/1.1" 200 693
页面大小: 10, 页码: 1
"POST /role/search HTTP/1.1" 200 1391
菜单查询集: <QuerySet [<SysMenu: SysMenu object (1)>, <SysMenu: SysMenu object (3)>, <SysMenu: SysMenu object (11)>, <SysMenu: SysMenu object (2)>, <SysMenu: SysMenu object (4)>, <SysMenu: SysMenu object (5)>, <SysMenu: SysMenu object (14)>, <SysMenu: SysMenu object (6)>, <SysMenu: SysMenu object (17)>, <SysMenu: SysMenu object (7)>, <SysMenu: SysMenu object (16)>, <SysMenu: SysMenu object (8)>, <SysMenu: SysMenu object (18)>, <SysMenu: SysMenu object (19)>, <SysMenu: SysMenu object (20)>, <SysMenu: SysMenu object (21)>]>
菜单树结果: [<SysMenu: SysMenu object (1)>, <SysMenu: SysMenu object (2)>]
"GET /menu/treeList HTTP/1.1" 200 4551
"GET /role/menus?id=1 HTTP/1.1" 200 81
菜单查询集: <QuerySet [<SysMenu: SysMenu object (1)>, <SysMenu: SysMenu object (3)>, <SysMenu: SysMenu object (11)>, <SysMenu: SysMenu object (2)>, <SysMenu: SysMenu object (4)>, <SysMenu: SysMenu object (5)>, <SysMenu: SysMenu object (14)>, <SysMenu: SysMenu object (6)>, <SysMenu: SysMenu object (17)>, <SysMenu: SysMenu object (7)>, <SysMenu: SysMenu object (16)>, <SysMenu: SysMenu object (8)>, <SysMenu: SysMenu object (18)>, <SysMenu: SysMenu object (19)>, <SysMenu: SysMenu object (20)>, <SysMenu: SysMenu object (21)>]>
菜单树结果: [<SysMenu: SysMenu object (1)>, <SysMenu: SysMenu object (2)>]
"GET /menu/treeList HTTP/1.1" 200 4551
菜单查询集: <QuerySet [<SysMenu: SysMenu object (1)>, <SysMenu: SysMenu object (3)>, <SysMenu: SysMenu object (11)>, <SysMenu: SysMenu object (2)>, <SysMenu: SysMenu object (4)>, <SysMenu: SysMenu object (5)>, <SysMenu: SysMenu object (14)>, <SysMenu: SysMenu object (6)>, <SysMenu: SysMenu object (17)>, <SysMenu: SysMenu object (7)>, <SysMenu: SysMenu object (16)>, <SysMenu: SysMenu object (8)>, <SysMenu: SysMenu object (18)>, <SysMenu: SysMenu object (19)>, <SysMenu: SysMenu object (20)>, <SysMenu: SysMenu object (21)>]>
"GET /role/menus?id=1 HTTP/1.1" 200 81
菜单树结果: [<SysMenu: SysMenu object (1)>, <SysMenu: SysMenu object (2)>]
"GET /menu/treeList HTTP/1.1" 200 4551
"GET /role/menus?id=2 HTTP/1.1" 200 40
菜单查询集: <QuerySet [<SysMenu: SysMenu object (1)>, <SysMenu: SysMenu object (3)>, <SysMenu: SysMenu object (11)>, <SysMenu: SysMenu object (2)>, <SysMenu: SysMenu object (4)>, <SysMenu: SysMenu object (5)>, <SysMenu: SysMenu object (14)>, <SysMenu: SysMenu object (6)>, <SysMenu: SysMenu object (17)>, <SysMenu: SysMenu object (7)>, <SysMenu: SysMenu object (16)>, <SysMenu: SysMenu object (8)>, <SysMenu: SysMenu object (18)>, <SysMenu: SysMenu object (19)>, <SysMenu: SysMenu object (20)>, <SysMenu: SysMenu object (21)>]>
菜单树结果: [<SysMenu: SysMenu object (1)>, <SysMenu: SysMenu object (2)>]
"GET /menu/treeList HTTP/1.1" 200 4551
菜单查询集: <QuerySet [<SysMenu: SysMenu object (1)>, <SysMenu: SysMenu object (3)>, <SysMenu: SysMenu object (11)>, <SysMenu: SysMenu object (2)>, <SysMenu: SysMenu object (4)>, <SysMenu: SysMenu object (5)>, <SysMenu: SysMenu object (14)>, <SysMenu: SysMenu object (6)>, <SysMenu: SysMenu object (17)>, <SysMenu: SysMenu object (7)>, <SysMenu: SysMenu object (16)>, <SysMenu: SysMenu object (8)>, <SysMenu: SysMenu object (18)>, <SysMenu: SysMenu object (19)>, <SysMenu: SysMenu object (20)>, <SysMenu: SysMenu object (21)>]>
"GET /role/menus?id=2 HTTP/1.1" 200 40
菜单树结果: [<SysMenu: SysMenu object (1)>, <SysMenu: SysMenu object (2)>]
"GET /menu/treeList HTTP/1.1" 200 4551
"GET /role/menus?id=30 HTTP/1.1" 200 40
菜单查询集: <QuerySet [<SysMenu: SysMenu object (1)>, <SysMenu: SysMenu object (3)>, <SysMenu: SysMenu object (11)>, <SysMenu: SysMenu object (2)>, <SysMenu: SysMenu object (4)>, <SysMenu: SysMenu object (5)>, <SysMenu: SysMenu object (14)>, <SysMenu: SysMenu object (6)>, <SysMenu: SysMenu object (17)>, <SysMenu: SysMenu object (7)>, <SysMenu: SysMenu object (16)>, <SysMenu: SysMenu object (8)>, <SysMenu: SysMenu object (18)>, <SysMenu: SysMenu object (19)>, <SysMenu: SysMenu object (20)>, <SysMenu: SysMenu object (21)>]>
菜单树结果: [<SysMenu: SysMenu object (1)>, <SysMenu: SysMenu object (2)>]
"GET /menu/treeList HTTP/1.1" 200 4551
菜单查询集: <QuerySet [<SysMenu: SysMenu object (1)>, <SysMenu: SysMenu object (3)>, <SysMenu: SysMenu object (11)>, <SysMenu: SysMenu object (2)>, <SysMenu: SysMenu object (4)>, <SysMenu: SysMenu object (5)>, <SysMenu: SysMenu object (14)>, <SysMenu: SysMenu object (6)>, <SysMenu: SysMenu object (17)>, <SysMenu: SysMenu object (7)>, <SysMenu: SysMenu object (16)>, <SysMenu: SysMenu object (8)>, <SysMenu: SysMenu object (18)>, <SysMenu: SysMenu object (19)>, <SysMenu: SysMenu object (20)>, <SysMenu: SysMenu object (21)>]>
"GET /role/menus?id=30 HTTP/1.1" 200 40
菜单树结果: [<SysMenu: SysMenu object (1)>, <SysMenu: SysMenu object (2)>]
"GET /menu/treeList HTTP/1.1" 200 4551
"GET /role/menus?id=31 HTTP/1.1" 200 40
菜单查询集: <QuerySet [<SysMenu: SysMenu object (1)>, <SysMenu: SysMenu object (3)>, <SysMenu: SysMenu object (11)>, <SysMenu: SysMenu object (2)>, <SysMenu: SysMenu object (4)>, <SysMenu: SysMenu object (5)>, <SysMenu: SysMenu object (14)>, <SysMenu: SysMenu object (6)>, <SysMenu: SysMenu object (17)>, <SysMenu: SysMenu object (7)>, <SysMenu: SysMenu object (16)>, <SysMenu: SysMenu object (8)>, <SysMenu: SysMenu object (18)>, <SysMenu: SysMenu object (19)>, <SysMenu: SysMenu object (20)>, <SysMenu: SysMenu object (21)>]>
菜单树结果: [<SysMenu: SysMenu object (1)>, <SysMenu: SysMenu object (2)>]
"GET /menu/treeList HTTP/1.1" 200 4551
菜单查询集: <QuerySet [<SysMenu: SysMenu object (1)>, <SysMenu: SysMenu object (3)>, <SysMenu: SysMenu object (11)>, <SysMenu: SysMenu object (2)>, <SysMenu: SysMenu object (4)>, <SysMenu: SysMenu object (5)>, <SysMenu: SysMenu object (14)>, <SysMenu: SysMenu object (6)>, <SysMenu: SysMenu object (17)>, <SysMenu: SysMenu object (7)>, <SysMenu: SysMenu object (16)>, <SysMenu: SysMenu object (8)>, <SysMenu: SysMenu object (18)>, <SysMenu: SysMenu object (19)>, <SysMenu: SysMenu object (20)>, <SysMenu: SysMenu object (21)>]>
"GET /role/menus?id=31 HTTP/1.1" 200 40
菜单树结果: [<SysMenu: SysMenu object (1)>, <SysMenu: SysMenu object (2)>]
"GET /menu/treeList HTTP/1.1" 200 4551
"GET /role/menus?id=32 HTTP/1.1" 200 44
菜单查询集: <QuerySet [<SysMenu: SysMenu object (1)>, <SysMenu: SysMenu object (3)>, <SysMenu: SysMenu object (11)>, <SysMenu: SysMenu object (2)>, <SysMenu: SysMenu object (4)>, <SysMenu: SysMenu object (5)>, <SysMenu: SysMenu object (14)>, <SysMenu: SysMenu object (6)>, <SysMenu: SysMenu object (17)>, <SysMenu: SysMenu object (7)>, <SysMenu: SysMenu object (16)>, <SysMenu: SysMenu object (8)>, <SysMenu: SysMenu object (18)>, <SysMenu: SysMenu object (19)>, <SysMenu: SysMenu object (20)>, <SysMenu: SysMenu object (21)>]>
菜单树结果: [<SysMenu: SysMenu object (1)>, <SysMenu: SysMenu object (2)>]
"GET /menu/treeList HTTP/1.1" 200 4551
"GET /role/menus?id=32 HTTP/1.1" 200 44
"GET /role/action?id=2 HTTP/1.1" 200 261
"GET /role/action?id=2 HTTP/1.1" 200 261
"GET /role/action?id=31 HTTP/1.1" 200 316
"GET /role/action?id=31 HTTP/1.1" 200 316
菜单查询集: <QuerySet [<SysMenu: SysMenu object (1)>, <SysMenu: SysMenu object (3)>, <SysMenu: SysMenu object (11)>, <SysMenu: SysMenu object (2)>, <SysMenu: SysMenu object (4)>, <SysMenu: SysMenu object (5)>, <SysMenu: SysMenu object (14)>, <SysMenu: SysMenu object (6)>, <SysMenu: SysMenu object (17)>, <SysMenu: SysMenu object (7)>, <SysMenu: SysMenu object (16)>, <SysMenu: SysMenu object (8)>, <SysMenu: SysMenu object (18)>, <SysMenu: SysMenu object (19)>, <SysMenu: SysMenu object (20)>, <SysMenu: SysMenu object (21)>]>
菜单树结果: [<SysMenu: SysMenu object (1)>, <SysMenu: SysMenu object (2)>]
"GET /menu/treeList HTTP/1.1" 200 4551
"GET /department/treeList HTTP/1.1" 200 2344
"POST /post/search HTTP/1.1" 200 1638
"POST /level/search HTTP/1.1" 200 634
"POST /classify/search HTTP/1.1" 200 2081
"POST /event/search HTTP/1.1" 200 1315
"POST /event/search HTTP/1.1" 200 1315
"POST /user/search HTTP/1.1" 200 8610
"POST /user/search HTTP/1.1" 200 8610
"POST /user/search HTTP/1.1" 200 8610
登录请求 - 用户名: admin, 请求方法: POST
找到用户: admin, 用户ID: 1, 用户状态: 1
密码验证结果: True
"POST /user/login?username=admin&password=1234567&rememberMe=true HTTP/1.1" 200 5688
"POST /user/search HTTP/1.1" 200 8610
页面大小: 10, 页码: 1
"POST /role/search HTTP/1.1" 200 1391
菜单查询集: <QuerySet [<SysMenu: SysMenu object (3)>, <SysMenu: SysMenu object (1)>, <SysMenu: SysMenu object (27)>, <SysMenu: SysMenu object (11)>, <SysMenu: SysMenu object (22)>, <SysMenu: SysMenu object (2)>, <SysMenu: SysMenu object (4)>, <SysMenu: SysMenu object (28)>, <SysMenu: SysMenu object (23)>, <SysMenu: SysMenu object (29)>, <SysMenu: SysMenu object (24)>, <SysMenu: SysMenu object (14)>, <SysMenu: SysMenu object (5)>, <SysMenu: SysMenu object (17)>, <SysMenu: SysMenu object (25)>, <SysMenu: SysMenu object (6)>, <SysMenu: SysMenu object (16)>, <SysMenu: SysMenu object (26)>, <SysMenu: SysMenu object (7)>, <SysMenu: SysMenu object (8)>, '...(remaining elements truncated)...']>
菜单树结果: [<SysMenu: SysMenu object (1)>, <SysMenu: SysMenu object (2)>]
"GET /menu/treeList HTTP/1.1" 200 4595
"GET /role/menus?id=1 HTTP/1.1" 200 117
菜单查询集: <QuerySet [<SysMenu: SysMenu object (3)>, <SysMenu: SysMenu object (1)>, <SysMenu: SysMenu object (27)>, <SysMenu: SysMenu object (11)>, <SysMenu: SysMenu object (22)>, <SysMenu: SysMenu object (2)>, <SysMenu: SysMenu object (4)>, <SysMenu: SysMenu object (28)>, <SysMenu: SysMenu object (23)>, <SysMenu: SysMenu object (29)>, <SysMenu: SysMenu object (24)>, <SysMenu: SysMenu object (14)>, <SysMenu: SysMenu object (5)>, <SysMenu: SysMenu object (17)>, <SysMenu: SysMenu object (25)>, <SysMenu: SysMenu object (6)>, <SysMenu: SysMenu object (16)>, <SysMenu: SysMenu object (26)>, <SysMenu: SysMenu object (7)>, <SysMenu: SysMenu object (8)>, '...(remaining elements truncated)...']>
菜单树结果: [<SysMenu: SysMenu object (1)>, <SysMenu: SysMenu object (2)>]
"GET /menu/treeList HTTP/1.1" 200 4595
"GET /role/menus?id=1 HTTP/1.1" 200 117
菜单查询集: <QuerySet [<SysMenu: SysMenu object (3)>, <SysMenu: SysMenu object (1)>, <SysMenu: SysMenu object (27)>, <SysMenu: SysMenu object (11)>, <SysMenu: SysMenu object (22)>, <SysMenu: SysMenu object (2)>, <SysMenu: SysMenu object (4)>, <SysMenu: SysMenu object (28)>, <SysMenu: SysMenu object (23)>, <SysMenu: SysMenu object (29)>, <SysMenu: SysMenu object (24)>, <SysMenu: SysMenu object (14)>, <SysMenu: SysMenu object (5)>, <SysMenu: SysMenu object (17)>, <SysMenu: SysMenu object (25)>, <SysMenu: SysMenu object (6)>, <SysMenu: SysMenu object (16)>, <SysMenu: SysMenu object (26)>, <SysMenu: SysMenu object (7)>, <SysMenu: SysMenu object (8)>, '...(remaining elements truncated)...']>
菜单树结果: [<SysMenu: SysMenu object (1)>, <SysMenu: SysMenu object (2)>]
"GET /menu/treeList HTTP/1.1" 200 4595
菜单查询集: <QuerySet [<SysMenu: SysMenu object (3)>, <SysMenu: SysMenu object (1)>, <SysMenu: SysMenu object (27)>, <SysMenu: SysMenu object (11)>, <SysMenu: SysMenu object (22)>, <SysMenu: SysMenu object (2)>, <SysMenu: SysMenu object (4)>, <SysMenu: SysMenu object (28)>, <SysMenu: SysMenu object (23)>, <SysMenu: SysMenu object (29)>, <SysMenu: SysMenu object (24)>, <SysMenu: SysMenu object (14)>, <SysMenu: SysMenu object (5)>, <SysMenu: SysMenu object (17)>, <SysMenu: SysMenu object (25)>, <SysMenu: SysMenu object (6)>, <SysMenu: SysMenu object (16)>, <SysMenu: SysMenu object (26)>, <SysMenu: SysMenu object (7)>, <SysMenu: SysMenu object (8)>, '...(remaining elements truncated)...']>
菜单树结果: [<SysMenu: SysMenu object (1)>, <SysMenu: SysMenu object (2)>]
"GET /menu/treeList HTTP/1.1" 200 4595
"POST /user/search HTTP/1.1" 200 8610
"GET /files/list/?page=1&page_size=10 HTTP/1.1" 200 4201
页面大小: 10, 页码: 1
"POST /role/search HTTP/1.1" 200 1391
"POST /user/search HTTP/1.1" 200 8610
"POST /user/search HTTP/1.1" 200 8610
"POST /user/search HTTP/1.1" 200 8610
"POST /user/search HTTP/1.1" 200 8610
"POST /user/search HTTP/1.1" 200 53
"POST /user/search HTTP/1.1" 200 53
登录请求 - 用户名: admin, 请求方法: POST
找到用户: admin, 用户ID: 1, 用户状态: 1
密码验证结果: True
"POST /user/login?username=admin&password=1234567&rememberMe=true HTTP/1.1" 200 5688
登录请求 - 用户名: admin, 请求方法: POST
找到用户: admin, 用户ID: 1, 用户状态: 1
密码验证结果: True
"POST /user/login?username=admin&password=1234567&rememberMe=true HTTP/1.1" 200 5688
Watching for file changes with StatReloader
"POST /event/search HTTP/1.1" 200 83
"POST /event/search HTTP/1.1" 200 83
登录请求 - 用户名: admin, 请求方法: POST
找到用户: admin, 用户ID: 1, 用户状态: 1
密码验证结果: True
"POST /user/login?username=admin&password=1234567&rememberMe=true HTTP/1.1" 200 6324
"POST /user/search HTTP/1.1" 200 8610
"GET /role/listAll HTTP/1.1" 200 1379
"GET /role/listAll HTTP/1.1" 200 1379
"GET /user/dept/list HTTP/1.1" 200 492
"GET /user/level/list HTTP/1.1" 200 174
"GET /user/post/list HTTP/1.1" 200 1020
"GET /user/action?id=27 HTTP/1.1" 200 693
"GET /user/level/list HTTP/1.1" 200 174
"GET /user/dept/list HTTP/1.1" 200 492
"GET /user/post/list HTTP/1.1" 200 1020
D:\my_project\Django_admin\jj_system\common\decorators.py changed, reloading.
Watching for file changes with StatReloader
"GET /files/list/?page=1&page_size=10 HTTP/1.1" 200 4201
页面大小: 10, 页码: 1
"POST /role/search HTTP/1.1" 200 1391
"POST /user/search HTTP/1.1" 200 8610
"POST /role/save HTTP/1.1" 200 13
页面大小: 10, 页码: 1
"POST /role/search HTTP/1.1" 200 1608
菜单查询集: <QuerySet [<SysMenu: SysMenu object (3)>, <SysMenu: SysMenu object (1)>, <SysMenu: SysMenu object (27)>, <SysMenu: SysMenu object (11)>, <SysMenu: SysMenu object (22)>, <SysMenu: SysMenu object (2)>, <SysMenu: SysMenu object (4)>, <SysMenu: SysMenu object (28)>, <SysMenu: SysMenu object (23)>, <SysMenu: SysMenu object (29)>, <SysMenu: SysMenu object (24)>, <SysMenu: SysMenu object (14)>, <SysMenu: SysMenu object (5)>, <SysMenu: SysMenu object (17)>, <SysMenu: SysMenu object (25)>, <SysMenu: SysMenu object (6)>, <SysMenu: SysMenu object (16)>, <SysMenu: SysMenu object (26)>, <SysMenu: SysMenu object (7)>, <SysMenu: SysMenu object (8)>, '...(remaining elements truncated)...']>
菜单树结果: [<SysMenu: SysMenu object (1)>, <SysMenu: SysMenu object (2)>]
"GET /menu/treeList HTTP/1.1" 200 4595
"GET /role/menus?id=33 HTTP/1.1" 200 31
角色ID: 33, 菜单ID列表: [3]
"POST /role/grant HTTP/1.1" 200 13
页面大小: 10, 页码: 1
菜单查询集: <QuerySet [<SysMenu: SysMenu object (3)>, <SysMenu: SysMenu object (1)>, <SysMenu: SysMenu object (27)>, <SysMenu: SysMenu object (11)>, <SysMenu: SysMenu object (22)>, <SysMenu: SysMenu object (2)>, <SysMenu: SysMenu object (4)>, <SysMenu: SysMenu object (28)>, <SysMenu: SysMenu object (23)>, <SysMenu: SysMenu object (29)>, <SysMenu: SysMenu object (24)>, <SysMenu: SysMenu object (14)>, <SysMenu: SysMenu object (5)>, <SysMenu: SysMenu object (17)>, <SysMenu: SysMenu object (25)>, <SysMenu: SysMenu object (6)>, <SysMenu: SysMenu object (16)>, <SysMenu: SysMenu object (26)>, <SysMenu: SysMenu object (7)>, <SysMenu: SysMenu object (8)>, '...(remaining elements truncated)...']>
菜单树结果: [<SysMenu: SysMenu object (1)>, <SysMenu: SysMenu object (2)>]
"GET /menu/treeList HTTP/1.1" 200 4595
"POST /role/search HTTP/1.1" 200 1608
"GET /role/menus?id=33 HTTP/1.1" 200 32
"POST /user/search HTTP/1.1" 200 8610
"GET /user/level/list HTTP/1.1" 200 174
"GET /user/post/list HTTP/1.1" 200 1020
"GET /user/dept/list HTTP/1.1" 200 492
"POST /user/check HTTP/1.1" 200 13
"POST /role/search HTTP/1.1" 200 154
"POST /role/search HTTP/1.1" 200 154
页面大小: 10, 页码: 1
菜单查询集: <QuerySet [<SysMenu: SysMenu object (3)>, <SysMenu: SysMenu object (1)>, <SysMenu: SysMenu object (27)>, <SysMenu: SysMenu object (11)>, <SysMenu: SysMenu object (22)>, <SysMenu: SysMenu object (2)>, <SysMenu: SysMenu object (4)>, <SysMenu: SysMenu object (28)>, <SysMenu: SysMenu object (23)>, <SysMenu: SysMenu object (29)>, <SysMenu: SysMenu object (24)>, <SysMenu: SysMenu object (14)>, <SysMenu: SysMenu object (5)>, <SysMenu: SysMenu object (17)>, <SysMenu: SysMenu object (25)>, <SysMenu: SysMenu object (6)>, <SysMenu: SysMenu object (16)>, <SysMenu: SysMenu object (26)>, <SysMenu: SysMenu object (7)>, <SysMenu: SysMenu object (8)>, '...(remaining elements truncated)...']>
菜单树结果: [<SysMenu: SysMenu object (1)>, <SysMenu: SysMenu object (2)>]
"GET /menu/treeList HTTP/1.1" 200 4595
"POST /role/search HTTP/1.1" 200 1608
"GET /department/treeList HTTP/1.1" 200 2344
"POST /post/search HTTP/1.1" 200 1638
"POST /level/search HTTP/1.1" 200 634
"POST /classify/search HTTP/1.1" 200 2081
"POST /event/search HTTP/1.1" 200 1315
菜单查询集: <QuerySet [<SysMenu: SysMenu object (3)>, <SysMenu: SysMenu object (1)>, <SysMenu: SysMenu object (27)>, <SysMenu: SysMenu object (11)>, <SysMenu: SysMenu object (22)>, <SysMenu: SysMenu object (2)>, <SysMenu: SysMenu object (4)>, <SysMenu: SysMenu object (28)>, <SysMenu: SysMenu object (23)>, <SysMenu: SysMenu object (29)>, <SysMenu: SysMenu object (24)>, <SysMenu: SysMenu object (14)>, <SysMenu: SysMenu object (5)>, <SysMenu: SysMenu object (17)>, <SysMenu: SysMenu object (25)>, <SysMenu: SysMenu object (6)>, <SysMenu: SysMenu object (16)>, <SysMenu: SysMenu object (26)>, <SysMenu: SysMenu object (7)>, <SysMenu: SysMenu object (8)>, '...(remaining elements truncated)...']>
菜单树结果: [<SysMenu: SysMenu object (1)>, <SysMenu: SysMenu object (2)>]
"GET /menu/treeList HTTP/1.1" 200 4595
页面大小: 10, 页码: 1
"POST /role/search HTTP/1.1" 200 1608
菜单查询集: <QuerySet [<SysMenu: SysMenu object (3)>, <SysMenu: SysMenu object (1)>, <SysMenu: SysMenu object (27)>, <SysMenu: SysMenu object (11)>, <SysMenu: SysMenu object (22)>, <SysMenu: SysMenu object (2)>, <SysMenu: SysMenu object (4)>, <SysMenu: SysMenu object (28)>, <SysMenu: SysMenu object (23)>, <SysMenu: SysMenu object (29)>, <SysMenu: SysMenu object (24)>, <SysMenu: SysMenu object (14)>, <SysMenu: SysMenu object (5)>, <SysMenu: SysMenu object (17)>, <SysMenu: SysMenu object (25)>, <SysMenu: SysMenu object (6)>, <SysMenu: SysMenu object (16)>, <SysMenu: SysMenu object (26)>, <SysMenu: SysMenu object (7)>, <SysMenu: SysMenu object (8)>, '...(remaining elements truncated)...']>
菜单树结果: [<SysMenu: SysMenu object (1)>, <SysMenu: SysMenu object (2)>]
"GET /menu/treeList HTTP/1.1" 200 4595
"GET /role/menus?id=33 HTTP/1.1" 200 32
菜单查询集: <QuerySet [<SysMenu: SysMenu object (3)>, <SysMenu: SysMenu object (1)>, <SysMenu: SysMenu object (27)>, <SysMenu: SysMenu object (11)>, <SysMenu: SysMenu object (22)>, <SysMenu: SysMenu object (2)>, <SysMenu: SysMenu object (4)>, <SysMenu: SysMenu object (28)>, <SysMenu: SysMenu object (23)>, <SysMenu: SysMenu object (29)>, <SysMenu: SysMenu object (24)>, <SysMenu: SysMenu object (14)>, <SysMenu: SysMenu object (5)>, <SysMenu: SysMenu object (17)>, <SysMenu: SysMenu object (25)>, <SysMenu: SysMenu object (6)>, <SysMenu: SysMenu object (16)>, <SysMenu: SysMenu object (26)>, <SysMenu: SysMenu object (7)>, <SysMenu: SysMenu object (8)>, '...(remaining elements truncated)...']>
菜单树结果: [<SysMenu: SysMenu object (1)>, <SysMenu: SysMenu object (2)>]
"GET /menu/treeList HTTP/1.1" 200 4595
"GET /role/menus?id=33 HTTP/1.1" 200 32
"GET /role/action?id=33 HTTP/1.1" 200 244
"GET /role/action?id=33 HTTP/1.1" 200 244
菜单查询集: <QuerySet [<SysMenu: SysMenu object (3)>, <SysMenu: SysMenu object (1)>, <SysMenu: SysMenu object (27)>, <SysMenu: SysMenu object (11)>, <SysMenu: SysMenu object (22)>, <SysMenu: SysMenu object (2)>, <SysMenu: SysMenu object (4)>, <SysMenu: SysMenu object (28)>, <SysMenu: SysMenu object (23)>, <SysMenu: SysMenu object (29)>, <SysMenu: SysMenu object (24)>, <SysMenu: SysMenu object (14)>, <SysMenu: SysMenu object (5)>, <SysMenu: SysMenu object (17)>, <SysMenu: SysMenu object (25)>, <SysMenu: SysMenu object (6)>, <SysMenu: SysMenu object (16)>, <SysMenu: SysMenu object (26)>, <SysMenu: SysMenu object (7)>, <SysMenu: SysMenu object (8)>, '...(remaining elements truncated)...']>
菜单树结果: [<SysMenu: SysMenu object (1)>, <SysMenu: SysMenu object (2)>]
"GET /menu/treeList HTTP/1.1" 200 4595
"GET /role/menus?id=1 HTTP/1.1" 200 117
菜单查询集: <QuerySet [<SysMenu: SysMenu object (3)>, <SysMenu: SysMenu object (1)>, <SysMenu: SysMenu object (27)>, <SysMenu: SysMenu object (11)>, <SysMenu: SysMenu object (22)>, <SysMenu: SysMenu object (2)>, <SysMenu: SysMenu object (4)>, <SysMenu: SysMenu object (28)>, <SysMenu: SysMenu object (23)>, <SysMenu: SysMenu object (29)>, <SysMenu: SysMenu object (24)>, <SysMenu: SysMenu object (14)>, <SysMenu: SysMenu object (5)>, <SysMenu: SysMenu object (17)>, <SysMenu: SysMenu object (25)>, <SysMenu: SysMenu object (6)>, <SysMenu: SysMenu object (16)>, <SysMenu: SysMenu object (26)>, <SysMenu: SysMenu object (7)>, <SysMenu: SysMenu object (8)>, '...(remaining elements truncated)...']>
菜单树结果: [<SysMenu: SysMenu object (1)>, <SysMenu: SysMenu object (2)>]
"GET /menu/treeList HTTP/1.1" 200 4595
"GET /role/menus?id=1 HTTP/1.1" 200 117
"POST /user/search HTTP/1.1" 200 8610
"POST /user/search HTTP/1.1" 200 8610
"GET /role/listAll HTTP/1.1" 200 1596
"GET /role/listAll HTTP/1.1" 200 1596
"GET /user/level/list HTTP/1.1" 200 174
"GET /user/dept/list HTTP/1.1" 200 492
"GET /user/post/list HTTP/1.1" 200 1020
"POST /user/search HTTP/1.1" 200 8610
"GET /user/post/list HTTP/1.1" 200 1020
"GET /user/dept/list HTTP/1.1" 200 492
"GET /user/level/list HTTP/1.1" 200 174
"POST /user/check HTTP/1.1" 200 13
"POST /user/check HTTP/1.1" 200 13
"POST /user/save HTTP/1.1" 200 13
"POST /user/search HTTP/1.1" 200 8610
"POST /user/search HTTP/1.1" 200 1607
"POST /user/search HTTP/1.1" 200 8610
"POST /repository/search HTTP/1.1" 200 17181
"GET /repository/history?id=44 HTTP/1.1" 200 378
"GET /repository/history?id=41 HTTP/1.1" 200 361
"GET /repository/history?id=36 HTTP/1.1" 200 890
"GET /repository/history?id=42 HTTP/1.1" 200 327
"GET /repository/history?id=43 HTTP/1.1" 200 329
"GET /repository/history?id=45 HTTP/1.1" 200 408
"GET /repository/history?id=39 HTTP/1.1" 200 343
"GET /repository/history?id=40 HTTP/1.1" 200 343
"GET /repository/history?id=38 HTTP/1.1" 200 609
"GET /repository/history?id=37 HTTP/1.1" 200 931
"POST /user/search HTTP/1.1" 200 8610
"POST /user/search HTTP/1.1" 200 1607
"GET /role/listAll HTTP/1.1" 200 1596
"POST /user/grantRole HTTP/1.1" 200 13
"GET /role/listAll HTTP/1.1" 200 1596
"POST /user/search HTTP/1.1" 200 1653
登录请求 - 用户名: cs, 请求方法: POST
找到用户: cs, 用户ID: 69, 用户状态: 1
密码验证结果: True
"POST /user/login?username=cs&password=123456&rememberMe=true HTTP/1.1" 200 1061
登录请求 - 用户名: admin, 请求方法: POST
找到用户: admin, 用户ID: 1, 用户状态: 1
密码验证结果: True
"POST /user/login?username=admin&password=1234567&rememberMe=true HTTP/1.1" 200 6324
登录请求 - 用户名: admin, 请求方法: POST
找到用户: admin, 用户ID: 1, 用户状态: 1
密码验证结果: True
"POST /user/login?username=admin&password=1234567&rememberMe=true HTTP/1.1" 200 6324
"POST /user/search HTTP/1.1" 200 8610
"POST /user/search HTTP/1.1" 200 1653
"GET /role/listAll HTTP/1.1" 200 1596
"GET /role/listAll HTTP/1.1" 200 1596
页面大小: 10, 页码: 1
"POST /role/search HTTP/1.1" 200 1608
菜单查询集: <QuerySet [<SysMenu: SysMenu object (3)>, <SysMenu: SysMenu object (1)>, <SysMenu: SysMenu object (27)>, <SysMenu: SysMenu object (11)>, <SysMenu: SysMenu object (22)>, <SysMenu: SysMenu object (2)>, <SysMenu: SysMenu object (4)>, <SysMenu: SysMenu object (28)>, <SysMenu: SysMenu object (23)>, <SysMenu: SysMenu object (29)>, <SysMenu: SysMenu object (24)>, <SysMenu: SysMenu object (14)>, <SysMenu: SysMenu object (5)>, <SysMenu: SysMenu object (17)>, <SysMenu: SysMenu object (25)>, <SysMenu: SysMenu object (6)>, <SysMenu: SysMenu object (16)>, <SysMenu: SysMenu object (26)>, <SysMenu: SysMenu object (7)>, <SysMenu: SysMenu object (8)>, '...(remaining elements truncated)...']>
菜单树结果: [<SysMenu: SysMenu object (1)>, <SysMenu: SysMenu object (2)>]
"GET /menu/treeList HTTP/1.1" 200 4595
"GET /role/menus?id=33 HTTP/1.1" 200 32
菜单查询集: <QuerySet [<SysMenu: SysMenu object (3)>, <SysMenu: SysMenu object (1)>, <SysMenu: SysMenu object (27)>, <SysMenu: SysMenu object (11)>, <SysMenu: SysMenu object (22)>, <SysMenu: SysMenu object (2)>, <SysMenu: SysMenu object (4)>, <SysMenu: SysMenu object (28)>, <SysMenu: SysMenu object (23)>, <SysMenu: SysMenu object (29)>, <SysMenu: SysMenu object (24)>, <SysMenu: SysMenu object (14)>, <SysMenu: SysMenu object (5)>, <SysMenu: SysMenu object (17)>, <SysMenu: SysMenu object (25)>, <SysMenu: SysMenu object (6)>, <SysMenu: SysMenu object (16)>, <SysMenu: SysMenu object (26)>, <SysMenu: SysMenu object (7)>, <SysMenu: SysMenu object (8)>, '...(remaining elements truncated)...']>
菜单树结果: [<SysMenu: SysMenu object (1)>, <SysMenu: SysMenu object (2)>]
"GET /menu/treeList HTTP/1.1" 200 4595
"GET /role/menus?id=33 HTTP/1.1" 200 32
登录请求 - 用户名: jj, 请求方法: POST
登录失败 - 用户不存在: jj
"POST /user/login?username=jj&password=123456&rememberMe=true HTTP/1.1" 200 85
登录请求 - 用户名: cs, 请求方法: POST
找到用户: cs, 用户ID: 69, 用户状态: 1
密码验证结果: True
"POST /user/login?username=cs&password=123456&rememberMe=true HTTP/1.1" 200 1061
登录请求 - 用户名: admin, 请求方法: POST
找到用户: admin, 用户ID: 1, 用户状态: 1
密码验证结果: True
"POST /user/login?username=admin&password=1234567&rememberMe=true HTTP/1.1" 200 6324
页面大小: 10, 页码: 1
"POST /role/search HTTP/1.1" 200 1608
菜单查询集: <QuerySet [<SysMenu: SysMenu object (3)>, <SysMenu: SysMenu object (1)>, <SysMenu: SysMenu object (27)>, <SysMenu: SysMenu object (11)>, <SysMenu: SysMenu object (22)>, <SysMenu: SysMenu object (2)>, <SysMenu: SysMenu object (4)>, <SysMenu: SysMenu object (28)>, <SysMenu: SysMenu object (23)>, <SysMenu: SysMenu object (29)>, <SysMenu: SysMenu object (24)>, <SysMenu: SysMenu object (14)>, <SysMenu: SysMenu object (5)>, <SysMenu: SysMenu object (17)>, <SysMenu: SysMenu object (25)>, <SysMenu: SysMenu object (6)>, <SysMenu: SysMenu object (16)>, <SysMenu: SysMenu object (26)>, <SysMenu: SysMenu object (7)>, <SysMenu: SysMenu object (8)>, '...(remaining elements truncated)...']>
菜单树结果: [<SysMenu: SysMenu object (1)>, <SysMenu: SysMenu object (2)>]
"GET /menu/treeList HTTP/1.1" 200 4595
"GET /role/menus?id=33 HTTP/1.1" 200 32
角色ID: 33, 菜单ID列表: [1, 3]
"POST /role/grant HTTP/1.1" 200 13
页面大小: 10, 页码: 1
菜单查询集: <QuerySet [<SysMenu: SysMenu object (3)>, <SysMenu: SysMenu object (1)>, <SysMenu: SysMenu object (27)>, <SysMenu: SysMenu object (11)>, <SysMenu: SysMenu object (22)>, <SysMenu: SysMenu object (2)>, <SysMenu: SysMenu object (4)>, <SysMenu: SysMenu object (28)>, <SysMenu: SysMenu object (23)>, <SysMenu: SysMenu object (29)>, <SysMenu: SysMenu object (24)>, <SysMenu: SysMenu object (14)>, <SysMenu: SysMenu object (5)>, <SysMenu: SysMenu object (17)>, <SysMenu: SysMenu object (25)>, <SysMenu: SysMenu object (6)>, <SysMenu: SysMenu object (16)>, <SysMenu: SysMenu object (26)>, <SysMenu: SysMenu object (7)>, <SysMenu: SysMenu object (8)>, '...(remaining elements truncated)...']>
菜单树结果: [<SysMenu: SysMenu object (1)>, <SysMenu: SysMenu object (2)>]
"GET /menu/treeList HTTP/1.1" 200 4595
"POST /role/search HTTP/1.1" 200 1608
"GET /role/menus?id=33 HTTP/1.1" 200 35
登录请求 - 用户名: cs, 请求方法: POST
找到用户: cs, 用户ID: 69, 用户状态: 1
密码验证结果: True
"POST /user/login?username=cs&password=123456&rememberMe=true HTTP/1.1" 200 1707
"POST /user/search HTTP/1.1" 200 834
登录请求 - 用户名: admin, 请求方法: POST
找到用户: admin, 用户ID: 1, 用户状态: 1
密码验证结果: False
登录失败 - 用户 admin 密码错误
"POST /user/login?username=admin&password=123456&rememberMe=true HTTP/1.1" 200 85
登录请求 - 用户名: admin, 请求方法: POST
找到用户: admin, 用户ID: 1, 用户状态: 1
密码验证结果: True
"POST /user/login?username=admin&password=1234567&rememberMe=true HTTP/1.1" 200 6324
"POST /user/search HTTP/1.1" 200 8610
"GET /role/listAll HTTP/1.1" 200 1596
"POST /user/grantRole HTTP/1.1" 200 13
"GET /role/listAll HTTP/1.1" 200 1596
"POST /user/search HTTP/1.1" 200 8658
"GET /role/listAll HTTP/1.1" 200 1596
"GET /role/listAll HTTP/1.1" 200 1596
登录请求 - 用户名: chenyong, 请求方法: POST
找到用户: chenyong, 用户ID: 27, 用户状态: 1
密码验证结果: True
"POST /user/login?username=chenyong&password=123456&rememberMe=true HTTP/1.1" 200 2696
"POST /user/search HTTP/1.1" 200 897
登录请求 - 用户名: admin, 请求方法: POST
找到用户: admin, 用户ID: 1, 用户状态: 1
密码验证结果: False
登录失败 - 用户 admin 密码错误
"POST /user/login?username=admin&password=123456&rememberMe=true HTTP/1.1" 200 85
登录请求 - 用户名: admin, 请求方法: POST
找到用户: admin, 用户ID: 1, 用户状态: 1
密码验证结果: True
"POST /user/login?username=admin&password=1234567&rememberMe=true HTTP/1.1" 200 6324
页面大小: 10, 页码: 1
"POST /role/search HTTP/1.1" 200 1608
菜单查询集: <QuerySet [<SysMenu: SysMenu object (3)>, <SysMenu: SysMenu object (1)>, <SysMenu: SysMenu object (27)>, <SysMenu: SysMenu object (11)>, <SysMenu: SysMenu object (22)>, <SysMenu: SysMenu object (2)>, <SysMenu: SysMenu object (4)>, <SysMenu: SysMenu object (28)>, <SysMenu: SysMenu object (23)>, <SysMenu: SysMenu object (29)>, <SysMenu: SysMenu object (24)>, <SysMenu: SysMenu object (14)>, <SysMenu: SysMenu object (5)>, <SysMenu: SysMenu object (17)>, <SysMenu: SysMenu object (25)>, <SysMenu: SysMenu object (6)>, <SysMenu: SysMenu object (16)>, <SysMenu: SysMenu object (26)>, <SysMenu: SysMenu object (7)>, <SysMenu: SysMenu object (8)>, '...(remaining elements truncated)...']>
菜单树结果: [<SysMenu: SysMenu object (1)>, <SysMenu: SysMenu object (2)>]
"GET /menu/treeList HTTP/1.1" 200 4595
"GET /role/menus?id=1 HTTP/1.1" 200 117
菜单查询集: <QuerySet [<SysMenu: SysMenu object (3)>, <SysMenu: SysMenu object (1)>, <SysMenu: SysMenu object (27)>, <SysMenu: SysMenu object (11)>, <SysMenu: SysMenu object (22)>, <SysMenu: SysMenu object (2)>, <SysMenu: SysMenu object (4)>, <SysMenu: SysMenu object (28)>, <SysMenu: SysMenu object (23)>, <SysMenu: SysMenu object (29)>, <SysMenu: SysMenu object (24)>, <SysMenu: SysMenu object (14)>, <SysMenu: SysMenu object (5)>, <SysMenu: SysMenu object (17)>, <SysMenu: SysMenu object (25)>, <SysMenu: SysMenu object (6)>, <SysMenu: SysMenu object (16)>, <SysMenu: SysMenu object (26)>, <SysMenu: SysMenu object (7)>, <SysMenu: SysMenu object (8)>, '...(remaining elements truncated)...']>
菜单树结果: [<SysMenu: SysMenu object (1)>, <SysMenu: SysMenu object (2)>]
"GET /menu/treeList HTTP/1.1" 200 4595
"GET /role/menus?id=1 HTTP/1.1" 200 117
菜单查询集: <QuerySet [<SysMenu: SysMenu object (3)>, <SysMenu: SysMenu object (1)>, <SysMenu: SysMenu object (27)>, <SysMenu: SysMenu object (11)>, <SysMenu: SysMenu object (22)>, <SysMenu: SysMenu object (2)>, <SysMenu: SysMenu object (4)>, <SysMenu: SysMenu object (28)>, <SysMenu: SysMenu object (23)>, <SysMenu: SysMenu object (29)>, <SysMenu: SysMenu object (24)>, <SysMenu: SysMenu object (14)>, <SysMenu: SysMenu object (5)>, <SysMenu: SysMenu object (17)>, <SysMenu: SysMenu object (25)>, <SysMenu: SysMenu object (6)>, <SysMenu: SysMenu object (16)>, <SysMenu: SysMenu object (26)>, <SysMenu: SysMenu object (7)>, <SysMenu: SysMenu object (8)>, '...(remaining elements truncated)...']>
菜单树结果: [<SysMenu: SysMenu object (1)>, <SysMenu: SysMenu object (2)>]
"GET /menu/treeList HTTP/1.1" 200 4595
"GET /role/menus?id=2 HTTP/1.1" 200 40
菜单查询集: <QuerySet [<SysMenu: SysMenu object (3)>, <SysMenu: SysMenu object (1)>, <SysMenu: SysMenu object (27)>, <SysMenu: SysMenu object (11)>, <SysMenu: SysMenu object (22)>, <SysMenu: SysMenu object (2)>, <SysMenu: SysMenu object (4)>, <SysMenu: SysMenu object (28)>, <SysMenu: SysMenu object (23)>, <SysMenu: SysMenu object (29)>, <SysMenu: SysMenu object (24)>, <SysMenu: SysMenu object (14)>, <SysMenu: SysMenu object (5)>, <SysMenu: SysMenu object (17)>, <SysMenu: SysMenu object (25)>, <SysMenu: SysMenu object (6)>, <SysMenu: SysMenu object (16)>, <SysMenu: SysMenu object (26)>, <SysMenu: SysMenu object (7)>, <SysMenu: SysMenu object (8)>, '...(remaining elements truncated)...']>
菜单树结果: [<SysMenu: SysMenu object (1)>, <SysMenu: SysMenu object (2)>]
"GET /menu/treeList HTTP/1.1" 200 4595
"GET /role/menus?id=2 HTTP/1.1" 200 40
"POST /role/save HTTP/1.1" 200 13
页面大小: 10, 页码: 1
"POST /role/search HTTP/1.1" 200 1819
菜单查询集: <QuerySet [<SysMenu: SysMenu object (3)>, <SysMenu: SysMenu object (1)>, <SysMenu: SysMenu object (27)>, <SysMenu: SysMenu object (11)>, <SysMenu: SysMenu object (22)>, <SysMenu: SysMenu object (2)>, <SysMenu: SysMenu object (4)>, <SysMenu: SysMenu object (28)>, <SysMenu: SysMenu object (23)>, <SysMenu: SysMenu object (29)>, <SysMenu: SysMenu object (24)>, <SysMenu: SysMenu object (14)>, <SysMenu: SysMenu object (5)>, <SysMenu: SysMenu object (17)>, <SysMenu: SysMenu object (25)>, <SysMenu: SysMenu object (6)>, <SysMenu: SysMenu object (16)>, <SysMenu: SysMenu object (26)>, <SysMenu: SysMenu object (7)>, <SysMenu: SysMenu object (8)>, '...(remaining elements truncated)...']>
菜单树结果: [<SysMenu: SysMenu object (1)>, <SysMenu: SysMenu object (2)>]
"GET /menu/treeList HTTP/1.1" 200 4595
"GET /role/menus?id=34 HTTP/1.1" 200 31
菜单查询集: <QuerySet [<SysMenu: SysMenu object (3)>, <SysMenu: SysMenu object (1)>, <SysMenu: SysMenu object (27)>, <SysMenu: SysMenu object (11)>, <SysMenu: SysMenu object (22)>, <SysMenu: SysMenu object (2)>, <SysMenu: SysMenu object (4)>, <SysMenu: SysMenu object (28)>, <SysMenu: SysMenu object (23)>, <SysMenu: SysMenu object (29)>, <SysMenu: SysMenu object (24)>, <SysMenu: SysMenu object (14)>, <SysMenu: SysMenu object (5)>, <SysMenu: SysMenu object (17)>, <SysMenu: SysMenu object (25)>, <SysMenu: SysMenu object (6)>, <SysMenu: SysMenu object (16)>, <SysMenu: SysMenu object (26)>, <SysMenu: SysMenu object (7)>, <SysMenu: SysMenu object (8)>, '...(remaining elements truncated)...']>
菜单树结果: [<SysMenu: SysMenu object (1)>, <SysMenu: SysMenu object (2)>]
"GET /menu/treeList HTTP/1.1" 200 4595
菜单查询集: <QuerySet [<SysMenu: SysMenu object (3)>, <SysMenu: SysMenu object (1)>, <SysMenu: SysMenu object (27)>, <SysMenu: SysMenu object (11)>, <SysMenu: SysMenu object (22)>, <SysMenu: SysMenu object (2)>, <SysMenu: SysMenu object (4)>, <SysMenu: SysMenu object (28)>, <SysMenu: SysMenu object (23)>, <SysMenu: SysMenu object (29)>, <SysMenu: SysMenu object (24)>, <SysMenu: SysMenu object (14)>, <SysMenu: SysMenu object (5)>, <SysMenu: SysMenu object (17)>, <SysMenu: SysMenu object (25)>, <SysMenu: SysMenu object (6)>, <SysMenu: SysMenu object (16)>, <SysMenu: SysMenu object (26)>, <SysMenu: SysMenu object (7)>, <SysMenu: SysMenu object (8)>, '...(remaining elements truncated)...']>
"GET /role/menus?id=34 HTTP/1.1" 200 31
菜单树结果: [<SysMenu: SysMenu object (1)>, <SysMenu: SysMenu object (2)>]
"GET /menu/treeList HTTP/1.1" 200 4595
"GET /role/menus?id=34 HTTP/1.1" 200 31
菜单查询集: <QuerySet [<SysMenu: SysMenu object (3)>, <SysMenu: SysMenu object (1)>, <SysMenu: SysMenu object (27)>, <SysMenu: SysMenu object (11)>, <SysMenu: SysMenu object (22)>, <SysMenu: SysMenu object (2)>, <SysMenu: SysMenu object (4)>, <SysMenu: SysMenu object (28)>, <SysMenu: SysMenu object (23)>, <SysMenu: SysMenu object (29)>, <SysMenu: SysMenu object (24)>, <SysMenu: SysMenu object (14)>, <SysMenu: SysMenu object (5)>, <SysMenu: SysMenu object (17)>, <SysMenu: SysMenu object (25)>, <SysMenu: SysMenu object (6)>, <SysMenu: SysMenu object (16)>, <SysMenu: SysMenu object (26)>, <SysMenu: SysMenu object (7)>, <SysMenu: SysMenu object (8)>, '...(remaining elements truncated)...']>
菜单树结果: [<SysMenu: SysMenu object (1)>, <SysMenu: SysMenu object (2)>]
"GET /menu/treeList HTTP/1.1" 200 4595
"GET /role/menus?id=34 HTTP/1.1" 200 31
"POST /user/search HTTP/1.1" 200 8658
"POST /user/search HTTP/1.1" 200 8658
D:\my_project\Django_admin\jj_system\jj_system\settings.py changed, reloading.
Watching for file changes with StatReloader
页面大小: 10, 页码: 1
"POST /role/search HTTP/1.1" 200 1819
"DELETE /role/action HTTP/1.1" 200 13
页面大小: 10, 页码: 1
"POST /role/search HTTP/1.1" 200 1602
菜单查询集: <QuerySet [<SysMenu: SysMenu object (3)>, <SysMenu: SysMenu object (1)>, <SysMenu: SysMenu object (27)>, <SysMenu: SysMenu object (11)>, <SysMenu: SysMenu object (22)>, <SysMenu: SysMenu object (2)>, <SysMenu: SysMenu object (4)>, <SysMenu: SysMenu object (28)>, <SysMenu: SysMenu object (23)>, <SysMenu: SysMenu object (29)>, <SysMenu: SysMenu object (24)>, <SysMenu: SysMenu object (14)>, <SysMenu: SysMenu object (5)>, <SysMenu: SysMenu object (17)>, <SysMenu: SysMenu object (25)>, <SysMenu: SysMenu object (6)>, <SysMenu: SysMenu object (16)>, <SysMenu: SysMenu object (26)>, <SysMenu: SysMenu object (7)>, <SysMenu: SysMenu object (8)>, '...(remaining elements truncated)...']>
菜单树结果: [<SysMenu: SysMenu object (1)>, <SysMenu: SysMenu object (2)>]
"GET /menu/treeList HTTP/1.1" 200 4595
"GET /role/menus?id=34 HTTP/1.1" 200 31
菜单查询集: <QuerySet [<SysMenu: SysMenu object (3)>, <SysMenu: SysMenu object (1)>, <SysMenu: SysMenu object (27)>, <SysMenu: SysMenu object (11)>, <SysMenu: SysMenu object (22)>, <SysMenu: SysMenu object (2)>, <SysMenu: SysMenu object (4)>, <SysMenu: SysMenu object (28)>, <SysMenu: SysMenu object (23)>, <SysMenu: SysMenu object (29)>, <SysMenu: SysMenu object (24)>, <SysMenu: SysMenu object (14)>, <SysMenu: SysMenu object (5)>, <SysMenu: SysMenu object (17)>, <SysMenu: SysMenu object (25)>, <SysMenu: SysMenu object (6)>, <SysMenu: SysMenu object (16)>, <SysMenu: SysMenu object (26)>, <SysMenu: SysMenu object (7)>, <SysMenu: SysMenu object (8)>, '...(remaining elements truncated)...']>
菜单树结果: [<SysMenu: SysMenu object (1)>, <SysMenu: SysMenu object (2)>]
"GET /menu/treeList HTTP/1.1" 200 4595
"GET /role/menus?id=34 HTTP/1.1" 200 31
"GET /role/action?id=34 HTTP/1.1" 200 238
"POST /role/save HTTP/1.1" 200 13
页面大小: 10, 页码: 1
"GET /role/action?id=34 HTTP/1.1" 200 238
"POST /role/search HTTP/1.1" 200 1602
页面大小: 10, 页码: 1
"POST /role/search HTTP/1.1" 200 1602
"GET /role/action?id=34 HTTP/1.1" 200 238
D:\my_project\Django_admin\jj_system\jj_system\urls.py changed, reloading.
Watching for file changes with StatReloader
D:\my_project\Django_admin\jj_system\user\views.py changed, reloading.
Watching for file changes with StatReloader
D:\my_project\Django_admin\jj_system\approval\views.py changed, reloading.
Watching for file changes with StatReloader
登录请求 - 用户名: admin, 请求方法: POST
找到用户: admin, 用户ID: 1, 用户状态: 1
密码验证结果: True
"POST /user/login?username=admin&password=1234567&rememberMe=true HTTP/1.1" 200 6324
登录请求 - 用户名: admin, 请求方法: POST
找到用户: admin, 用户ID: 1, 用户状态: 1
密码验证结果: True
"POST /user/login?username=admin&password=1234567&rememberMe=true HTTP/1.1" 200 6324
"POST /user/search HTTP/1.1" 200 8610
页面大小: 10, 页码: 1
"POST /role/search HTTP/1.1" 200 1602
菜单查询集: <QuerySet [<SysMenu: SysMenu object (3)>, <SysMenu: SysMenu object (1)>, <SysMenu: SysMenu object (31)>, <SysMenu: SysMenu object (11)>, <SysMenu: SysMenu object (27)>, <SysMenu: SysMenu object (22)>, <SysMenu: SysMenu object (2)>, <SysMenu: SysMenu object (4)>, <SysMenu: SysMenu object (32)>, <SysMenu: SysMenu object (28)>, <SysMenu: SysMenu object (23)>, <SysMenu: SysMenu object (33)>, <SysMenu: SysMenu object (29)>, <SysMenu: SysMenu object (24)>, <SysMenu: SysMenu object (14)>, <SysMenu: SysMenu object (5)>, <SysMenu: SysMenu object (17)>, <SysMenu: SysMenu object (25)>, <SysMenu: SysMenu object (6)>, <SysMenu: SysMenu object (26)>, '...(remaining elements truncated)...']>
菜单树结果: [<SysMenu: SysMenu object (1)>, <SysMenu: SysMenu object (2)>]
"GET /menu/treeList HTTP/1.1" 200 4595
"GET /department/treeList HTTP/1.1" 200 2344
"POST /post/search HTTP/1.1" 200 1638
"POST /level/search HTTP/1.1" 200 634
"POST /classify/search HTTP/1.1" 200 2081
"POST /event/search HTTP/1.1" 200 1315
页面大小: 10, 页码: 1
"POST /role/search HTTP/1.1" 200 1602
"POST /user/search HTTP/1.1" 200 8610
"GET /role/listAll HTTP/1.1" 200 1590
"GET /role/listAll HTTP/1.1" 200 1590
"GET /user/post/list HTTP/1.1" 200 1020
"GET /user/dept/list HTTP/1.1" 200 492
"GET /user/level/list HTTP/1.1" 200 174
"GET /user/action?id=27 HTTP/1.1" 200 693
登录请求 - 用户名: admin, 请求方法: POST
找到用户: admin, 用户ID: 1, 用户状态: 1
密码验证结果: True
"POST /user/login?username=admin&password=1234567&rememberMe=true HTTP/1.1" 200 6324
登录请求 - 用户名: admin, 请求方法: POST
找到用户: admin, 用户ID: 1, 用户状态: 1
密码验证结果: True
"POST /user/login?username=admin&password=1234567&rememberMe=true HTTP/1.1" 200 6324
Watching for file changes with StatReloader
登录请求 - 用户名: admin, 请求方法: POST
找到用户: admin, 用户ID: 1, 用户状态: 1
密码验证结果: True
"POST /user/login?username=admin&password=1234567&rememberMe=true HTTP/1.1" 200 6324
登录请求 - 用户名: admin, 请求方法: POST
找到用户: admin, 用户ID: 1, 用户状态: 1
密码验证结果: True
"POST /user/login?username=admin&password=1234567&rememberMe=true HTTP/1.1" 200 6324
登录请求 - 用户名: admin, 请求方法: POST
找到用户: admin, 用户ID: 1, 用户状态: 1
密码验证结果: True
"POST /user/login?username=admin&password=1234567&rememberMe=true HTTP/1.1" 200 6324
D:\my_project\Django_admin\jj_system\approval\models.py changed, reloading.
D:\my_project\Django_admin\jj_system\approval\urls.py changed, reloading.
Watching for file changes with StatReloader
Watching for file changes with StatReloader
登录请求 - 用户名: admin, 请求方法: POST
找到用户: admin, 用户ID: 1, 用户状态: 1
密码验证结果: True
"POST /user/login?username=admin&password=1234567&rememberMe=true HTTP/1.1" 200 6324
页面大小: 10, 页码: 1
"POST /role/search HTTP/1.1" 200 1602
菜单查询集: <QuerySet [<SysMenu: SysMenu object (3)>, <SysMenu: SysMenu object (1)>, <SysMenu: SysMenu object (31)>, <SysMenu: SysMenu object (11)>, <SysMenu: SysMenu object (27)>, <SysMenu: SysMenu object (22)>, <SysMenu: SysMenu object (2)>, <SysMenu: SysMenu object (4)>, <SysMenu: SysMenu object (32)>, <SysMenu: SysMenu object (28)>, <SysMenu: SysMenu object (23)>, <SysMenu: SysMenu object (33)>, <SysMenu: SysMenu object (29)>, <SysMenu: SysMenu object (24)>, <SysMenu: SysMenu object (14)>, <SysMenu: SysMenu object (5)>, <SysMenu: SysMenu object (17)>, <SysMenu: SysMenu object (25)>, <SysMenu: SysMenu object (6)>, <SysMenu: SysMenu object (26)>, '...(remaining elements truncated)...']>
菜单树结果: [<SysMenu: SysMenu object (1)>, <SysMenu: SysMenu object (2)>]
"GET /menu/treeList HTTP/1.1" 200 4595
"GET /role/menus?id=1 HTTP/1.1" 200 133
菜单查询集: <QuerySet [<SysMenu: SysMenu object (3)>, <SysMenu: SysMenu object (1)>, <SysMenu: SysMenu object (31)>, <SysMenu: SysMenu object (11)>, <SysMenu: SysMenu object (27)>, <SysMenu: SysMenu object (22)>, <SysMenu: SysMenu object (2)>, <SysMenu: SysMenu object (4)>, <SysMenu: SysMenu object (32)>, <SysMenu: SysMenu object (28)>, <SysMenu: SysMenu object (23)>, <SysMenu: SysMenu object (33)>, <SysMenu: SysMenu object (29)>, <SysMenu: SysMenu object (24)>, <SysMenu: SysMenu object (14)>, <SysMenu: SysMenu object (5)>, <SysMenu: SysMenu object (17)>, <SysMenu: SysMenu object (25)>, <SysMenu: SysMenu object (6)>, <SysMenu: SysMenu object (26)>, '...(remaining elements truncated)...']>
菜单树结果: [<SysMenu: SysMenu object (1)>, <SysMenu: SysMenu object (2)>]
"GET /menu/treeList HTTP/1.1" 200 4595
"GET /role/menus?id=1 HTTP/1.1" 200 133
菜单查询集: <QuerySet [<SysMenu: SysMenu object (3)>, <SysMenu: SysMenu object (1)>, <SysMenu: SysMenu object (31)>, <SysMenu: SysMenu object (11)>, <SysMenu: SysMenu object (27)>, <SysMenu: SysMenu object (22)>, <SysMenu: SysMenu object (2)>, <SysMenu: SysMenu object (4)>, <SysMenu: SysMenu object (32)>, <SysMenu: SysMenu object (28)>, <SysMenu: SysMenu object (23)>, <SysMenu: SysMenu object (33)>, <SysMenu: SysMenu object (29)>, <SysMenu: SysMenu object (24)>, <SysMenu: SysMenu object (14)>, <SysMenu: SysMenu object (5)>, <SysMenu: SysMenu object (17)>, <SysMenu: SysMenu object (25)>, <SysMenu: SysMenu object (6)>, <SysMenu: SysMenu object (26)>, '...(remaining elements truncated)...']>
菜单树结果: [<SysMenu: SysMenu object (1)>, <SysMenu: SysMenu object (2)>]
"GET /menu/treeList HTTP/1.1" 200 4595
"GET /department/treeList HTTP/1.1" 200 2344
"POST /post/search HTTP/1.1" 200 1638
"POST /level/search HTTP/1.1" 200 634
"POST /classify/search HTTP/1.1" 200 2081
"POST /event/search HTTP/1.1" 200 1315
Watching for file changes with StatReloader
"POST /event/search HTTP/1.1" 200 53
"POST /event/search HTTP/1.1" 200 53
登录请求 - 用户名: admin, 请求方法: POST
找到用户: admin, 用户ID: 1, 用户状态: 1
密码验证结果: True
"POST /user/login?username=admin&password=1234567&rememberMe=true HTTP/1.1" 200 6324
登录请求 - 用户名: admin, 请求方法: POST
找到用户: admin, 用户ID: 1, 用户状态: 1
密码验证结果: True
"POST /user/login?username=admin&password=1234567&rememberMe=false HTTP/1.1" 200 6324
"POST /event/search HTTP/1.1" 200 1315
"POST /classify/search HTTP/1.1" 200 2081
D:\my_project\Django_admin\jj_system\common\permissions.py changed, reloading.
Watching for file changes with StatReloader
登录请求 - 用户名: admin, 请求方法: POST
找到用户: admin, 用户ID: 1, 用户状态: 1
密码验证结果: True
"POST /user/login?username=admin&password=1234567&rememberMe=false HTTP/1.1" 200 6415
"POST /classify/search HTTP/1.1" 200 2081
登录请求 - 用户名: admin, 请求方法: POST
找到用户: admin, 用户ID: 1, 用户状态: 1
密码验证结果: True
"POST /user/login?username=admin&password=1234567&rememberMe=false HTTP/1.1" 200 6415
"POST /user/search HTTP/1.1" 200 8610
页面大小: 10, 页码: 1
"POST /role/search HTTP/1.1" 200 1602
菜单查询集: <QuerySet [<SysMenu: SysMenu object (3)>, <SysMenu: SysMenu object (1)>, <SysMenu: SysMenu object (31)>, <SysMenu: SysMenu object (11)>, <SysMenu: SysMenu object (27)>, <SysMenu: SysMenu object (22)>, <SysMenu: SysMenu object (2)>, <SysMenu: SysMenu object (4)>, <SysMenu: SysMenu object (32)>, <SysMenu: SysMenu object (28)>, <SysMenu: SysMenu object (23)>, <SysMenu: SysMenu object (33)>, <SysMenu: SysMenu object (29)>, <SysMenu: SysMenu object (24)>, <SysMenu: SysMenu object (14)>, <SysMenu: SysMenu object (5)>, <SysMenu: SysMenu object (17)>, <SysMenu: SysMenu object (25)>, <SysMenu: SysMenu object (6)>, <SysMenu: SysMenu object (26)>, '...(remaining elements truncated)...']>
菜单树结果: [<SysMenu: SysMenu object (1)>, <SysMenu: SysMenu object (2)>]
"GET /menu/treeList HTTP/1.1" 200 4595
"GET /role/menus?id=1 HTTP/1.1" 200 133
菜单查询集: <QuerySet [<SysMenu: SysMenu object (3)>, <SysMenu: SysMenu object (1)>, <SysMenu: SysMenu object (31)>, <SysMenu: SysMenu object (11)>, <SysMenu: SysMenu object (27)>, <SysMenu: SysMenu object (22)>, <SysMenu: SysMenu object (2)>, <SysMenu: SysMenu object (4)>, <SysMenu: SysMenu object (32)>, <SysMenu: SysMenu object (28)>, <SysMenu: SysMenu object (23)>, <SysMenu: SysMenu object (33)>, <SysMenu: SysMenu object (29)>, <SysMenu: SysMenu object (24)>, <SysMenu: SysMenu object (14)>, <SysMenu: SysMenu object (5)>, <SysMenu: SysMenu object (17)>, <SysMenu: SysMenu object (25)>, <SysMenu: SysMenu object (6)>, <SysMenu: SysMenu object (26)>, '...(remaining elements truncated)...']>
菜单树结果: [<SysMenu: SysMenu object (1)>, <SysMenu: SysMenu object (2)>]
"GET /menu/treeList HTTP/1.1" 200 4595
"GET /role/menus?id=1 HTTP/1.1" 200 133
"POST /role/search HTTP/1.1" 200 53
"POST /role/search HTTP/1.1" 200 53
登录请求 - 用户名: admin, 请求方法: POST
找到用户: admin, 用户ID: 1, 用户状态: 1
密码验证结果: True
"POST /user/login?username=admin&password=1234567&rememberMe=true HTTP/1.1" 200 6415
"GET /classify/action?id=160 HTTP/1.1" 200 240
"POST /event/search HTTP/1.1" 200 1315
"GET /event/user/list HTTP/1.1" 200 1416
"GET /event/dept/list HTTP/1.1" 200 488
"GET /event/action?id=23 HTTP/1.1" 200 485
"POST /event/search HTTP/1.1" 200 1315
"GET /user/treeList HTTP/1.1" 200 22670
"GET /event/menus?id=23 HTTP/1.1" 200 42
"GET /event/dept/list HTTP/1.1" 200 488
"GET /event/user/list HTTP/1.1" 200 1416
"POST /event/search HTTP/1.1" 200 1315
"POST /repository/search HTTP/1.1" 200 17181
"GET /repository/history?id=40 HTTP/1.1" 200 343
"GET /repository/history?id=45 HTTP/1.1" 200 408
"GET /repository/history?id=41 HTTP/1.1" 200 361
"GET /repository/history?id=44 HTTP/1.1" 200 378
"GET /repository/history?id=42 HTTP/1.1" 200 327
"GET /repository/history?id=43 HTTP/1.1" 200 329
"GET /repository/history?id=39 HTTP/1.1" 200 343
"GET /repository/history?id=38 HTTP/1.1" 200 609
"GET /repository/history?id=36 HTTP/1.1" 200 890
"GET /repository/history?id=37 HTTP/1.1" 200 931
尝试获取知识库 38 的复盘列表，页码: 1, 每页: 10
总共找到 1 条复盘记录
返回复盘列表，当前页: 1, 每页: 10, 总数: 1
"GET /repository/review/list?id=38&page=1&page_size=10 HTTP/1.1" 200 540
"GET /repository/comment/list?id=38&role_id=1&user_id=1&page=1&page_size=10 HTTP/1.1" 200 786
"GET /repository/detail?id=38 HTTP/1.1" 200 2788
"GET /repository/associated-events?id=38 HTTP/1.1" 200 2082
登录请求 - 用户名: admin, 请求方法: POST
找到用户: admin, 用户ID: 1, 用户状态: 1
密码验证结果: True
"POST /user/login?username=admin&password=1234567&rememberMe=true HTTP/1.1" 200 7604
D:\my_project\Django_admin\jj_system\common\permissions.py changed, reloading.
Watching for file changes with StatReloader
登录请求 - 用户名: admin, 请求方法: POST
找到用户: admin, 用户ID: 1, 用户状态: 1
密码验证结果: True
"POST /user/login?username=admin&password=1234567&rememberMe=true HTTP/1.1" 200 7644
登录请求 - 用户名: admin, 请求方法: POST
找到用户: admin, 用户ID: 1, 用户状态: 1
密码验证结果: True
"POST /user/login?username=admin&password=1234567&rememberMe=true HTTP/1.1" 200 7630
D:\my_project\Django_admin\jj_system\user\views.py changed, reloading.
D:\my_project\Django_admin\jj_system\user\views.py changed, reloading.
D:\my_project\Django_admin\jj_system\user\views.py changed, reloading.
Watching for file changes with StatReloader
Watching for file changes with StatReloader
Watching for file changes with StatReloader
登录请求 - 用户名: admin, 请求方法: POST
找到用户: admin, 用户ID: 1, 用户状态: 1
密码验证结果: True
"POST /user/login?username=admin&password=1234567&rememberMe=true HTTP/1.1" 200 6747
D:\my_project\Django_admin\jj_system\user\views.py changed, reloading.
D:\my_project\Django_admin\jj_system\user\views.py changed, reloading.
D:\my_project\Django_admin\jj_system\user\views.py changed, reloading.
Watching for file changes with StatReloader
Watching for file changes with StatReloader
Watching for file changes with StatReloader
登录请求 - 用户名: admin, 请求方法: POST
找到用户: admin, 用户ID: 1, 用户状态: 1
密码验证结果: True
"POST /user/login?username=admin&password=1234567&rememberMe=true HTTP/1.1" 200 6747
"POST /approval/list HTTP/1.1" 200 601
"POST /approval/list HTTP/1.1" 200 601
Watching for file changes with StatReloader
"POST /approval/list HTTP/1.1" 200 601
"POST /approval/list HTTP/1.1" 200 45
"POST /approval/list HTTP/1.1" 200 601
"POST /approval/process HTTP/1.1" 200 48
"POST /approval/list HTTP/1.1" 200 654
"POST /approval/list HTTP/1.1" 200 654
"POST /event/search HTTP/1.1" 200 1315
"POST /repository/search HTTP/1.1" 200 17181
"GET /repository/history?id=45 HTTP/1.1" 200 408
"GET /repository/history?id=42 HTTP/1.1" 200 327
"GET /repository/history?id=44 HTTP/1.1" 200 378
"GET /repository/history?id=36 HTTP/1.1" 200 890
"GET /repository/history?id=41 HTTP/1.1" 200 361
"GET /repository/history?id=43 HTTP/1.1" 200 329
"GET /repository/history?id=40 HTTP/1.1" 200 343
"GET /repository/history?id=39 HTTP/1.1" 200 343
"GET /repository/history?id=38 HTTP/1.1" 200 609
"GET /repository/history?id=37 HTTP/1.1" 200 931
尝试获取知识库 45 的复盘列表，页码: 1, 每页: 10
总共找到 0 条复盘记录
返回复盘列表，当前页: 1, 每页: 10, 总数: 0
"GET /repository/review/list?id=45&page=1&page_size=10 HTTP/1.1" 200 90
"GET /repository/comment/list?id=45&role_id=1&user_id=1&page=1&page_size=10 HTTP/1.1" 200 91
"GET /repository/detail?id=45 HTTP/1.1" 200 790
"GET /repository/associated-events?id=45 HTTP/1.1" 200 512
"POST /user/search HTTP/1.1" 200 8610
"POST /repository/search HTTP/1.1" 200 17181
"GET /repository/history?id=43 HTTP/1.1" 200 329
"GET /repository/history?id=40 HTTP/1.1" 200 343
"GET /repository/history?id=41 HTTP/1.1" 200 361
"GET /repository/history?id=44 HTTP/1.1" 200 378
"GET /repository/history?id=42 HTTP/1.1" 200 327
"GET /repository/history?id=45 HTTP/1.1" 200 408
"GET /repository/history?id=37 HTTP/1.1" 200 931
"GET /repository/history?id=39 HTTP/1.1" 200 343
"GET /repository/history?id=36 HTTP/1.1" 200 890
"GET /repository/history?id=38 HTTP/1.1" 200 609
"POST /user/search HTTP/1.1" 200 8610
"GET /user/dept/list HTTP/1.1" 200 492
"GET /user/level/list HTTP/1.1" 200 174
"GET /user/post/list HTTP/1.1" 200 1020
"GET /user/action?id=27 HTTP/1.1" 200 693
"GET /files/list/?page=1&page_size=10 HTTP/1.1" 200 4201
"POST /approval/list HTTP/1.1" 200 654
"POST /event/search HTTP/1.1" 200 1315
"POST /classify/search HTTP/1.1" 200 2081
"POST /level/search HTTP/1.1" 200 634
"POST /post/search HTTP/1.1" 200 1638
"GET /department/treeList HTTP/1.1" 200 2344
菜单查询集: <QuerySet [<SysMenu: SysMenu object (3)>, <SysMenu: SysMenu object (1)>, <SysMenu: SysMenu object (31)>, <SysMenu: SysMenu object (11)>, <SysMenu: SysMenu object (27)>, <SysMenu: SysMenu object (22)>, <SysMenu: SysMenu object (2)>, <SysMenu: SysMenu object (4)>, <SysMenu: SysMenu object (32)>, <SysMenu: SysMenu object (28)>, <SysMenu: SysMenu object (23)>, <SysMenu: SysMenu object (33)>, <SysMenu: SysMenu object (29)>, <SysMenu: SysMenu object (24)>, <SysMenu: SysMenu object (14)>, <SysMenu: SysMenu object (5)>, <SysMenu: SysMenu object (17)>, <SysMenu: SysMenu object (25)>, <SysMenu: SysMenu object (6)>, <SysMenu: SysMenu object (26)>, '...(remaining elements truncated)...']>
菜单树结果: [<SysMenu: SysMenu object (1)>, <SysMenu: SysMenu object (2)>, <SysMenu: SysMenu object (30)>]
"GET /menu/treeList HTTP/1.1" 200 5810
页面大小: 10, 页码: 1
"POST /role/search HTTP/1.1" 200 1602
"POST /user/search HTTP/1.1" 200 8610
"POST /approval/list HTTP/1.1" 200 654
"POST /user/search HTTP/1.1" 200 8610
"POST /repository/search HTTP/1.1" 200 17181
"GET /repository/history?id=42 HTTP/1.1" 200 327
"GET /repository/history?id=45 HTTP/1.1" 200 408
"GET /repository/history?id=44 HTTP/1.1" 200 378
"GET /repository/history?id=40 HTTP/1.1" 200 343
"GET /repository/history?id=43 HTTP/1.1" 200 329
"GET /repository/history?id=41 HTTP/1.1" 200 361
"GET /repository/history?id=36 HTTP/1.1" 200 890
"GET /repository/history?id=38 HTTP/1.1" 200 609
"GET /repository/history?id=39 HTTP/1.1" 200 343
"GET /repository/history?id=37 HTTP/1.1" 200 931
"GET /repository/dept/list HTTP/1.1" 200 488
"GET /classify/list HTTP/1.1" 200 10375
"GET /event/event/list HTTP/1.1" 200 459
"GET /repository/user/list HTTP/1.1" 200 1416
"POST /items/search HTTP/1.1" 200 2016
登录请求 - 用户名: gaodi, 请求方法: POST
找到用户: gaodi, 用户ID: 42, 用户状态: 1
密码验证结果: True
"POST /user/login?username=gaodi&password=123456&rememberMe=true HTTP/1.1" 200 2007
"POST /repository/search HTTP/1.1" 200 17178
"GET /repository/history?id=44 HTTP/1.1" 200 378
"GET /repository/history?id=41 HTTP/1.1" 200 361
"GET /repository/history?id=45 HTTP/1.1" 200 408
"GET /repository/history?id=42 HTTP/1.1" 200 327
"GET /repository/history?id=40 HTTP/1.1" 200 343
"GET /repository/history?id=43 HTTP/1.1" 200 329
"GET /repository/history?id=39 HTTP/1.1" 200 343
"GET /repository/history?id=38 HTTP/1.1" 200 609
"GET /repository/history?id=36 HTTP/1.1" 200 890
"GET /repository/history?id=37 HTTP/1.1" 200 931
"DELETE /repository/action HTTP/1.1" 200 48
"POST /repository/search HTTP/1.1" 200 18858
"GET /repository/history?id=43 HTTP/1.1" 200 329
"GET /repository/history?id=45 HTTP/1.1" 200 408
"GET /repository/history?id=39 HTTP/1.1" 200 343
"GET /repository/history?id=42 HTTP/1.1" 200 327
"GET /repository/history?id=40 HTTP/1.1" 200 343
"GET /repository/history?id=41 HTTP/1.1" 200 361
"GET /repository/history?id=35 HTTP/1.1" 200 987
"GET /repository/history?id=38 HTTP/1.1" 200 609
"GET /repository/history?id=37 HTTP/1.1" 200 931
"GET /repository/history?id=36 HTTP/1.1" 200 890
"POST /repository/search HTTP/1.1" 200 18858
"GET /repository/history?id=42 HTTP/1.1" 200 327
"GET /repository/history?id=43 HTTP/1.1" 200 329
"GET /repository/history?id=41 HTTP/1.1" 200 361
"GET /repository/history?id=45 HTTP/1.1" 200 408
"GET /repository/history?id=39 HTTP/1.1" 200 343
"GET /repository/history?id=40 HTTP/1.1" 200 343
"GET /repository/history?id=35 HTTP/1.1" 200 987
"GET /repository/history?id=37 HTTP/1.1" 200 931
"GET /repository/history?id=38 HTTP/1.1" 200 609
"GET /repository/history?id=36 HTTP/1.1" 200 890
"GET /files/list/?page=1&page_size=10 HTTP/1.1" 200 82
登录请求 - 用户名: admin, 请求方法: POST
找到用户: admin, 用户ID: 1, 用户状态: 1
密码验证结果: True
"POST /user/login?username=admin&password=1234567&rememberMe=true HTTP/1.1" 200 6747
"POST /approval/list HTTP/1.1" 200 654
"POST /repository/search HTTP/1.1" 200 18863
"GET /repository/history?id=40 HTTP/1.1" 200 343
"GET /repository/history?id=45 HTTP/1.1" 200 408
"GET /repository/history?id=43 HTTP/1.1" 200 329
"GET /repository/history?id=42 HTTP/1.1" 200 327
"GET /repository/history?id=39 HTTP/1.1" 200 343
"GET /repository/history?id=41 HTTP/1.1" 200 361
"GET /repository/history?id=35 HTTP/1.1" 200 987
"GET /repository/history?id=38 HTTP/1.1" 200 609
"GET /repository/history?id=37 HTTP/1.1" 200 931
"GET /repository/history?id=36 HTTP/1.1" 200 890
尝试获取知识库 40 的复盘列表，页码: 1, 每页: 10
总共找到 0 条复盘记录
返回复盘列表，当前页: 1, 每页: 10, 总数: 0
"GET /repository/review/list?id=40&page=1&page_size=10 HTTP/1.1" 200 90
"GET /repository/comment/list?id=40&role_id=1&user_id=1&page=1&page_size=10 HTTP/1.1" 200 91
"GET /repository/detail?id=40 HTTP/1.1" 200 771
"GET /repository/associated-events?id=40 HTTP/1.1" 200 2115
"POST /repository/search HTTP/1.1" 200 18863
"GET /repository/history?id=43 HTTP/1.1" 200 329
"GET /repository/history?id=45 HTTP/1.1" 200 408
"GET /repository/history?id=40 HTTP/1.1" 200 343
"GET /repository/history?id=42 HTTP/1.1" 200 327
"GET /repository/history?id=41 HTTP/1.1" 200 361
"GET /repository/history?id=39 HTTP/1.1" 200 343
"GET /repository/history?id=38 HTTP/1.1" 200 609
"GET /repository/history?id=37 HTTP/1.1" 200 931
"GET /repository/history?id=36 HTTP/1.1" 200 890
"GET /repository/history?id=35 HTTP/1.1" 200 987
尝试获取知识库 35 的复盘列表，页码: 1, 每页: 10
总共找到 1 条复盘记录
返回复盘列表，当前页: 1, 每页: 10, 总数: 1
"GET /repository/comment/list?id=35&role_id=1&user_id=1&page=1&page_size=10 HTTP/1.1" 200 304
"GET /repository/review/list?id=35&page=1&page_size=10 HTTP/1.1" 200 500
"GET /repository/detail?id=35 HTTP/1.1" 200 2461
"GET /repository/associated-events?id=35 HTTP/1.1" 200 2004
"GET /repository/dept/list HTTP/1.1" 200 488
"GET /classify/list HTTP/1.1" 200 10375
"GET /repository/user/list HTTP/1.1" 200 1416
"GET /event/event/list HTTP/1.1" 200 459
"POST /repository/search HTTP/1.1" 200 18863
"GET /repository/history?id=39 HTTP/1.1" 200 343
"GET /repository/history?id=40 HTTP/1.1" 200 343
"GET /repository/history?id=42 HTTP/1.1" 200 327
"GET /repository/history?id=45 HTTP/1.1" 200 408
"GET /repository/history?id=41 HTTP/1.1" 200 361
"GET /repository/history?id=43 HTTP/1.1" 200 329
"GET /repository/history?id=35 HTTP/1.1" 200 987
"GET /repository/history?id=38 HTTP/1.1" 200 609
"GET /repository/history?id=37 HTTP/1.1" 200 931
"GET /repository/history?id=36 HTTP/1.1" 200 890
"POST /repository/search HTTP/1.1" 200 18863
"GET /repository/history?id=39 HTTP/1.1" 200 343
"GET /repository/history?id=43 HTTP/1.1" 200 329
"GET /repository/history?id=40 HTTP/1.1" 200 343
"GET /repository/history?id=42 HTTP/1.1" 200 327
"GET /repository/history?id=45 HTTP/1.1" 200 408
"GET /repository/history?id=41 HTTP/1.1" 200 361
"GET /repository/history?id=37 HTTP/1.1" 200 931
"GET /repository/history?id=36 HTTP/1.1" 200 890
"GET /repository/history?id=38 HTTP/1.1" 200 609
"GET /repository/history?id=35 HTTP/1.1" 200 987
尝试获取知识库 35 的复盘列表，页码: 1, 每页: 10
总共找到 1 条复盘记录
返回复盘列表，当前页: 1, 每页: 10, 总数: 1
"GET /repository/review/list?id=35&page=1&page_size=10 HTTP/1.1" 200 500
"GET /repository/comment/list?id=35&role_id=1&user_id=1&page=1&page_size=10 HTTP/1.1" 200 304
"GET /repository/detail?id=35 HTTP/1.1" 200 2461
"GET /repository/associated-events?id=35 HTTP/1.1" 200 2004
"POST /repository/search HTTP/1.1" 200 18863
"GET /repository/history?id=39 HTTP/1.1" 200 343
"GET /repository/history?id=41 HTTP/1.1" 200 361
"GET /repository/history?id=40 HTTP/1.1" 200 343
"GET /repository/history?id=43 HTTP/1.1" 200 329
"GET /repository/history?id=45 HTTP/1.1" 200 408
"GET /repository/history?id=42 HTTP/1.1" 200 327
"GET /repository/history?id=37 HTTP/1.1" 200 931
"GET /repository/history?id=36 HTTP/1.1" 200 890
"GET /repository/history?id=35 HTTP/1.1" 200 987
"GET /repository/history?id=38 HTTP/1.1" 200 609
"GET /event/event/list HTTP/1.1" 200 459
"GET /repository/user/list HTTP/1.1" 200 1416
"GET /classify/list HTTP/1.1" 200 10375
"GET /repository/dept/list HTTP/1.1" 200 488
"POST /repository/upload/image HTTP/1.1" 200 135
"GET /media/images/3fac0130-71b1-4eda-bce1-45f49ea03c0c.jpeg HTTP/1.1" 200 272194
"POST /repository/save HTTP/1.1" 200 170
"POST /repository/save HTTP/1.1" 200 29165
"POST /repository/search HTTP/1.1" 200 45841
"GET /repository/history?id=42 HTTP/1.1" 200 327
"GET /repository/history?id=41 HTTP/1.1" 200 361
"GET /repository/history?id=45 HTTP/1.1" 200 408
"GET /repository/history?id=43 HTTP/1.1" 200 329
"GET /repository/history?id=40 HTTP/1.1" 200 343
"GET /repository/history?id=46 HTTP/1.1" 200 420
"GET /repository/history?id=39 HTTP/1.1" 200 343
"GET /repository/history?id=38 HTTP/1.1" 200 609
"GET /repository/history?id=37 HTTP/1.1" 200 931
"GET /repository/history?id=36 HTTP/1.1" 200 890
尝试获取知识库 46 的复盘列表，页码: 1, 每页: 10
总共找到 0 条复盘记录
返回复盘列表，当前页: 1, 每页: 10, 总数: 0
"GET /repository/review/list?id=46&page=1&page_size=10 HTTP/1.1" 200 90
"GET /repository/comment/list?id=46&role_id=1&user_id=1&page=1&page_size=10 HTTP/1.1" 200 91
"GET /repository/detail?id=46 HTTP/1.1" 200 29439
"GET /repository/associated-events?id=46 HTTP/1.1" 200 38
"GET /repository/dept/list HTTP/1.1" 200 488
"GET /event/event/list HTTP/1.1" 200 459
"GET /repository/user/list HTTP/1.1" 200 1416
"GET /classify/list HTTP/1.1" 200 10375
"POST /repository/search HTTP/1.1" 200 45841
"GET /repository/history?id=40 HTTP/1.1" 200 343
"GET /repository/history?id=41 HTTP/1.1" 200 361
"GET /repository/history?id=43 HTTP/1.1" 200 329
"GET /repository/history?id=42 HTTP/1.1" 200 327
"GET /repository/history?id=45 HTTP/1.1" 200 408
"GET /repository/history?id=46 HTTP/1.1" 200 420
"GET /repository/history?id=37 HTTP/1.1" 200 931
"GET /repository/history?id=38 HTTP/1.1" 200 609
"GET /repository/history?id=39 HTTP/1.1" 200 343
"GET /repository/history?id=36 HTTP/1.1" 200 890
"GET /repository/user/list HTTP/1.1" 200 1416
"GET /repository/dept/list HTTP/1.1" 200 488
"GET /classify/list HTTP/1.1" 200 10375
"GET /event/event/list HTTP/1.1" 200 459
"GET /repository/dept/list HTTP/1.1" 200 488
"GET /repository/user/list HTTP/1.1" 200 1416
"GET /classify/list HTTP/1.1" 200 10375
"GET /event/event/list HTTP/1.1" 200 459
"GET /classify/list HTTP/1.1" 200 10375
"GET /event/event/list HTTP/1.1" 200 459
"GET /repository/dept/list HTTP/1.1" 200 488
"GET /repository/user/list HTTP/1.1" 200 1416
登录请求 - 用户名: admin, 请求方法: POST
找到用户: admin, 用户ID: 1, 用户状态: 1
密码验证结果: True
"POST /user/login?username=admin&password=1234567&rememberMe=true HTTP/1.1" 200 6747
"POST /repository/search HTTP/1.1" 200 45841
"GET /classify/list HTTP/1.1" 200 10375
"GET /repository/user/list HTTP/1.1" 200 1416
"GET /repository/dept/list HTTP/1.1" 200 488
"GET /event/event/list HTTP/1.1" 200 459
"GET /repository/history?id=45 HTTP/1.1" 200 408
"GET /repository/history?id=37 HTTP/1.1" 200 931
"GET /repository/history?id=42 HTTP/1.1" 200 327
"GET /repository/history?id=40 HTTP/1.1" 200 343
"GET /repository/history?id=43 HTTP/1.1" 200 329
"GET /repository/history?id=46 HTTP/1.1" 200 420
"GET /repository/history?id=36 HTTP/1.1" 200 890
"GET /repository/history?id=41 HTTP/1.1" 200 361
"GET /repository/history?id=38 HTTP/1.1" 200 609
"GET /repository/history?id=39 HTTP/1.1" 200 343
"GET /classify/list HTTP/1.1" 200 10375
"GET /event/event/list HTTP/1.1" 200 459
"GET /repository/dept/list HTTP/1.1" 200 488
"GET /repository/user/list HTTP/1.1" 200 1416
"GET /classify/list HTTP/1.1" 200 10375
"GET /event/event/list HTTP/1.1" 200 459
"GET /repository/dept/list HTTP/1.1" 200 488
"GET /repository/user/list HTTP/1.1" 200 1416
"GET /repository/user/list HTTP/1.1" 200 1416
"GET /event/event/list HTTP/1.1" 200 459
"GET /classify/list HTTP/1.1" 200 10375
"GET /repository/dept/list HTTP/1.1" 200 488
"GET /repository/user/list HTTP/1.1" 200 1416
"GET /repository/dept/list HTTP/1.1" 200 488
"GET /event/event/list HTTP/1.1" 200 459
"GET /classify/list HTTP/1.1" 200 10375
"POST /repository/search HTTP/1.1" 200 45841
"GET /repository/history?id=41 HTTP/1.1" 200 361
"GET /repository/history?id=46 HTTP/1.1" 200 420
"GET /repository/history?id=39 HTTP/1.1" 200 343
"GET /repository/history?id=45 HTTP/1.1" 200 408
"GET /repository/history?id=43 HTTP/1.1" 200 329
"GET /repository/history?id=42 HTTP/1.1" 200 327
"GET /repository/history?id=38 HTTP/1.1" 200 609
"GET /repository/history?id=40 HTTP/1.1" 200 343
"GET /repository/history?id=37 HTTP/1.1" 200 931
"GET /repository/history?id=36 HTTP/1.1" 200 890
"POST /approval/list HTTP/1.1" 200 654
"POST /repository/search HTTP/1.1" 200 45841
"GET /repository/history?id=42 HTTP/1.1" 200 327
"GET /repository/history?id=43 HTTP/1.1" 200 329
"GET /repository/history?id=41 HTTP/1.1" 200 361
"GET /repository/history?id=45 HTTP/1.1" 200 408
"GET /repository/history?id=40 HTTP/1.1" 200 343
"GET /repository/history?id=46 HTTP/1.1" 200 420
"GET /repository/history?id=39 HTTP/1.1" 200 343
"GET /repository/history?id=37 HTTP/1.1" 200 931
"GET /repository/history?id=36 HTTP/1.1" 200 890
"GET /repository/history?id=38 HTTP/1.1" 200 609
"GET /repository/dept/list HTTP/1.1" 200 488
"GET /classify/list HTTP/1.1" 200 10375
"GET /repository/user/list HTTP/1.1" 200 1416
"GET /event/event/list HTTP/1.1" 200 459
D:\my_project\Django_admin\jj_system\repository\models.py changed, reloading.
D:\my_project\Django_admin\jj_system\repository\models.py changed, reloading.
D:\my_project\Django_admin\jj_system\repository\models.py changed, reloading.
Watching for file changes with StatReloader
Watching for file changes with StatReloader
D:\my_project\Django_admin\jj_system\repository\views.py changed, reloading.
D:\my_project\Django_admin\jj_system\repository\views.py changed, reloading.
D:\my_project\Django_admin\jj_system\repository\views.py changed, reloading.
Watching for file changes with StatReloader
Watching for file changes with StatReloader
Watching for file changes with StatReloader
"GET /repository/user/list HTTP/1.1" 200 1416
"GET /classify/list HTTP/1.1" 200 10375
"GET /event/event/list HTTP/1.1" 200 459
"GET /repository/dept/list HTTP/1.1" 200 488
"GET /repository/user/list HTTP/1.1" 200 1416
"GET /repository/dept/list HTTP/1.1" 200 488
"GET /event/event/list HTTP/1.1" 200 459
"GET /classify/list HTTP/1.1" 200 10375
"GET /repository/user/list HTTP/1.1" 200 1416
"GET /classify/list HTTP/1.1" 200 10375
"GET /repository/dept/list HTTP/1.1" 200 488
"GET /event/event/list HTTP/1.1" 200 459
D:\my_project\Django_admin\jj_system\repository\models.py changed, reloading.
D:\my_project\Django_admin\jj_system\repository\models.py changed, reloading.
D:\my_project\Django_admin\jj_system\repository\models.py changed, reloading.
Watching for file changes with StatReloader
登录请求 - 用户名: admin, 请求方法: POST
找到用户: admin, 用户ID: 1, 用户状态: 1
密码验证结果: True
"POST /user/login?username=admin&password=1234567&rememberMe=true HTTP/1.1" 200 6747
"POST /repository/search HTTP/1.1" 200 46011
"GET /repository/history?id=41 HTTP/1.1" 200 361
"GET /repository/history?id=42 HTTP/1.1" 200 327
"GET /repository/history?id=40 HTTP/1.1" 200 343
"GET /repository/history?id=46 HTTP/1.1" 200 420
"GET /repository/history?id=45 HTTP/1.1" 200 408
"GET /repository/history?id=43 HTTP/1.1" 200 329
"GET /repository/history?id=37 HTTP/1.1" 200 931
"GET /repository/history?id=38 HTTP/1.1" 200 609
"GET /repository/history?id=39 HTTP/1.1" 200 343
"GET /repository/history?id=36 HTTP/1.1" 200 890
"GET /classify/list HTTP/1.1" 200 10375
"GET /repository/user/list HTTP/1.1" 200 1416
"GET /event/event/list HTTP/1.1" 200 459
"GET /repository/dept/list HTTP/1.1" 200 488
"POST /repository/save HTTP/1.1" 200 394
"POST /repository/search HTTP/1.1" 200 43759
"GET /repository/history?id=45 HTTP/1.1" 200 408
"GET /repository/history?id=43 HTTP/1.1" 200 329
"GET /repository/history?id=41 HTTP/1.1" 200 361
"GET /repository/history?id=42 HTTP/1.1" 200 327
"GET /repository/history?id=47 HTTP/1.1" 200 328
"GET /repository/history?id=46 HTTP/1.1" 200 420
"GET /repository/history?id=40 HTTP/1.1" 200 343
"GET /repository/history?id=39 HTTP/1.1" 200 343
"GET /repository/history?id=37 HTTP/1.1" 200 931
"GET /repository/history?id=38 HTTP/1.1" 200 609
登录请求 - 用户名: gaodi, 请求方法: POST
找到用户: gaodi, 用户ID: 42, 用户状态: 1
密码验证结果: True
"POST /user/login?username=gaodi&password=123456&rememberMe=true HTTP/1.1" 200 2007
"POST /repository/search HTTP/1.1" 200 43754
"GET /repository/history?id=45 HTTP/1.1" 200 408
"GET /repository/history?id=43 HTTP/1.1" 200 329
"GET /repository/history?id=41 HTTP/1.1" 200 361
"GET /repository/history?id=42 HTTP/1.1" 200 327
"GET /repository/history?id=47 HTTP/1.1" 200 328
"GET /repository/history?id=46 HTTP/1.1" 200 420
"GET /repository/history?id=40 HTTP/1.1" 200 343
"GET /repository/history?id=38 HTTP/1.1" 200 609
"GET /repository/history?id=39 HTTP/1.1" 200 343
"GET /repository/history?id=37 HTTP/1.1" 200 931
"GET /repository/dept/list HTTP/1.1" 200 488
"GET /event/event/list HTTP/1.1" 200 459
"GET /classify/list HTTP/1.1" 200 10375
"GET /repository/user/list HTTP/1.1" 200 1416
"POST /repository/save HTTP/1.1" 200 398
"POST /repository/search HTTP/1.1" 200 38299
"GET /repository/history?id=48 HTTP/1.1" 200 332
"GET /repository/history?id=46 HTTP/1.1" 200 420
"GET /repository/history?id=42 HTTP/1.1" 200 327
"GET /repository/history?id=45 HTTP/1.1" 200 408
"GET /repository/history?id=47 HTTP/1.1" 200 328
"GET /repository/history?id=43 HTTP/1.1" 200 329
"GET /repository/history?id=41 HTTP/1.1" 200 361
"GET /repository/history?id=39 HTTP/1.1" 200 343
"GET /repository/history?id=38 HTTP/1.1" 200 609
"GET /repository/history?id=40 HTTP/1.1" 200 343
"POST /repository/search HTTP/1.1" 200 38299
"GET /repository/history?id=47 HTTP/1.1" 200 328
"GET /repository/history?id=42 HTTP/1.1" 200 327
"GET /repository/history?id=48 HTTP/1.1" 200 332
"GET /repository/history?id=45 HTTP/1.1" 200 408
"GET /repository/history?id=43 HTTP/1.1" 200 329
"GET /repository/history?id=46 HTTP/1.1" 200 420
"GET /repository/history?id=41 HTTP/1.1" 200 361
"GET /repository/history?id=38 HTTP/1.1" 200 609
"GET /repository/history?id=39 HTTP/1.1" 200 343
"GET /repository/history?id=40 HTTP/1.1" 200 343
"GET /event/event/list HTTP/1.1" 200 459
"GET /repository/user/list HTTP/1.1" 200 1416
"GET /classify/list HTTP/1.1" 200 10375
"GET /repository/dept/list HTTP/1.1" 200 488
"POST /repository/save HTTP/1.1" 200 400
"POST /repository/search HTTP/1.1" 200 36247
"GET /repository/history?id=45 HTTP/1.1" 200 408
"GET /repository/history?id=48 HTTP/1.1" 200 332
"GET /repository/history?id=43 HTTP/1.1" 200 329
"GET /repository/history?id=47 HTTP/1.1" 200 328
"GET /repository/history?id=49 HTTP/1.1" 200 334
"GET /repository/history?id=46 HTTP/1.1" 200 420
"GET /repository/history?id=40 HTTP/1.1" 200 343
"GET /repository/history?id=39 HTTP/1.1" 200 343
"GET /repository/history?id=41 HTTP/1.1" 200 361
"GET /repository/history?id=42 HTTP/1.1" 200 327
登录请求 - 用户名: admin, 请求方法: POST
找到用户: admin, 用户ID: 1, 用户状态: 1
密码验证结果: True
"POST /user/login?username=admin&password=1234567&rememberMe=true HTTP/1.1" 200 6747
"POST /repository/search HTTP/1.1" 200 36251
"GET /repository/history?id=43 HTTP/1.1" 200 329
"GET /repository/history?id=45 HTTP/1.1" 200 408
"GET /repository/history?id=46 HTTP/1.1" 200 420
"GET /repository/history?id=48 HTTP/1.1" 200 332
"GET /repository/history?id=49 HTTP/1.1" 200 334
"GET /repository/history?id=47 HTTP/1.1" 200 328
"GET /repository/history?id=40 HTTP/1.1" 200 343
"GET /repository/history?id=42 HTTP/1.1" 200 327
"GET /repository/history?id=39 HTTP/1.1" 200 343
"GET /repository/history?id=41 HTTP/1.1" 200 361
D:\my_project\Django_admin\jj_system\repository\views.py changed, reloading.
Watching for file changes with StatReloader
D:\my_project\Django_admin\jj_system\repository\views.py changed, reloading.
D:\my_project\Django_admin\jj_system\repository\views.py changed, reloading.
Watching for file changes with StatReloader
Watching for file changes with StatReloader
"GET /repository/action?id=49 HTTP/1.1" 200 400
"GET /repository/user/list HTTP/1.1" 200 1416
"GET /repository/dept/list HTTP/1.1" 200 488
"GET /event/event/list HTTP/1.1" 200 459
"GET /classify/list HTTP/1.1" 200 10375
"POST /repository/search HTTP/1.1" 200 36251
"GET /repository/history?id=49 HTTP/1.1" 200 334
"GET /repository/history?id=47 HTTP/1.1" 200 328
"GET /repository/history?id=45 HTTP/1.1" 200 408
"GET /repository/history?id=43 HTTP/1.1" 200 329
"GET /repository/history?id=48 HTTP/1.1" 200 332
"GET /repository/history?id=46 HTTP/1.1" 200 420
"GET /repository/history?id=42 HTTP/1.1" 200 327
"GET /repository/history?id=39 HTTP/1.1" 200 343
"GET /repository/history?id=41 HTTP/1.1" 200 361
"GET /repository/history?id=40 HTTP/1.1" 200 343
D:\my_project\Django_admin\jj_system\repository\views.py changed, reloading.
D:\my_project\Django_admin\jj_system\repository\views.py changed, reloading.
Watching for file changes with StatReloader
D:\my_project\Django_admin\jj_system\repository\views.py changed, reloading.
Watching for file changes with StatReloader
Watching for file changes with StatReloader
D:\my_project\Django_admin\jj_system\repository\views.py changed, reloading.
D:\my_project\Django_admin\jj_system\repository\views.py changed, reloading.
D:\my_project\Django_admin\jj_system\repository\views.py changed, reloading.
Watching for file changes with StatReloader
Watching for file changes with StatReloader
Watching for file changes with StatReloader
登录请求 - 用户名: admin, 请求方法: POST
找到用户: admin, 用户ID: 1, 用户状态: 1
密码验证结果: True
"POST /user/login?username=admin&password=1234567&rememberMe=true HTTP/1.1" 200 6747
"POST /repository/search HTTP/1.1" 200 36251
"GET /repository/history?id=47 HTTP/1.1" 200 328
"GET /repository/history?id=49 HTTP/1.1" 200 334
"GET /repository/history?id=48 HTTP/1.1" 200 332
"GET /repository/history?id=45 HTTP/1.1" 200 408
"GET /repository/history?id=43 HTTP/1.1" 200 329
"GET /repository/history?id=46 HTTP/1.1" 200 420
"GET /repository/history?id=41 HTTP/1.1" 200 361
"GET /repository/history?id=42 HTTP/1.1" 200 327
"GET /repository/history?id=39 HTTP/1.1" 200 343
"GET /repository/history?id=40 HTTP/1.1" 200 343
"GET /repository/dept/list HTTP/1.1" 200 488
"GET /classify/list HTTP/1.1" 200 10375
"GET /event/event/list HTTP/1.1" 200 459
"GET /repository/user/list HTTP/1.1" 200 1416
"POST /repository/save HTTP/1.1" 200 407
"POST /repository/search HTTP/1.1" 200 36229
"GET /repository/history?id=49 HTTP/1.1" 200 334
"GET /repository/history?id=47 HTTP/1.1" 200 328
"GET /repository/history?id=48 HTTP/1.1" 200 332
"GET /repository/history?id=45 HTTP/1.1" 200 408
"GET /repository/history?id=50 HTTP/1.1" 200 341
"GET /repository/history?id=46 HTTP/1.1" 200 420
"GET /repository/history?id=41 HTTP/1.1" 200 361
"GET /repository/history?id=42 HTTP/1.1" 200 327
"GET /repository/history?id=43 HTTP/1.1" 200 329
"GET /repository/history?id=40 HTTP/1.1" 200 343
"POST /repository/search HTTP/1.1" 200 36229
"GET /repository/history?id=47 HTTP/1.1" 200 328
"GET /repository/history?id=50 HTTP/1.1" 200 341
"GET /repository/history?id=49 HTTP/1.1" 200 334
"GET /repository/history?id=45 HTTP/1.1" 200 408
"GET /repository/history?id=48 HTTP/1.1" 200 332
"GET /repository/history?id=46 HTTP/1.1" 200 420
"GET /repository/history?id=43 HTTP/1.1" 200 329
"GET /repository/history?id=41 HTTP/1.1" 200 361
"GET /repository/history?id=40 HTTP/1.1" 200 343
"GET /repository/history?id=42 HTTP/1.1" 200 327
登录请求 - 用户名: gaodi, 请求方法: POST
找到用户: gaodi, 用户ID: 42, 用户状态: 1
密码验证结果: True
"POST /user/login?username=gaodi&password=123456&rememberMe=true HTTP/1.1" 200 2007
"POST /repository/search HTTP/1.1" 200 36247
"GET /repository/history?id=48 HTTP/1.1" 200 332
"GET /repository/history?id=45 HTTP/1.1" 200 408
"GET /repository/history?id=47 HTTP/1.1" 200 328
"GET /repository/history?id=49 HTTP/1.1" 200 334
"GET /repository/history?id=43 HTTP/1.1" 200 329
"GET /repository/history?id=46 HTTP/1.1" 200 420
"GET /repository/history?id=42 HTTP/1.1" 200 327
"GET /repository/history?id=39 HTTP/1.1" 200 343
"GET /repository/history?id=40 HTTP/1.1" 200 343
"GET /repository/history?id=41 HTTP/1.1" 200 361
"GET /event/event/list HTTP/1.1" 200 459
"GET /repository/user/list HTTP/1.1" 200 1416
"GET /repository/dept/list HTTP/1.1" 200 488
"GET /classify/list HTTP/1.1" 200 10375
"POST /repository/save HTTP/1.1" 200 467
"POST /repository/search HTTP/1.1" 200 36266
"GET /repository/history?id=48 HTTP/1.1" 200 332
"GET /repository/history?id=51 HTTP/1.1" 200 401
"GET /repository/history?id=49 HTTP/1.1" 200 334
"GET /repository/history?id=45 HTTP/1.1" 200 408
"GET /repository/history?id=47 HTTP/1.1" 200 328
"GET /repository/history?id=46 HTTP/1.1" 200 420
"GET /repository/history?id=42 HTTP/1.1" 200 327
"GET /repository/history?id=40 HTTP/1.1" 200 343
"GET /repository/history?id=43 HTTP/1.1" 200 329
"GET /repository/history?id=41 HTTP/1.1" 200 361
登录请求 - 用户名: zhuxingwei, 请求方法: POST
找到用户: zhuxingwei, 用户ID: 49, 用户状态: 1
密码验证结果: True
"POST /user/login?username=zhuxingwei&password=123456&rememberMe=true HTTP/1.1" 200 6384
"POST /repository/search HTTP/1.1" 200 36270
"GET /repository/history?id=51 HTTP/1.1" 200 401
"GET /repository/history?id=45 HTTP/1.1" 200 408
"GET /repository/history?id=47 HTTP/1.1" 200 328
"GET /repository/history?id=49 HTTP/1.1" 200 334
"GET /repository/history?id=48 HTTP/1.1" 200 332
"GET /repository/history?id=46 HTTP/1.1" 200 420
"GET /repository/history?id=40 HTTP/1.1" 200 343
"GET /repository/history?id=42 HTTP/1.1" 200 327
"GET /repository/history?id=41 HTTP/1.1" 200 361
"GET /repository/history?id=43 HTTP/1.1" 200 329
"POST /approval/list HTTP/1.1" 200 654
"POST /repository/search HTTP/1.1" 200 36241
"GET /repository/history?id=51 HTTP/1.1" 200 401
"GET /repository/history?id=50 HTTP/1.1" 200 341
"GET /repository/history?id=48 HTTP/1.1" 200 332
"GET /repository/history?id=47 HTTP/1.1" 200 328
"GET /repository/history?id=49 HTTP/1.1" 200 334
"GET /repository/history?id=46 HTTP/1.1" 200 420
"GET /repository/history?id=45 HTTP/1.1" 200 408
"GET /repository/history?id=43 HTTP/1.1" 200 329
"GET /repository/history?id=41 HTTP/1.1" 200 361
"GET /repository/history?id=42 HTTP/1.1" 200 327
"POST /repository/search HTTP/1.1" 200 36241
"GET /repository/history?id=50 HTTP/1.1" 200 341
"GET /repository/history?id=49 HTTP/1.1" 200 334
"GET /repository/history?id=51 HTTP/1.1" 200 401
"GET /repository/history?id=48 HTTP/1.1" 200 332
"GET /repository/history?id=47 HTTP/1.1" 200 328
"GET /repository/history?id=46 HTTP/1.1" 200 420
"GET /repository/history?id=43 HTTP/1.1" 200 329
"GET /repository/history?id=41 HTTP/1.1" 200 361
"GET /repository/history?id=42 HTTP/1.1" 200 327
"GET /repository/history?id=45 HTTP/1.1" 200 408
"POST /items/search HTTP/1.1" 200 2016
"POST /repository/search HTTP/1.1" 200 36241
"GET /repository/history?id=48 HTTP/1.1" 200 332
"GET /repository/history?id=49 HTTP/1.1" 200 334
"GET /repository/history?id=47 HTTP/1.1" 200 328
"GET /repository/history?id=51 HTTP/1.1" 200 401
"GET /repository/history?id=46 HTTP/1.1" 200 420
"GET /repository/history?id=50 HTTP/1.1" 200 341
"GET /repository/history?id=41 HTTP/1.1" 200 361
"GET /repository/history?id=42 HTTP/1.1" 200 327
"GET /repository/history?id=43 HTTP/1.1" 200 329
"GET /repository/history?id=45 HTTP/1.1" 200 408
"POST /approval/list HTTP/1.1" 200 654
"POST /repository/search HTTP/1.1" 200 36241
"GET /repository/history?id=47 HTTP/1.1" 200 328
"GET /repository/history?id=48 HTTP/1.1" 200 332
"GET /repository/history?id=49 HTTP/1.1" 200 334
"GET /repository/history?id=51 HTTP/1.1" 200 401
"GET /repository/history?id=50 HTTP/1.1" 200 341
"GET /repository/history?id=46 HTTP/1.1" 200 420
"GET /repository/history?id=42 HTTP/1.1" 200 327
"GET /repository/history?id=43 HTTP/1.1" 200 329
"GET /repository/history?id=41 HTTP/1.1" 200 361
"GET /repository/history?id=45 HTTP/1.1" 200 408
登录请求 - 用户名: zhuxingwei, 请求方法: POST
找到用户: zhuxingwei, 用户ID: 49, 用户状态: 1
密码验证结果: True
"POST /user/login?username=zhuxingwei&password=123456&rememberMe=true HTTP/1.1" 200 6384
"POST /repository/search HTTP/1.1" 200 36270
"GET /repository/history?id=45 HTTP/1.1" 200 408
"GET /repository/history?id=49 HTTP/1.1" 200 334
"GET /repository/history?id=51 HTTP/1.1" 200 401
"GET /repository/history?id=47 HTTP/1.1" 200 328
"GET /repository/history?id=48 HTTP/1.1" 200 332
"GET /repository/history?id=46 HTTP/1.1" 200 420
"GET /repository/history?id=41 HTTP/1.1" 200 361
"GET /repository/history?id=42 HTTP/1.1" 200 327
"GET /repository/history?id=43 HTTP/1.1" 200 329
"GET /repository/history?id=40 HTTP/1.1" 200 343
登录请求 - 用户名: chenyong, 请求方法: POST
找到用户: chenyong, 用户ID: 27, 用户状态: 1
密码验证结果: True
"POST /user/login?username=chenyong&password=123456&rememberMe=true HTTP/1.1" 200 2006
"POST /repository/search HTTP/1.1" 200 36252
"GET /repository/history?id=47 HTTP/1.1" 200 328
"GET /repository/history?id=43 HTTP/1.1" 200 329
"GET /repository/history?id=49 HTTP/1.1" 200 334
"GET /repository/history?id=48 HTTP/1.1" 200 332
"GET /repository/history?id=45 HTTP/1.1" 200 408
"GET /repository/history?id=46 HTTP/1.1" 200 420
"GET /repository/history?id=40 HTTP/1.1" 200 343
"GET /repository/history?id=41 HTTP/1.1" 200 361
"GET /repository/history?id=39 HTTP/1.1" 200 343
"GET /repository/history?id=42 HTTP/1.1" 200 327
"GET /files/list/?page=1&page_size=10 HTTP/1.1" 200 82
"GET /files/list/?page=1&page_size=10 HTTP/1.1" 200 82
"GET /files/list/?page=1&page_size=10 HTTP/1.1" 200 82
"POST /repository/search HTTP/1.1" 200 36252
"GET /repository/history?id=43 HTTP/1.1" 200 329
"GET /repository/history?id=45 HTTP/1.1" 200 408
"GET /repository/history?id=48 HTTP/1.1" 200 332
"GET /repository/history?id=47 HTTP/1.1" 200 328
"GET /repository/history?id=49 HTTP/1.1" 200 334
"GET /repository/history?id=46 HTTP/1.1" 200 420
"GET /repository/history?id=41 HTTP/1.1" 200 361
"GET /repository/history?id=42 HTTP/1.1" 200 327
"GET /repository/history?id=40 HTTP/1.1" 200 343
"GET /repository/history?id=39 HTTP/1.1" 200 343
"POST /repository/search HTTP/1.1" 200 36252
"GET /files/list/?page=1&page_size=10 HTTP/1.1" 200 82
"GET /repository/history?id=48 HTTP/1.1" 200 332
"GET /repository/history?id=49 HTTP/1.1" 200 334
"GET /repository/history?id=47 HTTP/1.1" 200 328
"GET /repository/history?id=45 HTTP/1.1" 200 408
"GET /repository/history?id=46 HTTP/1.1" 200 420
"GET /repository/history?id=43 HTTP/1.1" 200 329
"GET /repository/history?id=40 HTTP/1.1" 200 343
"GET /repository/history?id=41 HTTP/1.1" 200 361
"GET /repository/history?id=39 HTTP/1.1" 200 343
"GET /repository/history?id=42 HTTP/1.1" 200 327
登录请求 - 用户名: gaodi, 请求方法: POST
找到用户: gaodi, 用户ID: 42, 用户状态: 1
密码验证结果: True
"POST /user/login?username=gaodi&password=123456&rememberMe=true HTTP/1.1" 200 2007
"GET /files/list/?page=1&page_size=10 HTTP/1.1" 200 82
D:\my_project\Django_admin\jj_system\file_manager\views.py changed, reloading.
D:\my_project\Django_admin\jj_system\file_manager\views.py changed, reloading.
D:\my_project\Django_admin\jj_system\file_manager\views.py changed, reloading.
Watching for file changes with StatReloader
Watching for file changes with StatReloader
Watching for file changes with StatReloader
D:\my_project\Django_admin\jj_system\file_manager\views.py changed, reloading.
D:\my_project\Django_admin\jj_system\file_manager\views.py changed, reloading.
Watching for file changes with StatReloader
Watching for file changes with StatReloader
D:\my_project\Django_admin\jj_system\file_manager\views.py changed, reloading.
Watching for file changes with StatReloader
"GET /files/list/?page=1&page_size=10 HTTP/1.1" 200 4201
D:\my_project\Django_admin\jj_system\file_manager\views.py changed, reloading.
Watching for file changes with StatReloader
D:\my_project\Django_admin\jj_system\file_manager\views.py changed, reloading.
D:\my_project\Django_admin\jj_system\file_manager\views.py changed, reloading.
Watching for file changes with StatReloader
Watching for file changes with StatReloader
D:\my_project\Django_admin\jj_system\file_manager\views.py changed, reloading.
Watching for file changes with StatReloader
D:\my_project\Django_admin\jj_system\file_manager\views.py changed, reloading.
D:\my_project\Django_admin\jj_system\file_manager\views.py changed, reloading.
Watching for file changes with StatReloader
Watching for file changes with StatReloader
"GET /files/list/?page=1&page_size=10 HTTP/1.1" 200 4201
登录请求 - 用户名: gaodi, 请求方法: POST
找到用户: gaodi, 用户ID: 42, 用户状态: 1
密码验证结果: True
"POST /user/login?username=gaodi&password=123456&rememberMe=true HTTP/1.1" 200 2007
"GET /files/list/?page=1&page_size=10 HTTP/1.1" 200 4201
"GET /files/list/?page=1&page_size=10 HTTP/1.1" 200 4201
"GET /files/list/?page=1&page_size=10 HTTP/1.1" 200 4201
"GET /files/list/?page=1&page_size=10 HTTP/1.1" 200 4201
"GET /files/list/?page=1&page_size=10 HTTP/1.1" 200 4201
"GET /files/list/?page=1&page_size=10 HTTP/1.1" 200 4201
"POST /repository/search HTTP/1.1" 200 36266
"GET /repository/history?id=49 HTTP/1.1" 200 334
"GET /repository/history?id=47 HTTP/1.1" 200 328
"GET /repository/history?id=48 HTTP/1.1" 200 332
"GET /repository/history?id=45 HTTP/1.1" 200 408
"GET /repository/history?id=51 HTTP/1.1" 200 401
"GET /repository/history?id=46 HTTP/1.1" 200 420
"GET /repository/history?id=42 HTTP/1.1" 200 327
"GET /repository/history?id=43 HTTP/1.1" 200 329
"GET /repository/history?id=41 HTTP/1.1" 200 361
"GET /repository/history?id=40 HTTP/1.1" 200 343
"POST /repository/search HTTP/1.1" 200 36270
"POST /approval/list HTTP/1.1" 200 45
"GET /repository/history?id=47 HTTP/1.1" 200 328
"GET /repository/history?id=48 HTTP/1.1" 200 332
"GET /repository/history?id=51 HTTP/1.1" 200 401
"GET /repository/history?id=49 HTTP/1.1" 200 334
"GET /repository/history?id=46 HTTP/1.1" 200 420
"GET /repository/history?id=45 HTTP/1.1" 200 408
"GET /repository/history?id=41 HTTP/1.1" 200 361
"GET /repository/history?id=43 HTTP/1.1" 200 329
"GET /repository/history?id=42 HTTP/1.1" 200 327
"GET /repository/history?id=40 HTTP/1.1" 200 343
"POST /approval/list HTTP/1.1" 200 45
"POST /approval/list HTTP/1.1" 200 45
"POST /approval/list HTTP/1.1" 200 45
"POST /user/search HTTP/1.1" 200 8610
"GET /role/listAll HTTP/1.1" 200 1590
"GET /role/listAll HTTP/1.1" 200 1590
页面大小: 10, 页码: 1
"POST /role/search HTTP/1.1" 200 1602
菜单查询集: <QuerySet [<SysMenu: SysMenu object (3)>, <SysMenu: SysMenu object (1)>, <SysMenu: SysMenu object (31)>, <SysMenu: SysMenu object (11)>, <SysMenu: SysMenu object (27)>, <SysMenu: SysMenu object (22)>, <SysMenu: SysMenu object (2)>, <SysMenu: SysMenu object (4)>, <SysMenu: SysMenu object (32)>, <SysMenu: SysMenu object (28)>, <SysMenu: SysMenu object (23)>, <SysMenu: SysMenu object (33)>, <SysMenu: SysMenu object (29)>, <SysMenu: SysMenu object (24)>, <SysMenu: SysMenu object (14)>, <SysMenu: SysMenu object (5)>, <SysMenu: SysMenu object (17)>, <SysMenu: SysMenu object (25)>, <SysMenu: SysMenu object (6)>, <SysMenu: SysMenu object (26)>, '...(remaining elements truncated)...']>
菜单树结果: [<SysMenu: SysMenu object (1)>, <SysMenu: SysMenu object (2)>, <SysMenu: SysMenu object (30)>]
"GET /menu/treeList HTTP/1.1" 200 5810
"GET /role/menus?id=1 HTTP/1.1" 200 133
角色ID: 1, 菜单ID列表: [1, 3, 4, 5, 6, 7, 8, 18, 19, 2, 11, 14, 17, 16, 20]
"POST /role/grant HTTP/1.1" 200 13
页面大小: 10, 页码: 1
菜单查询集: <QuerySet [<SysMenu: SysMenu object (3)>, <SysMenu: SysMenu object (1)>, <SysMenu: SysMenu object (31)>, <SysMenu: SysMenu object (11)>, <SysMenu: SysMenu object (27)>, <SysMenu: SysMenu object (22)>, <SysMenu: SysMenu object (2)>, <SysMenu: SysMenu object (4)>, <SysMenu: SysMenu object (32)>, <SysMenu: SysMenu object (28)>, <SysMenu: SysMenu object (23)>, <SysMenu: SysMenu object (33)>, <SysMenu: SysMenu object (29)>, <SysMenu: SysMenu object (24)>, <SysMenu: SysMenu object (14)>, <SysMenu: SysMenu object (5)>, <SysMenu: SysMenu object (17)>, <SysMenu: SysMenu object (25)>, <SysMenu: SysMenu object (6)>, <SysMenu: SysMenu object (26)>, '...(remaining elements truncated)...']>
菜单树结果: [<SysMenu: SysMenu object (1)>, <SysMenu: SysMenu object (2)>, <SysMenu: SysMenu object (30)>]
"GET /menu/treeList HTTP/1.1" 200 5810
"POST /role/search HTTP/1.1" 200 1602
"GET /role/menus?id=1 HTTP/1.1" 200 81
页面大小: 10, 页码: 1
"POST /role/search HTTP/1.1" 200 1602
"POST /user/search HTTP/1.1" 200 8610
"POST /user/search HTTP/1.1" 200 8295
"POST /user/search HTTP/1.1" 200 1607
"DELETE /user/action HTTP/1.1" 200 114
"POST /user/search HTTP/1.1" 200 1607
"POST /user/search HTTP/1.1" 200 8610
"POST /user/search HTTP/1.1" 200 1607
登录请求 - 用户名: admin, 请求方法: POST
找到用户: admin, 用户ID: 1, 用户状态: 1
密码验证结果: True
"POST /user/login?username=admin&password=1234567&rememberMe=true HTTP/1.1" 200 6415
"POST /user/search HTTP/1.1" 200 8610
页面大小: 10, 页码: 1
"POST /role/search HTTP/1.1" 200 1602
菜单查询集: <QuerySet [<SysMenu: SysMenu object (3)>, <SysMenu: SysMenu object (1)>, <SysMenu: SysMenu object (31)>, <SysMenu: SysMenu object (11)>, <SysMenu: SysMenu object (27)>, <SysMenu: SysMenu object (22)>, <SysMenu: SysMenu object (2)>, <SysMenu: SysMenu object (4)>, <SysMenu: SysMenu object (32)>, <SysMenu: SysMenu object (28)>, <SysMenu: SysMenu object (23)>, <SysMenu: SysMenu object (33)>, <SysMenu: SysMenu object (29)>, <SysMenu: SysMenu object (24)>, <SysMenu: SysMenu object (14)>, <SysMenu: SysMenu object (5)>, <SysMenu: SysMenu object (17)>, <SysMenu: SysMenu object (25)>, <SysMenu: SysMenu object (6)>, <SysMenu: SysMenu object (26)>, '...(remaining elements truncated)...']>
菜单树结果: [<SysMenu: SysMenu object (1)>, <SysMenu: SysMenu object (2)>, <SysMenu: SysMenu object (30)>]
"GET /menu/treeList HTTP/1.1" 200 5810
"GET /role/menus?id=1 HTTP/1.1" 200 81
角色ID: 1, 菜单ID列表: [1, 3, 4, 5, 6, 7, 8, 18, 19, 2, 11, 14, 17, 16, 20, 30, 31, 32, 33]
"POST /role/grant HTTP/1.1" 200 13
页面大小: 10, 页码: 1
"POST /role/search HTTP/1.1" 200 1602
菜单查询集: <QuerySet [<SysMenu: SysMenu object (3)>, <SysMenu: SysMenu object (1)>, <SysMenu: SysMenu object (31)>, <SysMenu: SysMenu object (11)>, <SysMenu: SysMenu object (27)>, <SysMenu: SysMenu object (22)>, <SysMenu: SysMenu object (2)>, <SysMenu: SysMenu object (4)>, <SysMenu: SysMenu object (32)>, <SysMenu: SysMenu object (28)>, <SysMenu: SysMenu object (23)>, <SysMenu: SysMenu object (33)>, <SysMenu: SysMenu object (29)>, <SysMenu: SysMenu object (24)>, <SysMenu: SysMenu object (14)>, <SysMenu: SysMenu object (5)>, <SysMenu: SysMenu object (17)>, <SysMenu: SysMenu object (25)>, <SysMenu: SysMenu object (6)>, <SysMenu: SysMenu object (26)>, '...(remaining elements truncated)...']>
菜单树结果: [<SysMenu: SysMenu object (1)>, <SysMenu: SysMenu object (2)>, <SysMenu: SysMenu object (30)>]
"GET /menu/treeList HTTP/1.1" 200 5810
"GET /role/menus?id=1 HTTP/1.1" 200 97
页面大小: 10, 页码: 1
"POST /role/search HTTP/1.1" 200 1602
登录请求 - 用户名: admin, 请求方法: POST
找到用户: admin, 用户ID: 1, 用户状态: 1
密码验证结果: True
"POST /user/login?username=admin&password=1234567&rememberMe=true HTTP/1.1" 200 6747
"POST /approval/list HTTP/1.1" 200 1177
"POST /user/search HTTP/1.1" 200 8610
页面大小: 10, 页码: 1
"POST /role/search HTTP/1.1" 200 1602
"GET /role/action?id=34 HTTP/1.1" 200 238
"POST /role/save HTTP/1.1" 200 13
页面大小: 10, 页码: 1
"GET /role/action?id=34 HTTP/1.1" 200 238
"POST /role/search HTTP/1.1" 200 1602
页面大小: 10, 页码: 1
"POST /role/search HTTP/1.1" 200 1602
"GET /role/action?id=34 HTTP/1.1" 200 238
"GET /role/action?id=34 HTTP/1.1" 200 238
"POST /approval/list HTTP/1.1" 200 1177
"POST /approval/process HTTP/1.1" 200 48
"POST /approval/list HTTP/1.1" 200 1242
"POST /user/search HTTP/1.1" 200 8610
"POST /user/search HTTP/1.1" 200 858
"POST /repository/search HTTP/1.1" 200 83
登录请求 - 用户名: admin, 请求方法: POST
找到用户: admin, 用户ID: 1, 用户状态: 1
密码验证结果: True
登录请求 - 用户名: admin, 请求方法: POST
"POST /user/login?username=admin&password=1234567&rememberMe=false HTTP/1.1" 200 6747
找到用户: admin, 用户ID: 1, 用户状态: 1
密码验证结果: True
"POST /user/login?username=admin&password=1234567&rememberMe=false HTTP/1.1" 200 6747
"POST /blacklist/search HTTP/1.1" 200 3855
"GET /files/list/?page=1&page_size=10 HTTP/1.1" 200 4201
"POST /items/search HTTP/1.1" 200 2016
"GET /files/list/?page=1&page_size=10 HTTP/1.1" 200 4201
"GET /files/download/13 HTTP/1.1" 301 0
"GET /files/download/13/ HTTP/1.1" 200 22178747
"GET /files/download/13/ HTTP/1.1" 200 22178747
页面大小: 10, 页码: 1
"POST /role/search HTTP/1.1" 200 1602
"GET /files/download/13/ HTTP/1.1" 200 22178747
"GET /files/download/13/ HTTP/1.1" 200 22178747
"GET /role/action?id=34 HTTP/1.1" 200 238
"GET /files/download/12 HTTP/1.1" 301 0
"GET /files/download/12/ HTTP/1.1" 200 10781645
"GET /role/action?id=34 HTTP/1.1" 200 238
"POST /role/save HTTP/1.1" 200 13
页面大小: 10, 页码: 1
"POST /role/search HTTP/1.1" 200 1795
"GET /files/download/11 HTTP/1.1" 301 0
"GET /files/download/11/ HTTP/1.1" 200 3709560
"POST /approval/list HTTP/1.1" 200 1242
"POST /approval/list HTTP/1.1" 200 1242
"POST /repository/search HTTP/1.1" 200 36241
"POST /approval/list HTTP/1.1" 200 1242
"POST /approval/list HTTP/1.1" 200 1242
"POST /approval/list HTTP/1.1" 200 1242
"POST /approval/list HTTP/1.1" 200 1242
"GET /repository/history?id=50 HTTP/1.1" 200 341
"GET /repository/history?id=48 HTTP/1.1" 200 332
"GET /repository/history?id=49 HTTP/1.1" 200 334
"GET /repository/history?id=51 HTTP/1.1" 200 401
"GET /repository/history?id=47 HTTP/1.1" 200 328
"POST /approval/list HTTP/1.1" 200 1242
"GET /repository/history?id=45 HTTP/1.1" 200 408
"GET /repository/history?id=46 HTTP/1.1" 200 420
"GET /repository/history?id=43 HTTP/1.1" 200 329
"GET /repository/history?id=42 HTTP/1.1" 200 327
"GET /repository/history?id=41 HTTP/1.1" 200 361
"GET /user/level/list HTTP/1.1" 200 174
"GET /user/post/list HTTP/1.1" 200 1020
"GET /user/dept/list HTTP/1.1" 200 492
"POST /user/search HTTP/1.1" 200 8610
"POST /user/search HTTP/1.1" 200 8610
D:\my_project\Django_admin\jj_system\role\views.py changed, reloading.
D:\my_project\Django_admin\jj_system\role\views.py changed, reloading.
D:\my_project\Django_admin\jj_system\role\views.py changed, reloading.
Watching for file changes with StatReloader
Watching for file changes with StatReloader
Watching for file changes with StatReloader
D:\my_project\Django_admin\jj_system\role\views.py changed, reloading.
D:\my_project\Django_admin\jj_system\role\views.py changed, reloading.
D:\my_project\Django_admin\jj_system\role\views.py changed, reloading.
Watching for file changes with StatReloader
Watching for file changes with StatReloader
"POST /repository/search HTTP/1.1" 200 36266
"GET /repository/history?id=47 HTTP/1.1" 200 328
"GET /repository/history?id=49 HTTP/1.1" 200 334
"GET /repository/history?id=51 HTTP/1.1" 200 401
"GET /repository/history?id=46 HTTP/1.1" 200 420
"GET /repository/history?id=48 HTTP/1.1" 200 332
"GET /repository/history?id=45 HTTP/1.1" 200 408
"GET /repository/history?id=41 HTTP/1.1" 200 361
"GET /repository/history?id=40 HTTP/1.1" 200 343
"GET /repository/history?id=42 HTTP/1.1" 200 327
"GET /repository/history?id=43 HTTP/1.1" 200 329
页面大小: 10, 页码: 1
"POST /role/search HTTP/1.1" 200 1795
"GET /role/action?id=35 HTTP/1.1" 200 220
"POST /role/save HTTP/1.1" 200 13
页面大小: 10, 页码: 1
"GET /role/action?id=35 HTTP/1.1" 200 220
"POST /role/search HTTP/1.1" 200 1795
"DELETE /role/action HTTP/1.1" 200 13
页面大小: 10, 页码: 1
"POST /role/search HTTP/1.1" 200 1602
页面大小: 10, 页码: 1
"POST /role/search HTTP/1.1" 200 1602
菜单查询集: <QuerySet [<SysMenu: SysMenu object (3)>, <SysMenu: SysMenu object (1)>, <SysMenu: SysMenu object (31)>, <SysMenu: SysMenu object (11)>, <SysMenu: SysMenu object (27)>, <SysMenu: SysMenu object (22)>, <SysMenu: SysMenu object (2)>, <SysMenu: SysMenu object (4)>, <SysMenu: SysMenu object (32)>, <SysMenu: SysMenu object (28)>, <SysMenu: SysMenu object (23)>, <SysMenu: SysMenu object (33)>, <SysMenu: SysMenu object (29)>, <SysMenu: SysMenu object (24)>, <SysMenu: SysMenu object (14)>, <SysMenu: SysMenu object (5)>, <SysMenu: SysMenu object (17)>, <SysMenu: SysMenu object (25)>, <SysMenu: SysMenu object (6)>, <SysMenu: SysMenu object (26)>, '...(remaining elements truncated)...']>
菜单树结果: [<SysMenu: SysMenu object (1)>, <SysMenu: SysMenu object (2)>, <SysMenu: SysMenu object (30)>]
"GET /menu/treeList HTTP/1.1" 200 5810
"GET /role/menus?id=34 HTTP/1.1" 200 31
角色ID: 34, 菜单ID列表: [1, 3, 4, 5, 6, 7, 8, 18, 19, 2, 11, 14, 17, 16, 20, 30]
"POST /role/grant HTTP/1.1" 200 13
页面大小: 10, 页码: 1
菜单查询集: <QuerySet [<SysMenu: SysMenu object (3)>, <SysMenu: SysMenu object (1)>, <SysMenu: SysMenu object (31)>, <SysMenu: SysMenu object (11)>, <SysMenu: SysMenu object (27)>, <SysMenu: SysMenu object (22)>, <SysMenu: SysMenu object (2)>, <SysMenu: SysMenu object (4)>, <SysMenu: SysMenu object (32)>, <SysMenu: SysMenu object (28)>, <SysMenu: SysMenu object (23)>, <SysMenu: SysMenu object (33)>, <SysMenu: SysMenu object (29)>, <SysMenu: SysMenu object (24)>, <SysMenu: SysMenu object (14)>, <SysMenu: SysMenu object (5)>, <SysMenu: SysMenu object (17)>, <SysMenu: SysMenu object (25)>, <SysMenu: SysMenu object (6)>, <SysMenu: SysMenu object (26)>, '...(remaining elements truncated)...']>
菜单树结果: [<SysMenu: SysMenu object (1)>, <SysMenu: SysMenu object (2)>, <SysMenu: SysMenu object (30)>]
"GET /menu/treeList HTTP/1.1" 200 5810
"POST /role/search HTTP/1.1" 200 1602
"GET /role/menus?id=34 HTTP/1.1" 200 85
"POST /user/search HTTP/1.1" 200 8610
"GET /role/listAll HTTP/1.1" 200 1590
"POST /user/grantRole HTTP/1.1" 200 13
"GET /role/listAll HTTP/1.1" 200 1590
"POST /user/search HTTP/1.1" 200 8598
"POST /user/search HTTP/1.1" 200 8121
"POST /user/search HTTP/1.1" 200 8295
"GET /role/listAll HTTP/1.1" 200 1590
"POST /user/grantRole HTTP/1.1" 200 13
"GET /role/listAll HTTP/1.1" 200 1590
"POST /user/search HTTP/1.1" 200 8235
"GET /role/listAll HTTP/1.1" 200 1590
"POST /user/grantRole HTTP/1.1" 200 13
"GET /role/listAll HTTP/1.1" 200 1590
"POST /user/search HTTP/1.1" 200 8229
"POST /user/search HTTP/1.1" 200 858
"POST /user/search HTTP/1.1" 200 8229
"POST /user/search HTTP/1.1" 200 8121
"GET /role/listAll HTTP/1.1" 200 1590
"POST /user/grantRole HTTP/1.1" 200 13
"GET /role/listAll HTTP/1.1" 200 1590
"POST /user/search HTTP/1.1" 200 8115
页面大小: 10, 页码: 1
"POST /role/search HTTP/1.1" 200 1602
"POST /event/search HTTP/1.1" 200 1315
"GET /files/list/?page=1&page_size=10 HTTP/1.1" 200 4201
"GET /files/list/?page=1&page_size=10 HTTP/1.1" 200 4201
登录请求 - 用户名: admin, 请求方法: POST
找到用户: admin, 用户ID: 1, 用户状态: 1
密码验证结果: True
"POST /user/login?username=admin&password=1234567&rememberMe=true HTTP/1.1" 200 6747
登录请求 - 用户名: admin, 请求方法: POST
找到用户: admin, 用户ID: 1, 用户状态: 1
密码验证结果: True
"POST /user/login?username=admin&password=1234567&rememberMe=true HTTP/1.1" 200 6747
Watching for file changes with StatReloader
登录请求 - 用户名: admin, 请求方法: POST
找到用户: admin, 用户ID: 1, 用户状态: 1
密码验证结果: True
"POST /user/login?username=admin&password=1234567&rememberMe=true HTTP/1.1" 200 6747
"POST /user/search HTTP/1.1" 200 8598
登录请求 - 用户名: admin, 请求方法: POST
找到用户: admin, 用户ID: 1, 用户状态: 1
密码验证结果: True
"POST /user/login?username=admin&password=1234567&rememberMe=true HTTP/1.1" 200 6747
"POST /repository/search HTTP/1.1" 200 36241
"GET /repository/history?id=41 HTTP/1.1" 200 361
"GET /repository/history?id=49 HTTP/1.1" 200 334
"GET /repository/history?id=51 HTTP/1.1" 200 401
"GET /repository/history?id=50 HTTP/1.1" 200 341
"GET /repository/history?id=42 HTTP/1.1" 200 327
"GET /repository/history?id=43 HTTP/1.1" 200 329
"GET /repository/history?id=48 HTTP/1.1" 200 332
"GET /repository/history?id=45 HTTP/1.1" 200 408
"GET /repository/history?id=47 HTTP/1.1" 200 328
"GET /repository/history?id=46 HTTP/1.1" 200 420
"GET /classify/list HTTP/1.1" 200 10375
"GET /event/event/list HTTP/1.1" 200 459
"GET /repository/user/list HTTP/1.1" 200 1376
"GET /repository/dept/list HTTP/1.1" 200 488
登录请求 - 用户名: admin, 请求方法: POST
找到用户: admin, 用户ID: 1, 用户状态: 1
密码验证结果: True
"POST /user/login?username=admin&password=1234567&rememberMe=true HTTP/1.1" 200 6747
D:\my_project\Django_admin\jj_system\event\models.py changed, reloading.
D:\my_project\Django_admin\jj_system\event\models.py changed, reloading.
D:\my_project\Django_admin\jj_system\event\models.py changed, reloading.
Watching for file changes with StatReloader
Watching for file changes with StatReloader
登录请求 - 用户名: admin, 请求方法: POST
找到用户: admin, 用户ID: 1, 用户状态: 1
密码验证结果: True
"POST /user/login?username=admin&password=1234567&rememberMe=false HTTP/1.1" 200 6747
"POST /classify/search HTTP/1.1" 200 2081
登录请求 - 用户名: zhuxingwei, 请求方法: POST
找到用户: zhuxingwei, 用户ID: 49, 用户状态: 1
密码验证结果: False
登录失败 - 用户 zhuxingwei 密码错误
"POST /user/login?username=zhuxingwei&password=jjump20250826%25&rememberMe=true HTTP/1.1" 200 85
登录请求 - 用户名: zhuxingwei, 请求方法: POST
找到用户: zhuxingwei, 用户ID: 49, 用户状态: 1
密码验证结果: False
登录失败 - 用户 zhuxingwei 密码错误
"POST /user/login?username=zhuxingwei&password=jjump20250826%25&rememberMe=true HTTP/1.1" 200 85
"POST /approval/list HTTP/1.1" 200 1242
"POST /user/search HTTP/1.1" 200 8598
登录请求 - 用户名: zhuxingwei, 请求方法: POST
找到用户: zhuxingwei, 用户ID: 49, 用户状态: 1
密码验证结果: False
登录失败 - 用户 zhuxingwei 密码错误
"POST /user/login?username=zhuxingwei&password=jjump20250826%25&rememberMe=true HTTP/1.1" 200 85
登录请求 - 用户名: zhuxingwei, 请求方法: POST
登录请求 - 用户名: zhuxingwei, 请求方法: POST
登录请求 - 用户名: zhuxingwei, 请求方法: POST
登录请求 - 用户名: zhuxingwei, 请求方法: POST
找到用户: zhuxingwei, 用户ID: 49, 用户状态: 1
找到用户: zhuxingwei, 用户ID: 49, 用户状态: 1
密码验证结果: False
登录失败 - 用户 zhuxingwei 密码错误
"POST /user/login?username=zhuxingwei&password=jjump20250826%25&rememberMe=true HTTP/1.1" 200 85
找到用户: zhuxingwei, 用户ID: 49, 用户状态: 1
密码验证结果: False
登录失败 - 用户 zhuxingwei 密码错误
"POST /user/login?username=zhuxingwei&password=jjump20250826%25&rememberMe=true HTTP/1.1" 200 85
密码验证结果: False
登录失败 - 用户 zhuxingwei 密码错误
"POST /user/login?username=zhuxingwei&password=jjump20250826%25&rememberMe=true HTTP/1.1" 200 85
找到用户: zhuxingwei, 用户ID: 49, 用户状态: 1
密码验证结果: False
登录失败 - 用户 zhuxingwei 密码错误
"POST /user/login?username=zhuxingwei&password=jjump20250826%25&rememberMe=true HTTP/1.1" 200 85
登录请求 - 用户名: zhuxingwei, 请求方法: POST
找到用户: zhuxingwei, 用户ID: 49, 用户状态: 1
密码验证结果: False
登录失败 - 用户 zhuxingwei 密码错误
"POST /user/login?username=zhuxingwei&password=jjump20250826%25&rememberMe=true HTTP/1.1" 200 85
登录请求 - 用户名: zhuxingwei, 请求方法: POST
找到用户: zhuxingwei, 用户ID: 49, 用户状态: 1
密码验证结果: True
"POST /user/login?username=zhuxingwei&password=123456&rememberMe=true HTTP/1.1" 200 6101
D:\my_project\Django_admin\jj_system\event\views.py changed, reloading.
D:\my_project\Django_admin\jj_system\event\views.py changed, reloading.
D:\my_project\Django_admin\jj_system\event\views.py changed, reloading.
Watching for file changes with StatReloader
Watching for file changes with StatReloader
Watching for file changes with StatReloader
D:\my_project\Django_admin\jj_system\event\views.py changed, reloading.
D:\my_project\Django_admin\jj_system\event\views.py changed, reloading.
D:\my_project\Django_admin\jj_system\event\views.py changed, reloading.
Watching for file changes with StatReloader
Watching for file changes with StatReloader
Watching for file changes with StatReloader
D:\my_project\Django_admin\jj_system\event\views.py changed, reloading.
D:\my_project\Django_admin\jj_system\event\views.py changed, reloading.
Watching for file changes with StatReloader
Watching for file changes with StatReloader
D:\my_project\Django_admin\jj_system\event\views.py changed, reloading.
Watching for file changes with StatReloader
D:\my_project\Django_admin\jj_system\event\views.py changed, reloading.
D:\my_project\Django_admin\jj_system\event\views.py changed, reloading.
Watching for file changes with StatReloader
D:\my_project\Django_admin\jj_system\event\views.py changed, reloading.
Watching for file changes with StatReloader
Watching for file changes with StatReloader
D:\my_project\Django_admin\jj_system\event\views.py changed, reloading.
Watching for file changes with StatReloader
D:\my_project\Django_admin\jj_system\event\views.py changed, reloading.
D:\my_project\Django_admin\jj_system\event\views.py changed, reloading.
Watching for file changes with StatReloader
Watching for file changes with StatReloader
D:\my_project\Django_admin\jj_system\event\views.py changed, reloading.
D:\my_project\Django_admin\jj_system\event\views.py changed, reloading.
D:\my_project\Django_admin\jj_system\event\views.py changed, reloading.
Watching for file changes with StatReloader
Watching for file changes with StatReloader
Watching for file changes with StatReloader
D:\my_project\Django_admin\jj_system\event\urls.py changed, reloading.
D:\my_project\Django_admin\jj_system\event\urls.py changed, reloading.
D:\my_project\Django_admin\jj_system\event\urls.py changed, reloading.
Watching for file changes with StatReloader
Watching for file changes with StatReloader
Watching for file changes with StatReloader
D:\my_project\Django_admin\jj_system\event\views.py changed, reloading.
D:\my_project\Django_admin\jj_system\event\views.py changed, reloading.
Watching for file changes with StatReloader
D:\my_project\Django_admin\jj_system\event\views.py changed, reloading.
Watching for file changes with StatReloader
Watching for file changes with StatReloader
D:\my_project\Django_admin\jj_system\event\models.py changed, reloading.
D:\my_project\Django_admin\jj_system\event\models.py changed, reloading.
D:\my_project\Django_admin\jj_system\event\models.py changed, reloading.
Watching for file changes with StatReloader
Watching for file changes with StatReloader
Watching for file changes with StatReloader
登录请求 - 用户名: admin, 请求方法: POST
找到用户: admin, 用户ID: 1, 用户状态: 1
密码验证结果: True
"POST /user/login?username=admin&password=1234567&rememberMe=true HTTP/1.1" 200 6747
"POST /user/search HTTP/1.1" 200 8598
"POST /event/search HTTP/1.1" 200 1315
"POST /classify/search HTTP/1.1" 200 2081
"POST /level/search HTTP/1.1" 200 634
"POST /post/search HTTP/1.1" 200 1638
"GET /department/treeList HTTP/1.1" 200 2344
菜单查询集: <QuerySet [<SysMenu: SysMenu object (3)>, <SysMenu: SysMenu object (1)>, <SysMenu: SysMenu object (31)>, <SysMenu: SysMenu object (11)>, <SysMenu: SysMenu object (27)>, <SysMenu: SysMenu object (22)>, <SysMenu: SysMenu object (2)>, <SysMenu: SysMenu object (4)>, <SysMenu: SysMenu object (32)>, <SysMenu: SysMenu object (28)>, <SysMenu: SysMenu object (23)>, <SysMenu: SysMenu object (33)>, <SysMenu: SysMenu object (29)>, <SysMenu: SysMenu object (24)>, <SysMenu: SysMenu object (14)>, <SysMenu: SysMenu object (5)>, <SysMenu: SysMenu object (17)>, <SysMenu: SysMenu object (25)>, <SysMenu: SysMenu object (6)>, <SysMenu: SysMenu object (26)>, '...(remaining elements truncated)...']>
菜单树结果: [<SysMenu: SysMenu object (1)>, <SysMenu: SysMenu object (2)>, <SysMenu: SysMenu object (30)>]
"GET /menu/treeList HTTP/1.1" 200 5810
页面大小: 10, 页码: 1
"POST /role/search HTTP/1.1" 200 1602
"POST /user/search HTTP/1.1" 200 8598
页面大小: 10, 页码: 1
"POST /role/search HTTP/1.1" 200 1602
菜单查询集: <QuerySet [<SysMenu: SysMenu object (3)>, <SysMenu: SysMenu object (1)>, <SysMenu: SysMenu object (31)>, <SysMenu: SysMenu object (11)>, <SysMenu: SysMenu object (27)>, <SysMenu: SysMenu object (22)>, <SysMenu: SysMenu object (2)>, <SysMenu: SysMenu object (4)>, <SysMenu: SysMenu object (32)>, <SysMenu: SysMenu object (28)>, <SysMenu: SysMenu object (23)>, <SysMenu: SysMenu object (33)>, <SysMenu: SysMenu object (29)>, <SysMenu: SysMenu object (24)>, <SysMenu: SysMenu object (14)>, <SysMenu: SysMenu object (5)>, <SysMenu: SysMenu object (17)>, <SysMenu: SysMenu object (25)>, <SysMenu: SysMenu object (6)>, <SysMenu: SysMenu object (26)>, '...(remaining elements truncated)...']>
菜单树结果: [<SysMenu: SysMenu object (1)>, <SysMenu: SysMenu object (2)>, <SysMenu: SysMenu object (30)>]
"GET /menu/treeList HTTP/1.1" 200 5810
"GET /role/menus?id=34 HTTP/1.1" 200 85
角色ID: 34, 菜单ID列表: [1, 3, 4, 5, 6, 7, 8, 18, 19, 2, 11, 14, 17, 16, 20]
"POST /role/grant HTTP/1.1" 200 13
页面大小: 10, 页码: 1
菜单查询集: <QuerySet [<SysMenu: SysMenu object (3)>, <SysMenu: SysMenu object (1)>, <SysMenu: SysMenu object (31)>, <SysMenu: SysMenu object (11)>, <SysMenu: SysMenu object (27)>, <SysMenu: SysMenu object (22)>, <SysMenu: SysMenu object (2)>, <SysMenu: SysMenu object (4)>, <SysMenu: SysMenu object (32)>, <SysMenu: SysMenu object (28)>, <SysMenu: SysMenu object (23)>, <SysMenu: SysMenu object (33)>, <SysMenu: SysMenu object (29)>, <SysMenu: SysMenu object (24)>, <SysMenu: SysMenu object (14)>, <SysMenu: SysMenu object (5)>, <SysMenu: SysMenu object (17)>, <SysMenu: SysMenu object (25)>, <SysMenu: SysMenu object (6)>, <SysMenu: SysMenu object (26)>, '...(remaining elements truncated)...']>
菜单树结果: [<SysMenu: SysMenu object (1)>, <SysMenu: SysMenu object (2)>, <SysMenu: SysMenu object (30)>]
"GET /menu/treeList HTTP/1.1" 200 5810
"POST /role/search HTTP/1.1" 200 1602
"GET /role/menus?id=34 HTTP/1.1" 200 81
"GET /role/action?id=34 HTTP/1.1" 200 238
"POST /role/save HTTP/1.1" 200 13
页面大小: 10, 页码: 1
"GET /role/action?id=34 HTTP/1.1" 200 238
"POST /role/search HTTP/1.1" 200 1602
"POST /user/search HTTP/1.1" 200 8598
"POST /approval/list HTTP/1.1" 200 1242
"POST /repository/search HTTP/1.1" 200 36241
"GET /repository/history?id=49 HTTP/1.1" 200 334
"GET /repository/history?id=51 HTTP/1.1" 200 401
"GET /repository/history?id=48 HTTP/1.1" 200 332
"GET /repository/history?id=50 HTTP/1.1" 200 341
"GET /repository/history?id=47 HTTP/1.1" 200 328
"GET /repository/history?id=46 HTTP/1.1" 200 420
"GET /repository/history?id=41 HTTP/1.1" 200 361
"GET /repository/history?id=43 HTTP/1.1" 200 329
"GET /repository/history?id=45 HTTP/1.1" 200 408
"GET /repository/history?id=42 HTTP/1.1" 200 327
"POST /event/search HTTP/1.1" 200 1315
"POST /manhour/search HTTP/1.1" 200 9586
"POST /repository/search HTTP/1.1" 200 36241
"GET /repository/history?id=50 HTTP/1.1" 200 341
"GET /repository/history?id=51 HTTP/1.1" 200 401
"GET /repository/history?id=48 HTTP/1.1" 200 332
"GET /repository/history?id=49 HTTP/1.1" 200 334
"GET /repository/history?id=47 HTTP/1.1" 200 328
"GET /repository/history?id=46 HTTP/1.1" 200 420
"GET /repository/history?id=43 HTTP/1.1" 200 329
"GET /repository/history?id=45 HTTP/1.1" 200 408
"GET /repository/history?id=41 HTTP/1.1" 200 361
"GET /repository/history?id=42 HTTP/1.1" 200 327
"POST /repository/search HTTP/1.1" 200 18374
"GET /repository/history?id=40 HTTP/1.1" 200 343
"GET /repository/history?id=36 HTTP/1.1" 200 890
"GET /repository/history?id=37 HTTP/1.1" 200 931
"GET /repository/history?id=38 HTTP/1.1" 200 609
"GET /repository/history?id=39 HTTP/1.1" 200 343
"GET /repository/history?id=35 HTTP/1.1" 200 987
"GET /repository/history?id=32 HTTP/1.1" 200 888
"GET /repository/history?id=33 HTTP/1.1" 200 967
"GET /repository/history?id=34 HTTP/1.1" 200 959
尝试获取知识库 37 的复盘列表，页码: 1, 每页: 10
总共找到 1 条复盘记录
返回复盘列表，当前页: 1, 每页: 10, 总数: 1
"GET /repository/review/list?id=37&page=1&page_size=10 HTTP/1.1" 200 540
"GET /repository/comment/list?id=37&role_id=1&user_id=1&page=1&page_size=10 HTTP/1.1" 200 318
"GET /repository/detail?id=37 HTTP/1.1" 200 6187
"GET /repository/associated-events?id=37 HTTP/1.1" 200 2010
登录请求 - 用户名: zhuxingwei, 请求方法: POST
找到用户: zhuxingwei, 用户ID: 49, 用户状态: 1
密码验证结果: True
"POST /user/login?username=zhuxingwei&password=123456&rememberMe=true HTTP/1.1" 200 5748
"POST /classify/search HTTP/1.1" 200 2081
"GET /classify/action?id=164 HTTP/1.1" 200 240
"POST /event/search HTTP/1.1" 200 1315
"GET /event/user/list HTTP/1.1" 200 1376
"GET /event/dept/list HTTP/1.1" 200 488
"GET /event/action?id=23 HTTP/1.1" 200 485
D:\my_project\Django_admin\jj_system\repository\views.py changed, reloading.
D:\my_project\Django_admin\jj_system\repository\views.py changed, reloading.
D:\my_project\Django_admin\jj_system\repository\views.py changed, reloading.
Watching for file changes with StatReloader
Watching for file changes with StatReloader
Watching for file changes with StatReloader
"POST /event/search HTTP/1.1" 200 1315
D:\my_project\Django_admin\jj_system\repository\views.py changed, reloading.
D:\my_project\Django_admin\jj_system\repository\views.py changed, reloading.
Watching for file changes with StatReloader
Watching for file changes with StatReloader
D:\my_project\Django_admin\jj_system\repository\views.py changed, reloading.
Watching for file changes with StatReloader
"GET /event/dept/list HTTP/1.1" 200 488
"GET /event/user/list HTTP/1.1" 200 1376
开始处理事件保存请求
收到的数据: {'id': -1, 'dept_id': 9, 'user_id': 49, 'event_name': '哈哈', 'principal': 49, 'start_date': '2026-01-27', 'end_date': '2026-01-31', 'notification_time': '2026-01-31 00:00:00', 'remark': ''}
处理后的数据: id=-1, dept_id=9, user_id=49, event_name=哈哈
新增事件成功
"POST /event/save HTTP/1.1" 200 13
"POST /event/search HTTP/1.1" 200 1751
"GET /user/treeList HTTP/1.1" 200 21998
"GET /event/menus?id=24 HTTP/1.1" 200 32
D:\my_project\Django_admin\jj_system\repository\views.py changed, reloading.
D:\my_project\Django_admin\jj_system\repository\views.py changed, reloading.
D:\my_project\Django_admin\jj_system\repository\views.py changed, reloading.
Watching for file changes with StatReloader
Watching for file changes with StatReloader
Watching for file changes with StatReloader
"GET /event/user/list HTTP/1.1" 200 1376
"GET /event/dept/list HTTP/1.1" 200 488
"GET /event/action?id=24 HTTP/1.1" 200 480
"POST /event/search HTTP/1.1" 200 1751
"GET /user/treeList HTTP/1.1" 200 21998
"GET /event/menus?id=24 HTTP/1.1" 200 32
"GET /user/treeList HTTP/1.1" 200 21998
"GET /event/menus?id=24 HTTP/1.1" 200 32
尝试获取知识库 37 的复盘列表，页码: 1, 每页: 10
总共找到 1 条复盘记录
返回复盘列表，当前页: 1, 每页: 10, 总数: 1
"GET /repository/detail?id=37 HTTP/1.1" 200 6211
"GET /repository/review/list?id=37&page=1&page_size=10 HTTP/1.1" 200 540
"GET /repository/comment/list?id=37&role_id=1&user_id=1&page=1&page_size=10 HTTP/1.1" 200 318
"GET /repository/associated-events?id=37 HTTP/1.1" 200 2282
尝试获取知识库 37 的复盘列表，页码: 1, 每页: 10
总共找到 1 条复盘记录
返回复盘列表，当前页: 1, 每页: 10, 总数: 1
"GET /repository/comment/list?id=37&role_id=1&user_id=1&page=1&page_size=10 HTTP/1.1" 200 318
"GET /repository/review/list?id=37&page=1&page_size=10 HTTP/1.1" 200 540
"GET /repository/detail?id=37 HTTP/1.1" 200 6211
"GET /repository/associated-events?id=37 HTTP/1.1" 200 2282
"GET /user/treeList HTTP/1.1" 200 21998
"GET /event/menus?id=24 HTTP/1.1" 200 32
"GET /user/treeList HTTP/1.1" 200 21998
"GET /event/menus?id=24 HTTP/1.1" 200 32
事件数据: {'id': 24, 'menuIds': [49, 37, 47]}
事件ID: 24
事件ID: 24, 用户ID列表: [49, 37, 47]
"POST /event/grant HTTP/1.1" 200 13
"POST /event/search HTTP/1.1" 200 1751
"GET /user/treeList HTTP/1.1" 200 21998
"GET /event/menus?id=24 HTTP/1.1" 200 42
"POST /classify/search HTTP/1.1" 200 2081
"POST /event/search HTTP/1.1" 200 1751
"POST /event/search HTTP/1.1" 200 1751
"GET /user/treeList HTTP/1.1" 200 21998
"POST /repository/search HTTP/1.1" 200 36517
"GET /event/menus?id=23 HTTP/1.1" 200 42
"GET /repository/history?id=45 HTTP/1.1" 200 408
"GET /repository/history?id=51 HTTP/1.1" 200 401
"GET /repository/history?id=48 HTTP/1.1" 200 332
"GET /repository/history?id=47 HTTP/1.1" 200 328
"GET /repository/history?id=49 HTTP/1.1" 200 334
"GET /repository/history?id=46 HTTP/1.1" 200 420
"GET /repository/history?id=40 HTTP/1.1" 200 343
"GET /repository/history?id=42 HTTP/1.1" 200 327
"GET /repository/history?id=43 HTTP/1.1" 200 329
"GET /repository/history?id=41 HTTP/1.1" 200 361
"GET /user/treeList HTTP/1.1" 200 21998
"GET /event/menus?id=7 HTTP/1.1" 200 46
事件数据: {'id': 7, 'menuIds': [28, 30, 42, 32, 48]}
事件ID: 7
事件ID: 7, 用户ID列表: [28, 30, 42, 32, 48]
"POST /event/grant HTTP/1.1" 200 13
"POST /event/search HTTP/1.1" 200 1751
"GET /user/treeList HTTP/1.1" 200 21998
"GET /event/menus?id=7 HTTP/1.1" 200 50
"GET /repository/dept/list HTTP/1.1" 200 488
"GET /classify/list HTTP/1.1" 200 10375
"GET /event/event/list HTTP/1.1" 200 611
"GET /repository/user/list HTTP/1.1" 200 1376
事件数据: {'id': 7, 'menuIds': [32, 48]}
事件ID: 7
事件ID: 7, 用户ID列表: [32, 48]
"POST /event/grant HTTP/1.1" 200 13
"POST /event/search HTTP/1.1" 200 1751
"POST /repository/search HTTP/1.1" 200 36488
"GET /repository/history?id=49 HTTP/1.1" 200 334
"GET /repository/history?id=50 HTTP/1.1" 200 341
"GET /repository/history?id=45 HTTP/1.1" 200 408
"GET /repository/history?id=48 HTTP/1.1" 200 332
"GET /repository/history?id=43 HTTP/1.1" 200 329
"GET /repository/history?id=51 HTTP/1.1" 200 401
"GET /repository/history?id=42 HTTP/1.1" 200 327
"GET /repository/history?id=41 HTTP/1.1" 200 361
"GET /repository/history?id=47 HTTP/1.1" 200 328
"GET /repository/history?id=46 HTTP/1.1" 200 420
"POST /repository/search HTTP/1.1" 200 18597
"GET /repository/history?id=38 HTTP/1.1" 200 609
"GET /repository/history?id=35 HTTP/1.1" 200 987
"GET /repository/history?id=40 HTTP/1.1" 200 343
"GET /repository/history?id=39 HTTP/1.1" 200 343
"GET /repository/history?id=36 HTTP/1.1" 200 890
"GET /repository/history?id=37 HTTP/1.1" 200 931
"GET /repository/history?id=34 HTTP/1.1" 200 959
"GET /repository/history?id=32 HTTP/1.1" 200 888
"GET /repository/history?id=33 HTTP/1.1" 200 967
尝试获取知识库 36 的复盘列表，页码: 1, 每页: 10
总共找到 1 条复盘记录
"GET /repository/comment/list?id=36&role_id=1&user_id=1&page=1&page_size=10 HTTP/1.1" 200 541
返回复盘列表，当前页: 1, 每页: 10, 总数: 1
"GET /repository/review/list?id=36&page=1&page_size=10 HTTP/1.1" 200 540
"GET /repository/detail?id=36 HTTP/1.1" 200 3023
"GET /repository/associated-events?id=36 HTTP/1.1" 200 2174
"POST /repository/search HTTP/1.1" 200 36517
"GET /repository/history?id=49 HTTP/1.1" 200 334
"GET /repository/history?id=48 HTTP/1.1" 200 332
"GET /repository/history?id=51 HTTP/1.1" 200 401
"GET /repository/history?id=47 HTTP/1.1" 200 328
"GET /repository/history?id=46 HTTP/1.1" 200 420
"GET /repository/history?id=45 HTTP/1.1" 200 408
"GET /repository/history?id=42 HTTP/1.1" 200 327
"GET /repository/history?id=43 HTTP/1.1" 200 329
"GET /repository/history?id=41 HTTP/1.1" 200 361
"GET /repository/history?id=40 HTTP/1.1" 200 343
"GET /repository/user/list HTTP/1.1" 200 1376
"GET /repository/dept/list HTTP/1.1" 200 488
"GET /classify/list HTTP/1.1" 200 10375
"GET /event/event/list HTTP/1.1" 200 611
"POST /repository/search HTTP/1.1" 200 36488
"GET /repository/history?id=50 HTTP/1.1" 200 341
"GET /repository/history?id=48 HTTP/1.1" 200 332
"GET /repository/history?id=51 HTTP/1.1" 200 401
"GET /repository/history?id=49 HTTP/1.1" 200 334
"GET /repository/history?id=47 HTTP/1.1" 200 328
"GET /repository/history?id=46 HTTP/1.1" 200 420
"GET /repository/history?id=45 HTTP/1.1" 200 408
"GET /repository/history?id=42 HTTP/1.1" 200 327
"GET /repository/history?id=43 HTTP/1.1" 200 329
"GET /repository/history?id=41 HTTP/1.1" 200 361
"POST /event/search HTTP/1.1" 200 1751
"GET /user/treeList HTTP/1.1" 200 21998
"GET /event/menus?id=7 HTTP/1.1" 200 38
事件数据: {'id': 7, 'menuIds': [28, 30, 32, 48]}
事件ID: 7
事件ID: 7, 用户ID列表: [28, 30, 32, 48]
"POST /event/grant HTTP/1.1" 200 13
"POST /event/search HTTP/1.1" 200 1751
"POST /repository/search HTTP/1.1" 200 36488
"GET /repository/history?id=50 HTTP/1.1" 200 341
"GET /repository/history?id=49 HTTP/1.1" 200 334
"GET /repository/history?id=47 HTTP/1.1" 200 328
"GET /repository/history?id=46 HTTP/1.1" 200 420
"GET /repository/history?id=48 HTTP/1.1" 200 332
"GET /repository/history?id=51 HTTP/1.1" 200 401
"GET /repository/history?id=45 HTTP/1.1" 200 408
"GET /repository/history?id=43 HTTP/1.1" 200 329
"GET /repository/history?id=41 HTTP/1.1" 200 361
"GET /repository/history?id=42 HTTP/1.1" 200 327
"POST /repository/search HTTP/1.1" 200 18595
"GET /repository/history?id=36 HTTP/1.1" 200 890
"GET /repository/history?id=39 HTTP/1.1" 200 343
"GET /repository/history?id=38 HTTP/1.1" 200 609
"GET /repository/history?id=37 HTTP/1.1" 200 931
"GET /repository/history?id=35 HTTP/1.1" 200 987
"GET /repository/history?id=40 HTTP/1.1" 200 343
"GET /repository/history?id=33 HTTP/1.1" 200 967
"GET /repository/history?id=34 HTTP/1.1" 200 959
"GET /repository/history?id=32 HTTP/1.1" 200 888
"POST /event/search HTTP/1.1" 200 1751
D:\my_project\Django_admin\jj_system\repository\views.py changed, reloading.
D:\my_project\Django_admin\jj_system\repository\views.py changed, reloading.
D:\my_project\Django_admin\jj_system\repository\views.py changed, reloading.
Watching for file changes with StatReloader
Watching for file changes with StatReloader
"POST /event/search HTTP/1.1" 200 1751
"POST /repository/search HTTP/1.1" 200 36241
"GET /repository/history?id=50 HTTP/1.1" 200 341
"GET /repository/history?id=47 HTTP/1.1" 200 328
"GET /repository/history?id=48 HTTP/1.1" 200 332
"GET /repository/history?id=51 HTTP/1.1" 200 401
"GET /repository/history?id=49 HTTP/1.1" 200 334
"GET /repository/history?id=46 HTTP/1.1" 200 420
"GET /repository/history?id=45 HTTP/1.1" 200 408
"GET /repository/history?id=41 HTTP/1.1" 200 361
"GET /repository/history?id=43 HTTP/1.1" 200 329
"GET /repository/history?id=42 HTTP/1.1" 200 327
"POST /event/search HTTP/1.1" 200 1751
"POST /repository/save HTTP/1.1" 200 170
"POST /repository/search HTTP/1.1" 200 36270
"GET /repository/history?id=48 HTTP/1.1" 200 332
"GET /repository/history?id=45 HTTP/1.1" 200 408
"GET /repository/history?id=49 HTTP/1.1" 200 334
"GET /repository/history?id=51 HTTP/1.1" 200 401
"GET /repository/history?id=47 HTTP/1.1" 200 328
"GET /repository/history?id=46 HTTP/1.1" 200 420
"GET /repository/history?id=40 HTTP/1.1" 200 343
"GET /repository/history?id=42 HTTP/1.1" 200 327
"GET /repository/history?id=43 HTTP/1.1" 200 329
"GET /repository/history?id=41 HTTP/1.1" 200 361
"POST /event/search HTTP/1.1" 200 1751
"DELETE /event/action HTTP/1.1" 200 13
"POST /event/search HTTP/1.1" 200 1315
D:\my_project\Django_admin\jj_system\event\models.py changed, reloading.
D:\my_project\Django_admin\jj_system\event\models.py changed, reloading.
Watching for file changes with StatReloader
Watching for file changes with StatReloader
D:\my_project\Django_admin\jj_system\event\models.py changed, reloading.
Watching for file changes with StatReloader
D:\my_project\Django_admin\jj_system\event\views.py changed, reloading.
Watching for file changes with StatReloader
D:\my_project\Django_admin\jj_system\event\views.py changed, reloading.
D:\my_project\Django_admin\jj_system\event\views.py changed, reloading.
Watching for file changes with StatReloader
Watching for file changes with StatReloader
D:\my_project\Django_admin\jj_system\event\views.py changed, reloading.
D:\my_project\Django_admin\jj_system\event\views.py changed, reloading.
Watching for file changes with StatReloader
D:\my_project\Django_admin\jj_system\event\views.py changed, reloading.
Watching for file changes with StatReloader
Watching for file changes with StatReloader
D:\my_project\Django_admin\jj_system\event\views.py changed, reloading.
Watching for file changes with StatReloader
D:\my_project\Django_admin\jj_system\event\views.py changed, reloading.
D:\my_project\Django_admin\jj_system\event\views.py changed, reloading.
Watching for file changes with StatReloader
Watching for file changes with StatReloader
D:\my_project\Django_admin\jj_system\event\urls.py changed, reloading.
D:\my_project\Django_admin\jj_system\event\urls.py changed, reloading.
D:\my_project\Django_admin\jj_system\event\urls.py changed, reloading.
Watching for file changes with StatReloader
Watching for file changes with StatReloader
"POST /event/search HTTP/1.1" 200 1315
"POST /event/search HTTP/1.1" 200 1315
"POST /event/search HTTP/1.1" 200 1315
"POST /event/search HTTP/1.1" 200 1315
登录请求 - 用户名: zhuxingwei, 请求方法: POST
找到用户: zhuxingwei, 用户ID: 49, 用户状态: 1
密码验证结果: True
"POST /user/login?username=zhuxingwei&password=123456&rememberMe=true HTTP/1.1" 200 5748
D:\my_project\Django_admin\jj_system\event\views.py changed, reloading.
D:\my_project\Django_admin\jj_system\event\views.py changed, reloading.
D:\my_project\Django_admin\jj_system\event\views.py changed, reloading.
Watching for file changes with StatReloader
Watching for file changes with StatReloader
Watching for file changes with StatReloader
"POST /repository/search HTTP/1.1" 200 36270
"GET /repository/history?id=48 HTTP/1.1" 200 332
"GET /repository/history?id=49 HTTP/1.1" 200 334
"GET /repository/history?id=45 HTTP/1.1" 200 408
"GET /repository/history?id=47 HTTP/1.1" 200 328
"GET /repository/history?id=51 HTTP/1.1" 200 401
"GET /repository/history?id=46 HTTP/1.1" 200 420
"GET /repository/history?id=43 HTTP/1.1" 200 329
"GET /repository/history?id=41 HTTP/1.1" 200 361
"GET /repository/history?id=42 HTTP/1.1" 200 327
"GET /repository/history?id=40 HTTP/1.1" 200 343
"POST /repository/like HTTP/1.1" 200 76
"POST /event/search HTTP/1.1" 200 1315
"POST /event/search HTTP/1.1" 200 1315
登录请求 - 用户名: admin, 请求方法: POST
找到用户: admin, 用户ID: 1, 用户状态: 1
密码验证结果: True
"POST /user/login?username=admin&password=1234567&rememberMe=true HTTP/1.1" 200 6747
"POST /event/search HTTP/1.1" 200 1315
"GET /user/treeList HTTP/1.1" 200 21998
"GET /event/menus?id=7 HTTP/1.1" 200 46
事件数据: {'id': 7, 'menuIds': [28, 30, 1, 42, 32, 48]}
事件ID: 7
事件ID: 7, 用户ID列表: [28, 30, 1, 42, 32, 48]
"POST /event/grant HTTP/1.1" 200 13
"POST /event/search HTTP/1.1" 200 1315
"POST /event/assignment/history HTTP/1.1" 200 885
"POST /event/search HTTP/1.1" 200 1315
"GET /user/treeList HTTP/1.1" 200 21998
"GET /event/menus?id=7 HTTP/1.1" 200 53
事件数据: {'id': 7, 'menuIds': [28, 30, 42, 32, 48]}
事件ID: 7
事件ID: 7, 用户ID列表: [28, 30, 42, 32, 48]
"POST /event/grant HTTP/1.1" 200 13
"POST /event/search HTTP/1.1" 200 1315
"POST /event/assignment/history HTTP/1.1" 200 1327
"POST /event/search HTTP/1.1" 200 1315
"GET /user/treeList HTTP/1.1" 200 21998
"GET /event/menus?id=7 HTTP/1.1" 200 50
事件数据: {'id': 7, 'menuIds': [27, 28, 30, 31, 42, 32, 48]}
事件ID: 7
事件ID: 7, 用户ID列表: [27, 28, 30, 31, 42, 32, 48]
"POST /event/grant HTTP/1.1" 200 13
"POST /event/search HTTP/1.1" 200 1315
"POST /event/assignment/history HTTP/1.1" 200 2159
"POST /event/search HTTP/1.1" 200 1315
D:\my_project\Django_admin\jj_system\event\urls.py changed, reloading.
Watching for file changes with StatReloader
D:\my_project\Django_admin\jj_system\event\urls.py changed, reloading.
D:\my_project\Django_admin\jj_system\event\models.py changed, reloading.
Watching for file changes with StatReloader
Watching for file changes with StatReloader
"POST /event/search HTTP/1.1" 200 1315
"POST /event/search HTTP/1.1" 200 1315
"POST /repository/search HTTP/1.1" 200 36269
"GET /repository/history?id=49 HTTP/1.1" 200 334
"GET /repository/history?id=48 HTTP/1.1" 200 332
"GET /repository/history?id=51 HTTP/1.1" 200 401
"GET /repository/history?id=47 HTTP/1.1" 200 328
"GET /repository/history?id=46 HTTP/1.1" 200 420
"GET /repository/history?id=45 HTTP/1.1" 200 408
"GET /repository/history?id=43 HTTP/1.1" 200 329
"GET /repository/history?id=42 HTTP/1.1" 200 327
"GET /repository/history?id=40 HTTP/1.1" 200 343
"GET /repository/history?id=41 HTTP/1.1" 200 361
"POST /repository/search HTTP/1.1" 200 36241
"GET /repository/history?id=47 HTTP/1.1" 200 328
"GET /repository/history?id=48 HTTP/1.1" 200 332
"GET /repository/history?id=51 HTTP/1.1" 200 401
"GET /repository/history?id=45 HTTP/1.1" 200 408
"GET /repository/history?id=49 HTTP/1.1" 200 334
"GET /repository/history?id=50 HTTP/1.1" 200 341
"GET /repository/history?id=42 HTTP/1.1" 200 327
"GET /repository/history?id=43 HTTP/1.1" 200 329
"GET /repository/history?id=46 HTTP/1.1" 200 420
"GET /repository/history?id=41 HTTP/1.1" 200 361
"GET /event/event/list HTTP/1.1" 200 459
"GET /repository/dept/list HTTP/1.1" 200 488
"GET /classify/list HTTP/1.1" 200 10375
"GET /repository/user/list HTTP/1.1" 200 1376
"GET /repository/user/list HTTP/1.1" 200 1376
"GET /event/event/list HTTP/1.1" 200 459
"GET /repository/dept/list HTTP/1.1" 200 488
"GET /classify/list HTTP/1.1" 200 10375
"GET /repository/user/list HTTP/1.1" 200 1376
"GET /event/event/list HTTP/1.1" 200 459
"GET /repository/dept/list HTTP/1.1" 200 488
"GET /classify/list HTTP/1.1" 200 10375
"GET /event/event/list HTTP/1.1" 200 459
"GET /repository/user/list HTTP/1.1" 200 1376
"GET /classify/list HTTP/1.1" 200 10375
"GET /repository/dept/list HTTP/1.1" 200 488
"POST /repository/search HTTP/1.1" 200 36269
"GET /repository/history?id=48 HTTP/1.1" 200 332
"GET /repository/history?id=51 HTTP/1.1" 200 401
"GET /repository/history?id=47 HTTP/1.1" 200 328
"GET /repository/history?id=49 HTTP/1.1" 200 334
"GET /repository/history?id=45 HTTP/1.1" 200 408
"GET /repository/history?id=46 HTTP/1.1" 200 420
"GET /repository/history?id=40 HTTP/1.1" 200 343
"GET /repository/history?id=42 HTTP/1.1" 200 327
"GET /repository/history?id=43 HTTP/1.1" 200 329
"GET /repository/history?id=41 HTTP/1.1" 200 361
"POST /event/search HTTP/1.1" 200 1315
"POST /event/assignment/history HTTP/1.1" 200 2159
"POST /event/search HTTP/1.1" 200 1315
"GET /event/dept/list HTTP/1.1" 200 488
"GET /event/user/list HTTP/1.1" 200 1376
开始处理事件保存请求
收到的数据: {'id': -1, 'dept_id': 9, 'user_id': 49, 'event_name': '哈哈', 'principal': 49, 'start_date': '2026-01-27', 'end_date': '2026-01-27', 'notification_time': '2026-01-28 00:00:00', 'remark': ''}
处理后的数据: id=-1, dept_id=9, user_id=49, event_name=哈哈
新增事件成功
"POST /event/save HTTP/1.1" 200 13
"POST /event/search HTTP/1.1" 200 1751
"POST /event/assignment/history HTTP/1.1" 200 2159
"POST /event/search HTTP/1.1" 200 1751
"GET /user/treeList HTTP/1.1" 200 21998
"GET /event/menus?id=25 HTTP/1.1" 200 32
事件数据: {'id': 25, 'menuIds': [65]}
事件ID: 25
事件ID: 25, 用户ID列表: [65]
"POST /event/grant HTTP/1.1" 200 13
"POST /event/search HTTP/1.1" 200 1751
"POST /event/assignment/history HTTP/1.1" 200 2554
"POST /event/search HTTP/1.1" 200 1751
"GET /user/treeList HTTP/1.1" 200 21998
"GET /event/menus?id=25 HTTP/1.1" 200 34
事件数据: {'id': 25, 'menuIds': [65, 47, 44]}
事件ID: 25
事件ID: 25, 用户ID列表: [65, 47, 44]
"POST /event/grant HTTP/1.1" 200 13
"POST /event/search HTTP/1.1" 200 1751
"POST /event/assignment/history HTTP/1.1" 200 3344
"POST /event/search HTTP/1.1" 200 1751
"GET /user/treeList HTTP/1.1" 200 21998
"GET /event/menus?id=25 HTTP/1.1" 200 42
"GET /event/event/list HTTP/1.1" 200 611
"GET /repository/user/list HTTP/1.1" 200 1376
"GET /repository/dept/list HTTP/1.1" 200 488
"GET /classify/list HTTP/1.1" 200 10375
事件数据: {'id': 25, 'menuIds': [47, 44]}
事件ID: 25
事件ID: 25, 用户ID列表: [47, 44]
"POST /event/grant HTTP/1.1" 200 13
"POST /event/search HTTP/1.1" 200 1751
"POST /event/assignment/history HTTP/1.1" 200 3751
"POST /event/search HTTP/1.1" 200 1751
"GET /classify/list HTTP/1.1" 200 10375
"GET /event/event/list HTTP/1.1" 200 611
"GET /repository/dept/list HTTP/1.1" 200 488
"GET /repository/user/list HTTP/1.1" 200 1376
"GET /event/event/list HTTP/1.1" 200 611
"GET /repository/dept/list HTTP/1.1" 200 488
"GET /repository/user/list HTTP/1.1" 200 1376
"GET /classify/list HTTP/1.1" 200 10375
"POST /event/search HTTP/1.1" 200 1751
"GET /classify/list HTTP/1.1" 200 10375
"GET /repository/dept/list HTTP/1.1" 200 488
"GET /repository/user/list HTTP/1.1" 200 1376
"GET /event/event/list HTTP/1.1" 200 611
"GET /repository/user/list HTTP/1.1" 200 1376
"GET /repository/dept/list HTTP/1.1" 200 488
"GET /classify/list HTTP/1.1" 200 10375
"GET /event/event/list HTTP/1.1" 200 611
"GET /repository/dept/list HTTP/1.1" 200 488
"GET /event/event/list HTTP/1.1" 200 611
"GET /repository/user/list HTTP/1.1" 200 1376
"GET /classify/list HTTP/1.1" 200 10375
"POST /event/search HTTP/1.1" 200 1751
"GET /event/dept/list HTTP/1.1" 200 488
"GET /event/user/list HTTP/1.1" 200 1376
"POST /event/search HTTP/1.1" 200 1751
D:\my_project\Django_admin\jj_system\event\views.py changed, reloading.
D:\my_project\Django_admin\jj_system\event\views.py changed, reloading.
D:\my_project\Django_admin\jj_system\event\views.py changed, reloading.
Watching for file changes with StatReloader
Watching for file changes with StatReloader
Watching for file changes with StatReloader
"POST /event/search HTTP/1.1" 200 1751
"POST /event/search HTTP/1.1" 200 1751
"POST /event/search HTTP/1.1" 200 1751
"POST /event/search HTTP/1.1" 200 1751
"POST /event/search HTTP/1.1" 200 1751
"GET /event/dept/list HTTP/1.1" 200 488
"GET /event/user/list HTTP/1.1" 200 1376
"GET /event/action?id=25 HTTP/1.1" 200 480
开始处理事件保存请求
收到的数据: {'id': 25, 'dept_id': 9, 'user_id': 49, 'event_number': 'JJ-2026-0127-093709', 'event_name': '哈哈', 'principal': 49, 'status': 1, 'start_date': '2026-01-27', 'end_date': '2026-01-27', 'notification_time': '2026-01-28 00:00:00', 'create_time': '2026-01-27T09:37:09.165+08:00', 'update_time': '2026-01-27T09:37:09.165+08:00', 'remark': 'aa'}
处理后的数据: id=25, dept_id=9, user_id=49, event_name=哈哈
更新事件成功
"POST /event/save HTTP/1.1" 200 23
"GET /user/treeList HTTP/1.1" 200 21998
"POST /event/search HTTP/1.1" 200 1753
"GET /event/menus?id=25 HTTP/1.1" 200 38
"GET /user/treeList HTTP/1.1" 200 21998
"POST /event/search HTTP/1.1" 200 1753
"DELETE /event/action HTTP/1.1" 200 13
"GET /user/treeList HTTP/1.1" 200 21998
"POST /event/search HTTP/1.1" 200 1315
"GET /event/menus?id=25 HTTP/1.1" 200 60
"POST /event/search HTTP/1.1" 200 1315
"GET /event/user/list HTTP/1.1" 200 1376
"GET /event/dept/list HTTP/1.1" 200 488
"GET /event/dept/list HTTP/1.1" 200 488
"GET /event/user/list HTTP/1.1" 200 1376
"POST /event/search HTTP/1.1" 200 1315
"GET /event/user/list HTTP/1.1" 200 1376
"GET /event/dept/list HTTP/1.1" 200 488
开始处理事件保存请求
收到的数据: {'id': -1, 'dept_id': 9, 'user_id': 1, 'event_name': '信息', 'principal': 42, 'start_date': '2026-01-27', 'end_date': '2026-01-31', 'notification_time': '2026-01-27 00:00:02', 'remark': ''}
处理后的数据: id=-1, dept_id=9, user_id=1, event_name=信息
新增事件成功
"POST /event/save HTTP/1.1" 200 23
"GET /user/treeList HTTP/1.1" 200 21998
"POST /event/search HTTP/1.1" 200 1756
"GET /event/menus?id=26 HTTP/1.1" 200 32
"POST /event/search HTTP/1.1" 200 1756
"POST /event/search HTTP/1.1" 200 1756
"POST /event/search HTTP/1.1" 200 1756
"POST /event/search HTTP/1.1" 200 1756
"POST /event/search HTTP/1.1" 200 1756
"POST /event/search HTTP/1.1" 200 1756
"DELETE /event/action HTTP/1.1" 200 13
"POST /event/search HTTP/1.1" 200 1315
"POST /event/search HTTP/1.1" 200 1315
"GET /event/dept/list HTTP/1.1" 200 488
"GET /event/user/list HTTP/1.1" 200 1376
"GET /event/user/list HTTP/1.1" 200 1376
"GET /event/dept/list HTTP/1.1" 200 488
"GET /event/action?id=23 HTTP/1.1" 200 485
"POST /event/search HTTP/1.1" 200 1315
"GET /event/user/list HTTP/1.1" 200 1376
"GET /event/dept/list HTTP/1.1" 200 488
开始处理事件保存请求
收到的数据: {'id': -1, 'dept_id': 9, 'user_id': 1, 'event_name': 'xx', 'principal': 42, 'start_date': '2026-01-27', 'end_date': '2026-01-28', 'notification_time': '2026-01-27 00:00:00', 'remark': ''}
处理后的数据: id=-1, dept_id=9, user_id=1, event_name=xx
新增事件成功
"POST /event/save HTTP/1.1" 200 23
"GET /user/treeList HTTP/1.1" 200 21998
"POST /event/search HTTP/1.1" 200 1746
"GET /event/menus?id=27 HTTP/1.1" 200 32
"GET /event/user/list HTTP/1.1" 200 1376
"GET /event/dept/list HTTP/1.1" 200 488
"POST /event/search HTTP/1.1" 200 1746
"GET /event/user/list HTTP/1.1" 200 1376
"GET /event/dept/list HTTP/1.1" 200 488
"POST /event/search HTTP/1.1" 200 1746
"POST /event/search HTTP/1.1" 200 1746
"GET /event/user/list HTTP/1.1" 200 1376
"GET /event/dept/list HTTP/1.1" 200 488
"POST /event/search HTTP/1.1" 200 1746
"POST /repository/search HTTP/1.1" 200 36269
"GET /repository/history?id=47 HTTP/1.1" 200 328
"GET /repository/history?id=51 HTTP/1.1" 200 401
"GET /repository/history?id=48 HTTP/1.1" 200 332
"GET /repository/history?id=49 HTTP/1.1" 200 334
"GET /repository/history?id=45 HTTP/1.1" 200 408
"GET /repository/history?id=46 HTTP/1.1" 200 420
"GET /repository/history?id=40 HTTP/1.1" 200 343
"GET /repository/history?id=43 HTTP/1.1" 200 329
"GET /repository/history?id=41 HTTP/1.1" 200 361
"GET /repository/history?id=42 HTTP/1.1" 200 327
"POST /repository/like HTTP/1.1" 200 76
尝试获取知识库 51 的复盘列表，页码: 1, 每页: 10
总共找到 0 条复盘记录
返回复盘列表，当前页: 1, 每页: 10, 总数: 0
"GET /repository/review/list?id=51&page=1&page_size=10 HTTP/1.1" 200 90
"GET /repository/comment/list?id=51&role_id=34&user_id=49&page=1&page_size=10 HTTP/1.1" 200 91
"GET /repository/detail?id=51 HTTP/1.1" 200 800
"GET /repository/associated-events?id=51 HTTP/1.1" 200 491
"POST /repository/comment/submit HTTP/1.1" 200 220
"GET /repository/comment/list?id=51&role_id=34&user_id=49&page=1&page_size=10 HTTP/1.1" 200 313
"POST /repository/search HTTP/1.1" 200 36268
"GET /repository/history?id=49 HTTP/1.1" 200 334
"GET /repository/history?id=48 HTTP/1.1" 200 332
"GET /repository/history?id=47 HTTP/1.1" 200 328
"GET /repository/history?id=45 HTTP/1.1" 200 408
"GET /repository/history?id=51 HTTP/1.1" 200 401
"GET /repository/history?id=46 HTTP/1.1" 200 420
"GET /repository/history?id=40 HTTP/1.1" 200 343
"GET /repository/history?id=43 HTTP/1.1" 200 329
"GET /repository/history?id=42 HTTP/1.1" 200 327
"GET /repository/history?id=41 HTTP/1.1" 200 361
尝试获取知识库 51 的复盘列表，页码: 1, 每页: 10
总共找到 0 条复盘记录
返回复盘列表，当前页: 1, 每页: 10, 总数: 0
"GET /repository/review/list?id=51&page=1&page_size=10 HTTP/1.1" 200 90
"GET /repository/comment/list?id=51&role_id=34&user_id=49&page=1&page_size=10 HTTP/1.1" 200 313
"GET /repository/detail?id=51 HTTP/1.1" 200 800
"GET /repository/associated-events?id=51 HTTP/1.1" 200 491
"POST /repository/search HTTP/1.1" 200 36268
"GET /repository/history?id=51 HTTP/1.1" 200 401
"GET /repository/history?id=46 HTTP/1.1" 200 420
"GET /repository/history?id=49 HTTP/1.1" 200 334
"GET /repository/history?id=47 HTTP/1.1" 200 328
"GET /repository/history?id=48 HTTP/1.1" 200 332
"GET /repository/history?id=45 HTTP/1.1" 200 408
"GET /repository/history?id=42 HTTP/1.1" 200 327
"GET /repository/history?id=43 HTTP/1.1" 200 329
"GET /repository/history?id=40 HTTP/1.1" 200 343
"GET /repository/history?id=41 HTTP/1.1" 200 361
D:\my_project\Django_admin\jj_system\event\views.py changed, reloading.
D:\my_project\Django_admin\jj_system\event\views.py changed, reloading.
D:\my_project\Django_admin\jj_system\event\views.py changed, reloading.
Watching for file changes with StatReloader
Watching for file changes with StatReloader
Watching for file changes with StatReloader
"GET /user/treeList HTTP/1.1" 200 21998
"POST /event/search HTTP/1.1" 200 53
"POST /event/search HTTP/1.1" 200 53
"POST /event/search HTTP/1.1" 200 1746
"GET /event/menus?id=27 HTTP/1.1" 200 32
"POST /event/search HTTP/1.1" 200 53
"POST /event/search HTTP/1.1" 200 53
"POST /event/search HTTP/1.1" 200 53
"POST /event/search HTTP/1.1" 200 53
"POST /event/search HTTP/1.1" 200 53
"POST /event/search HTTP/1.1" 200 53
"POST /event/search HTTP/1.1" 200 53
"POST /event/search HTTP/1.1" 200 53
"POST /event/search HTTP/1.1" 200 53
"POST /event/search HTTP/1.1" 200 53
"GET /user/treeList HTTP/1.1" 200 21998
"POST /event/search HTTP/1.1" 200 1746
"GET /event/menus?id=27 HTTP/1.1" 200 32
"GET /user/treeList HTTP/1.1" 200 21998
"POST /event/search HTTP/1.1" 200 1746
"GET /event/menus?id=27 HTTP/1.1" 200 32
"GET /event/user/list HTTP/1.1" 200 1376
"GET /event/dept/list HTTP/1.1" 200 488
"GET /event/user/list HTTP/1.1" 200 1376
"GET /event/dept/list HTTP/1.1" 200 488
"POST /event/search HTTP/1.1" 200 53
"POST /event/search HTTP/1.1" 200 53
"POST /event/search HTTP/1.1" 200 53
"POST /event/search HTTP/1.1" 200 53
"POST /event/search HTTP/1.1" 200 53
"POST /event/search HTTP/1.1" 200 53
"POST /event/search HTTP/1.1" 200 53
"POST /event/search HTTP/1.1" 200 53
"GET /event/dept/list HTTP/1.1" 200 488
"GET /event/user/list HTTP/1.1" 200 1376
"GET /event/user/list HTTP/1.1" 200 1376
"GET /event/dept/list HTTP/1.1" 200 488
"POST /approval/list HTTP/1.1" 200 1242
页面大小: 10, 页码: 1
"POST /role/search HTTP/1.1" 200 1602
"POST /user/search HTTP/1.1" 200 8598
"GET /department/treeList HTTP/1.1" 200 2344
"POST /post/search HTTP/1.1" 200 1638
"POST /level/search HTTP/1.1" 200 634
"POST /user/search HTTP/1.1" 200 8598
"POST /user/search HTTP/1.1" 200 8115
"POST /user/search HTTP/1.1" 200 8229
"POST /event/search HTTP/1.1" 200 1746
"POST /event/search HTTP/1.1" 200 53
"POST /event/search HTTP/1.1" 200 53
页面大小: 10, 页码: 1
"POST /role/search HTTP/1.1" 200 1602
"POST /event/search HTTP/1.1" 200 53
"POST /event/search HTTP/1.1" 200 53
"GET /event/dept/list HTTP/1.1" 200 53
"GET /event/user/list HTTP/1.1" 200 53
"POST /event/search HTTP/1.1" 200 53
"POST /event/search HTTP/1.1" 200 53
"GET /event/dept/list HTTP/1.1" 200 53
"GET /event/user/list HTTP/1.1" 200 53
"POST /role/save HTTP/1.1" 200 13
页面大小: 10, 页码: 1
"POST /role/search HTTP/1.1" 200 1819
菜单查询集: <QuerySet [<SysMenu: SysMenu object (3)>, <SysMenu: SysMenu object (1)>, <SysMenu: SysMenu object (31)>, <SysMenu: SysMenu object (11)>, <SysMenu: SysMenu object (27)>, <SysMenu: SysMenu object (22)>, <SysMenu: SysMenu object (2)>, <SysMenu: SysMenu object (4)>, <SysMenu: SysMenu object (32)>, <SysMenu: SysMenu object (28)>, <SysMenu: SysMenu object (23)>, <SysMenu: SysMenu object (33)>, <SysMenu: SysMenu object (29)>, <SysMenu: SysMenu object (24)>, <SysMenu: SysMenu object (14)>, <SysMenu: SysMenu object (5)>, <SysMenu: SysMenu object (17)>, <SysMenu: SysMenu object (25)>, <SysMenu: SysMenu object (6)>, <SysMenu: SysMenu object (26)>, '...(remaining elements truncated)...']>
菜单树结果: [<SysMenu: SysMenu object (1)>, <SysMenu: SysMenu object (2)>, <SysMenu: SysMenu object (30)>]
"GET /menu/treeList HTTP/1.1" 200 5810
"GET /role/menus?id=36 HTTP/1.1" 200 31
角色ID: 36, 菜单ID列表: [1, 19]
"POST /role/grant HTTP/1.1" 200 13
页面大小: 10, 页码: 1
菜单查询集: <QuerySet [<SysMenu: SysMenu object (3)>, <SysMenu: SysMenu object (1)>, <SysMenu: SysMenu object (31)>, <SysMenu: SysMenu object (11)>, <SysMenu: SysMenu object (27)>, <SysMenu: SysMenu object (22)>, <SysMenu: SysMenu object (2)>, <SysMenu: SysMenu object (4)>, <SysMenu: SysMenu object (32)>, <SysMenu: SysMenu object (28)>, <SysMenu: SysMenu object (23)>, <SysMenu: SysMenu object (33)>, <SysMenu: SysMenu object (29)>, <SysMenu: SysMenu object (24)>, <SysMenu: SysMenu object (14)>, <SysMenu: SysMenu object (5)>, <SysMenu: SysMenu object (17)>, <SysMenu: SysMenu object (25)>, <SysMenu: SysMenu object (6)>, <SysMenu: SysMenu object (26)>, '...(remaining elements truncated)...']>
菜单树结果: [<SysMenu: SysMenu object (1)>, <SysMenu: SysMenu object (2)>, <SysMenu: SysMenu object (30)>]
"GET /menu/treeList HTTP/1.1" 200 5810
"POST /role/search HTTP/1.1" 200 1819
"GET /role/menus?id=36 HTTP/1.1" 200 36
"POST /user/search HTTP/1.1" 200 8598
"GET /role/listAll HTTP/1.1" 200 1807
"POST /user/grantRole HTTP/1.1" 200 13
"GET /role/listAll HTTP/1.1" 200 1807
"POST /user/search HTTP/1.1" 200 8646
"GET /role/listAll HTTP/1.1" 200 1807
"POST /user/grantRole HTTP/1.1" 200 13
"GET /role/listAll HTTP/1.1" 200 1807
"POST /user/search HTTP/1.1" 200 8694
"GET /role/listAll HTTP/1.1" 200 1807
"POST /user/grantRole HTTP/1.1" 200 13
"GET /role/listAll HTTP/1.1" 200 1807
"GET /role/listAll HTTP/1.1" 200 1807
"POST /user/search HTTP/1.1" 200 8742
"POST /user/grantRole HTTP/1.1" 200 13
"GET /role/listAll HTTP/1.1" 200 1807
"POST /user/search HTTP/1.1" 200 8790
"GET /role/listAll HTTP/1.1" 200 1807
"POST /user/grantRole HTTP/1.1" 200 13
"GET /role/listAll HTTP/1.1" 200 1807
"POST /user/search HTTP/1.1" 200 8838
"POST /user/search HTTP/1.1" 200 8115
"GET /role/listAll HTTP/1.1" 200 1807
"POST /user/grantRole HTTP/1.1" 200 13
"GET /role/listAll HTTP/1.1" 200 1807
"POST /user/search HTTP/1.1" 200 8163
"GET /role/listAll HTTP/1.1" 200 1807
"POST /user/grantRole HTTP/1.1" 200 13
"GET /role/listAll HTTP/1.1" 200 1807
"POST /user/search HTTP/1.1" 200 8211
"POST /user/search HTTP/1.1" 200 8229
"GET /role/listAll HTTP/1.1" 200 1807
"POST /user/grantRole HTTP/1.1" 200 13
"GET /role/listAll HTTP/1.1" 200 1807
"POST /user/search HTTP/1.1" 200 8277
"GET /role/listAll HTTP/1.1" 200 1807
"POST /user/grantRole HTTP/1.1" 200 13
"GET /role/listAll HTTP/1.1" 200 1807
"POST /user/search HTTP/1.1" 200 8325
"POST /user/search HTTP/1.1" 200 858
"GET /event/dept/list HTTP/1.1" 200 53
"GET /event/user/list HTTP/1.1" 200 53
"GET /event/dept/list HTTP/1.1" 200 53
"GET /event/user/list HTTP/1.1" 200 53
"GET /event/dept/list HTTP/1.1" 200 53
"GET /event/user/list HTTP/1.1" 200 53
"POST /event/search HTTP/1.1" 200 53
"POST /event/search HTTP/1.1" 200 53
"POST /event/search HTTP/1.1" 200 53
"POST /event/search HTTP/1.1" 200 53
登录请求 - 用户名: admin, 请求方法: POST
找到用户: admin, 用户ID: 1, 用户状态: 1
密码验证结果: True
"POST /user/login?username=admin&password=1234567&rememberMe=true HTTP/1.1" 200 6747
"POST /classify/search HTTP/1.1" 200 2081
"POST /event/search HTTP/1.1" 200 1746
登录请求 - 用户名: zhuxingwei, 请求方法: POST
找到用户: zhuxingwei, 用户ID: 49, 用户状态: 1
登录请求 - 用户名: zhuxingwei, 请求方法: POST
密码验证结果: True
"POST /user/login?username=zhuxingwei&password=123456&rememberMe=true HTTP/1.1" 200 5748
找到用户: zhuxingwei, 用户ID: 49, 用户状态: 1
密码验证结果: True
"POST /user/login?username=zhuxingwei&password=123456&rememberMe=true HTTP/1.1" 200 5748
"POST /event/search HTTP/1.1" 200 1746
"GET /event/dept/list HTTP/1.1" 200 488
"GET /event/user/list HTTP/1.1" 200 1376
开始处理事件保存请求
收到的数据: {'id': -1, 'dept_id': 9, 'user_id': 49, 'event_name': '哈哈', 'principal': 49, 'start_date': '2026-01-27', 'end_date': '2026-01-28', 'notification_time': '2026-01-28 00:00:00', 'remark': ''}
处理后的数据: id=-1, dept_id=9, user_id=49, event_name=哈哈
新增事件成功
"POST /event/save HTTP/1.1" 200 23
"GET /user/treeList HTTP/1.1" 200 21998
"POST /event/search HTTP/1.1" 200 2182
"GET /event/menus?id=28 HTTP/1.1" 200 32
事件数据: {'id': 28, 'menuIds': [34, 35]}
事件ID: 28
事件ID: 28, 用户ID列表: [34, 35]
"POST /event/grant HTTP/1.1" 200 13
"POST /event/search HTTP/1.1" 200 2182
"POST /event/assignment/history HTTP/1.1" 200 2939
"POST /event/search HTTP/1.1" 200 2182
"GET /user/treeList HTTP/1.1" 200 21998
"GET /event/menus?id=28 HTTP/1.1" 200 38
事件数据: {'id': 28, 'menuIds': [35]}
事件ID: 28
事件ID: 28, 用户ID列表: [35]
"POST /event/grant HTTP/1.1" 200 13
"POST /event/search HTTP/1.1" 200 2182
"POST /event/assignment/history HTTP/1.1" 200 3341
"POST /event/search HTTP/1.1" 200 2182
"POST /event/assignment/history HTTP/1.1" 200 3341
"POST /event/search HTTP/1.1" 200 2182
"POST /approval/list HTTP/1.1" 200 1242
"POST /event/assignment/history HTTP/1.1" 200 3341
"POST /event/search HTTP/1.1" 200 2182
"DELETE /event/action HTTP/1.1" 200 13
"POST /event/search HTTP/1.1" 200 1746
"POST /classify/search HTTP/1.1" 200 2081
"POST /event/search HTTP/1.1" 200 1746
"GET /event/dept/list HTTP/1.1" 200 488
"GET /event/user/list HTTP/1.1" 200 1376
"POST /event/search HTTP/1.1" 200 1746
"POST /repository/search HTTP/1.1" 200 36268
"GET /repository/history?id=47 HTTP/1.1" 200 328
"GET /repository/history?id=45 HTTP/1.1" 200 408
"GET /repository/history?id=48 HTTP/1.1" 200 332
"GET /repository/history?id=51 HTTP/1.1" 200 401
"GET /repository/history?id=49 HTTP/1.1" 200 334
"GET /repository/history?id=46 HTTP/1.1" 200 420
"GET /repository/history?id=43 HTTP/1.1" 200 329
"GET /repository/history?id=42 HTTP/1.1" 200 327
"GET /repository/history?id=41 HTTP/1.1" 200 361
"GET /repository/history?id=40 HTTP/1.1" 200 343
"GET /repository/user/list HTTP/1.1" 200 1376
"GET /event/event/list HTTP/1.1" 200 601
"GET /classify/list HTTP/1.1" 200 10375
"GET /repository/dept/list HTTP/1.1" 200 488
"POST /repository/search HTTP/1.1" 200 36241
"GET /repository/history?id=49 HTTP/1.1" 200 334
"GET /repository/history?id=48 HTTP/1.1" 200 332
"GET /repository/history?id=47 HTTP/1.1" 200 328
"GET /repository/history?id=45 HTTP/1.1" 200 408
"GET /repository/history?id=50 HTTP/1.1" 200 341
"GET /repository/history?id=51 HTTP/1.1" 200 401
"GET /repository/history?id=43 HTTP/1.1" 200 329
"GET /repository/history?id=42 HTTP/1.1" 200 327
"GET /repository/history?id=41 HTTP/1.1" 200 361
"GET /repository/history?id=46 HTTP/1.1" 200 420
"GET /repository/dept/list HTTP/1.1" 200 488
"GET /event/event/list HTTP/1.1" 200 601
"GET /classify/list HTTP/1.1" 200 10375
"GET /repository/user/list HTTP/1.1" 200 1376
"GET /event/event/list HTTP/1.1" 200 601
"GET /classify/list HTTP/1.1" 200 10375
"GET /event/event/list HTTP/1.1" 200 601
"GET /classify/list HTTP/1.1" 200 10375
"GET /repository/user/list HTTP/1.1" 200 1376
"GET /repository/dept/list HTTP/1.1" 200 488
"GET /repository/dept/list HTTP/1.1" 200 488
"GET /repository/user/list HTTP/1.1" 200 1376
"GET /repository/dept/list HTTP/1.1" 200 488
"GET /event/event/list HTTP/1.1" 200 601
"GET /classify/list HTTP/1.1" 200 10375
"GET /repository/user/list HTTP/1.1" 200 1376
"GET /repository/user/list HTTP/1.1" 200 1376
"GET /event/event/list HTTP/1.1" 200 601
"GET /classify/list HTTP/1.1" 200 10375
"GET /repository/dept/list HTTP/1.1" 200 488
"POST /classify/search HTTP/1.1" 200 2081
"POST /event/search HTTP/1.1" 200 1746
"POST /repository/search HTTP/1.1" 200 36268
"GET /repository/history?id=47 HTTP/1.1" 200 328
"GET /repository/history?id=45 HTTP/1.1" 200 408
"GET /repository/history?id=51 HTTP/1.1" 200 401
"GET /repository/history?id=49 HTTP/1.1" 200 334
"GET /repository/history?id=48 HTTP/1.1" 200 332
"GET /repository/history?id=46 HTTP/1.1" 200 420
"GET /repository/history?id=40 HTTP/1.1" 200 343
"GET /repository/history?id=42 HTTP/1.1" 200 327
"GET /repository/history?id=41 HTTP/1.1" 200 361
"GET /repository/history?id=43 HTTP/1.1" 200 329
"GET /repository/dept/list HTTP/1.1" 200 488
"GET /event/event/list HTTP/1.1" 200 601
"GET /repository/user/list HTTP/1.1" 200 1376
"GET /classify/list HTTP/1.1" 200 10375
"GET /repository/user/list HTTP/1.1" 200 1376
"GET /classify/list HTTP/1.1" 200 10375
"GET /repository/dept/list HTTP/1.1" 200 488
"GET /event/event/list HTTP/1.1" 200 601
"GET /repository/dept/list HTTP/1.1" 200 488
"GET /event/event/list HTTP/1.1" 200 601
"GET /classify/list HTTP/1.1" 200 10375
"GET /repository/user/list HTTP/1.1" 200 1376
"GET /repository/dept/list HTTP/1.1" 200 488
"GET /event/event/list HTTP/1.1" 200 601
"GET /classify/list HTTP/1.1" 200 10375
"GET /repository/user/list HTTP/1.1" 200 1376
"GET /repository/dept/list HTTP/1.1" 200 488
"GET /repository/user/list HTTP/1.1" 200 1376
"GET /event/event/list HTTP/1.1" 200 601
"GET /classify/list HTTP/1.1" 200 10375
"POST /repository/search HTTP/1.1" 200 36241
"GET /repository/history?id=51 HTTP/1.1" 200 401
"GET /repository/history?id=45 HTTP/1.1" 200 408
"GET /repository/history?id=48 HTTP/1.1" 200 332
"GET /repository/history?id=49 HTTP/1.1" 200 334
"GET /repository/history?id=47 HTTP/1.1" 200 328
"GET /repository/history?id=50 HTTP/1.1" 200 341
"GET /repository/history?id=43 HTTP/1.1" 200 329
"GET /repository/history?id=41 HTTP/1.1" 200 361
"GET /repository/history?id=42 HTTP/1.1" 200 327
"GET /repository/history?id=46 HTTP/1.1" 200 420
"POST /repository/search HTTP/1.1" 200 5471
"GET /repository/history?id=48 HTTP/1.1" 200 332
"GET /repository/history?id=51 HTTP/1.1" 200 401
"GET /repository/history?id=45 HTTP/1.1" 200 408
"GET /repository/history?id=49 HTTP/1.1" 200 334
"GET /repository/history?id=34 HTTP/1.1" 200 959
"GET /repository/history?id=32 HTTP/1.1" 200 888
"GET /repository/history?id=33 HTTP/1.1" 200 967
"POST /repository/search HTTP/1.1" 200 5471
"GET /repository/history?id=51 HTTP/1.1" 200 401
"GET /repository/history?id=45 HTTP/1.1" 200 408
"GET /repository/history?id=34 HTTP/1.1" 200 959
"GET /repository/history?id=49 HTTP/1.1" 200 334
"GET /repository/history?id=48 HTTP/1.1" 200 332
"GET /repository/history?id=33 HTTP/1.1" 200 967
"GET /repository/history?id=32 HTTP/1.1" 200 888
"GET /repository/dept/list HTTP/1.1" 200 83
"GET /repository/user/list HTTP/1.1" 200 83
"GET /event/event/list HTTP/1.1" 200 83
"GET /classify/list HTTP/1.1" 200 83
"GET /event/event/list HTTP/1.1" 200 83
"GET /classify/list HTTP/1.1" 200 83
"GET /repository/user/list HTTP/1.1" 200 83
"GET /repository/dept/list HTTP/1.1" 200 83
登录请求 - 用户名: zhuxingwei, 请求方法: POST
找到用户: zhuxingwei, 用户ID: 49, 用户状态: 1
密码验证结果: True
"POST /user/login?username=zhuxingwei&password=123456&rememberMe=true HTTP/1.1" 200 5748
"POST /event/search HTTP/1.1" 200 1746
"POST /event/assignment/history HTTP/1.1" 200 2159
"POST /event/search HTTP/1.1" 200 1746
登录请求 - 用户名: admin, 请求方法: POST
找到用户: admin, 用户ID: 1, 用户状态: 1
密码验证结果: True
"POST /user/login?username=admin&password=1234567&rememberMe=true HTTP/1.1" 200 6747
"POST /approval/list HTTP/1.1" 200 1242
"POST /approval/list HTTP/1.1" 200 1242
Watching for file changes with StatReloader
登录请求 - 用户名: admin, 请求方法: POST
找到用户: admin, 用户ID: 1, 用户状态: 1
密码验证结果: True
"POST /user/login?username=admin&password=1234567&rememberMe=true HTTP/1.1" 200 6747
"POST /user/search HTTP/1.1" 200 8838
"POST /repository/search HTTP/1.1" 200 36241
"GET /repository/history?id=50 HTTP/1.1" 200 341
"GET /repository/history?id=47 HTTP/1.1" 200 328
"GET /repository/history?id=51 HTTP/1.1" 200 401
"GET /repository/history?id=48 HTTP/1.1" 200 332
"GET /repository/history?id=49 HTTP/1.1" 200 334
"GET /repository/history?id=46 HTTP/1.1" 200 420
"GET /repository/history?id=42 HTTP/1.1" 200 327
"GET /repository/history?id=45 HTTP/1.1" 200 408
"GET /repository/history?id=41 HTTP/1.1" 200 361
"GET /repository/history?id=43 HTTP/1.1" 200 329
"POST /repository/search HTTP/1.1" 200 18374
"GET /repository/history?id=36 HTTP/1.1" 200 890
"GET /repository/history?id=40 HTTP/1.1" 200 343
"GET /repository/history?id=39 HTTP/1.1" 200 343
"GET /repository/history?id=35 HTTP/1.1" 200 987
"GET /repository/history?id=37 HTTP/1.1" 200 931
"GET /repository/history?id=38 HTTP/1.1" 200 609
"GET /repository/history?id=34 HTTP/1.1" 200 959
"GET /repository/history?id=33 HTTP/1.1" 200 967
"GET /repository/history?id=32 HTTP/1.1" 200 888
"DELETE /repository/action HTTP/1.1" 200 48
"POST /repository/search HTTP/1.1" 200 17441
"GET /repository/history?id=40 HTTP/1.1" 200 343
"GET /repository/history?id=37 HTTP/1.1" 200 931
"GET /repository/history?id=35 HTTP/1.1" 200 987
"GET /repository/history?id=38 HTTP/1.1" 200 609
"GET /repository/history?id=36 HTTP/1.1" 200 890
"GET /repository/history?id=39 HTTP/1.1" 200 343
"GET /repository/history?id=33 HTTP/1.1" 200 967
"GET /repository/history?id=34 HTTP/1.1" 200 959
"DELETE /repository/action HTTP/1.1" 200 48
"POST /repository/search HTTP/1.1" 200 16680
"GET /repository/history?id=35 HTTP/1.1" 200 987
"GET /repository/history?id=36 HTTP/1.1" 200 890
"GET /repository/history?id=40 HTTP/1.1" 200 343
"GET /repository/history?id=37 HTTP/1.1" 200 931
"GET /repository/history?id=39 HTTP/1.1" 200 343
"GET /repository/history?id=38 HTTP/1.1" 200 609
"GET /repository/history?id=34 HTTP/1.1" 200 959
"DELETE /repository/action HTTP/1.1" 200 48
"POST /repository/search HTTP/1.1" 200 15951
"GET /repository/history?id=35 HTTP/1.1" 200 987
"GET /repository/history?id=38 HTTP/1.1" 200 609
"GET /repository/history?id=37 HTTP/1.1" 200 931
"GET /repository/history?id=40 HTTP/1.1" 200 343
"GET /repository/history?id=39 HTTP/1.1" 200 343
"GET /repository/history?id=36 HTTP/1.1" 200 890
"DELETE /repository/action HTTP/1.1" 200 48
"POST /repository/search HTTP/1.1" 200 15185
"GET /repository/history?id=38 HTTP/1.1" 200 609
"GET /repository/history?id=35 HTTP/1.1" 200 987
"GET /repository/history?id=36 HTTP/1.1" 200 890
"GET /repository/history?id=37 HTTP/1.1" 200 931
"GET /repository/history?id=39 HTTP/1.1" 200 343
"DELETE /repository/action HTTP/1.1" 200 48
"POST /repository/search HTTP/1.1" 200 15185
"GET /repository/history?id=35 HTTP/1.1" 200 987
"GET /repository/history?id=38 HTTP/1.1" 200 609
"GET /repository/history?id=36 HTTP/1.1" 200 890
"GET /repository/history?id=39 HTTP/1.1" 200 343
"GET /repository/history?id=37 HTTP/1.1" 200 931
"DELETE /repository/action HTTP/1.1" 200 48
"POST /repository/search HTTP/1.1" 200 14425
"GET /repository/history?id=35 HTTP/1.1" 200 987
"GET /repository/history?id=37 HTTP/1.1" 200 931
"GET /repository/history?id=36 HTTP/1.1" 200 890
"GET /repository/history?id=38 HTTP/1.1" 200 609
"DELETE /repository/action HTTP/1.1" 200 48
"POST /repository/search HTTP/1.1" 200 11969
"GET /repository/history?id=38 HTTP/1.1" 200 609
"GET /repository/history?id=37 HTTP/1.1" 200 931
"GET /repository/history?id=36 HTTP/1.1" 200 890
"DELETE /repository/action HTTP/1.1" 200 48
"POST /repository/search HTTP/1.1" 200 8994
"GET /repository/history?id=37 HTTP/1.1" 200 931
"GET /repository/history?id=38 HTTP/1.1" 200 609
"DELETE /repository/action HTTP/1.1" 200 48
"POST /repository/search HTTP/1.1" 200 2829
"GET /repository/history?id=38 HTTP/1.1" 200 609
"DELETE /repository/action HTTP/1.1" 200 48
"POST /repository/search HTTP/1.1" 200 90
"POST /repository/search HTTP/1.1" 200 36241
"GET /repository/history?id=49 HTTP/1.1" 200 334
"GET /repository/history?id=46 HTTP/1.1" 200 420
"GET /repository/history?id=48 HTTP/1.1" 200 332
"GET /repository/history?id=50 HTTP/1.1" 200 341
"GET /repository/history?id=51 HTTP/1.1" 200 401
"GET /repository/history?id=47 HTTP/1.1" 200 328
"GET /repository/history?id=42 HTTP/1.1" 200 327
"GET /repository/history?id=45 HTTP/1.1" 200 408
"GET /repository/history?id=41 HTTP/1.1" 200 361
"GET /repository/history?id=43 HTTP/1.1" 200 329
"DELETE /repository/action HTTP/1.1" 200 48
"POST /repository/search HTTP/1.1" 200 35456
"GET /repository/history?id=47 HTTP/1.1" 200 328
"GET /repository/history?id=50 HTTP/1.1" 200 341
"GET /repository/history?id=49 HTTP/1.1" 200 334
"GET /repository/history?id=51 HTTP/1.1" 200 401
"GET /repository/history?id=48 HTTP/1.1" 200 332
"GET /repository/history?id=46 HTTP/1.1" 200 420
"GET /repository/history?id=45 HTTP/1.1" 200 408
"GET /repository/history?id=42 HTTP/1.1" 200 327
"GET /repository/history?id=43 HTTP/1.1" 200 329
"DELETE /repository/action HTTP/1.1" 200 48
"POST /repository/search HTTP/1.1" 200 34700
"GET /repository/history?id=51 HTTP/1.1" 200 401
"GET /repository/history?id=48 HTTP/1.1" 200 332
"GET /repository/history?id=50 HTTP/1.1" 200 341
"GET /repository/history?id=47 HTTP/1.1" 200 328
"GET /repository/history?id=49 HTTP/1.1" 200 334
"GET /repository/history?id=46 HTTP/1.1" 200 420
"GET /repository/history?id=45 HTTP/1.1" 200 408
"GET /repository/history?id=43 HTTP/1.1" 200 329
"DELETE /repository/action HTTP/1.1" 200 48
"POST /repository/search HTTP/1.1" 200 33922
"GET /repository/history?id=48 HTTP/1.1" 200 332
"GET /repository/history?id=50 HTTP/1.1" 200 341
"GET /repository/history?id=49 HTTP/1.1" 200 334
"GET /repository/history?id=45 HTTP/1.1" 200 408
"GET /repository/history?id=47 HTTP/1.1" 200 328
"GET /repository/history?id=46 HTTP/1.1" 200 420
"GET /repository/history?id=43 HTTP/1.1" 200 329
"DELETE /repository/action HTTP/1.1" 200 48
"POST /repository/search HTTP/1.1" 200 33184
"GET /repository/history?id=47 HTTP/1.1" 200 328
"GET /repository/history?id=45 HTTP/1.1" 200 408
"GET /repository/history?id=49 HTTP/1.1" 200 334
"GET /repository/history?id=48 HTTP/1.1" 200 332
"GET /repository/history?id=46 HTTP/1.1" 200 420
"GET /repository/history?id=43 HTTP/1.1" 200 329
"DELETE /repository/action HTTP/1.1" 200 48
"POST /repository/search HTTP/1.1" 200 32427
"GET /repository/history?id=49 HTTP/1.1" 200 334
"GET /repository/history?id=45 HTTP/1.1" 200 408
"GET /repository/history?id=48 HTTP/1.1" 200 332
"GET /repository/history?id=46 HTTP/1.1" 200 420
"GET /repository/history?id=47 HTTP/1.1" 200 328
"DELETE /repository/action HTTP/1.1" 200 48
"POST /repository/search HTTP/1.1" 200 31642
"GET /repository/history?id=47 HTTP/1.1" 200 328
"GET /repository/history?id=48 HTTP/1.1" 200 332
"GET /repository/history?id=49 HTTP/1.1" 200 334
"GET /repository/history?id=46 HTTP/1.1" 200 420
登录请求 - 用户名: admin, 请求方法: POST
找到用户: admin, 用户ID: 1, 用户状态: 1
密码验证结果: True
"POST /user/login?username=admin&password=1234567&rememberMe=true HTTP/1.1" 200 6747
"POST /repository/search HTTP/1.1" 200 31642
"GET /repository/history?id=48 HTTP/1.1" 200 332
"GET /repository/history?id=47 HTTP/1.1" 200 328
"GET /repository/history?id=46 HTTP/1.1" 200 420
"GET /repository/history?id=49 HTTP/1.1" 200 334
"GET /repository/user/list HTTP/1.1" 200 1376
"GET /repository/dept/list HTTP/1.1" 200 488
"GET /event/event/list HTTP/1.1" 200 601
"GET /classify/list HTTP/1.1" 200 10375
D:\my_project\Django_admin\jj_system\repository\models.py changed, reloading.
Watching for file changes with StatReloader
D:\my_project\Django_admin\jj_system\repository\views.py changed, reloading.
Watching for file changes with StatReloader
D:\my_project\Django_admin\jj_system\repository\views.py changed, reloading.
Watching for file changes with StatReloader
D:\my_project\Django_admin\jj_system\repository\views.py changed, reloading.
Watching for file changes with StatReloader
D:\my_project\Django_admin\jj_system\repository\views.py changed, reloading.
Watching for file changes with StatReloader
D:\my_project\Django_admin\jj_system\repository\urls.py changed, reloading.
Watching for file changes with StatReloader
D:\my_project\Django_admin\jj_system\repository\models.py changed, reloading.
Watching for file changes with StatReloader
"POST /repository/search HTTP/1.1" 200 31642
"GET /repository/history?id=49 HTTP/1.1" 200 334
"GET /repository/history?id=47 HTTP/1.1" 200 328
"GET /repository/history?id=48 HTTP/1.1" 200 332
"GET /repository/history?id=46 HTTP/1.1" 200 420
尝试获取知识库 46 的复盘列表，页码: 1, 每页: 10
总共找到 0 条复盘记录
返回复盘列表，当前页: 1, 每页: 10, 总数: 0
"GET /repository/review/list?id=46&page=1&page_size=10 HTTP/1.1" 200 90
"GET /repository/comment/list?id=46&role_id=1&user_id=1&page=1&page_size=10 HTTP/1.1" 200 91
"GET /repository/detail?id=46 HTTP/1.1" 200 29456
"GET /media/images/3fac0130-71b1-4eda-bce1-45f49ea03c0c.jpeg HTTP/1.1" 200 272194
"GET /repository/associated-events?id=46 HTTP/1.1" 200 38
"POST /repository/search HTTP/1.1" 200 31642
"GET /repository/history?id=47 HTTP/1.1" 200 328
"GET /repository/history?id=48 HTTP/1.1" 200 332
"GET /repository/history?id=49 HTTP/1.1" 200 334
"GET /repository/history?id=46 HTTP/1.1" 200 420
"DELETE /repository/action HTTP/1.1" 200 48
"POST /repository/search HTTP/1.1" 200 2208
"GET /repository/history?id=49 HTTP/1.1" 200 334
"GET /repository/history?id=48 HTTP/1.1" 200 332
"GET /repository/history?id=47 HTTP/1.1" 200 328
"DELETE /repository/action HTTP/1.1" 200 48
"POST /repository/search HTTP/1.1" 200 1485
"GET /repository/history?id=49 HTTP/1.1" 200 334
"GET /repository/history?id=48 HTTP/1.1" 200 332
"DELETE /repository/action HTTP/1.1" 200 48
"POST /repository/search HTTP/1.1" 200 776
"GET /repository/history?id=49 HTTP/1.1" 200 334
"DELETE /repository/action HTTP/1.1" 200 48
"POST /repository/search HTTP/1.1" 200 47
"POST /event/search HTTP/1.1" 200 1746
"POST /classify/search HTTP/1.1" 200 2081
"POST /classify/search HTTP/1.1" 200 859
"POST /classify/search HTTP/1.1" 200 239
"POST /user/search HTTP/1.1" 200 8838
登录请求 - 用户名: liangdongdong, 请求方法: POST
找到用户: liangdongdong, 用户ID: 30, 用户状态: 1
密码验证结果: True
"POST /user/login?username=liangdongdong&password=123456&rememberMe=true HTTP/1.1" 200 2330
"POST /repository/search HTTP/1.1" 200 47
"GET /event/event/list HTTP/1.1" 200 601
"GET /repository/dept/list HTTP/1.1" 200 488
"GET /classify/list HTTP/1.1" 200 10375
"GET /repository/user/list HTTP/1.1" 200 1376
"POST /repository/save HTTP/1.1" 200 5844
"POST /repository/search HTTP/1.1" 200 6222
"GET /repository/history?id=52 HTTP/1.1" 200 943
尝试获取知识库 52 的复盘列表，页码: 1, 每页: 10
总共找到 0 条复盘记录
返回复盘列表，当前页: 1, 每页: 10, 总数: 0
"GET /repository/review/list?id=52&page=1&page_size=10 HTTP/1.1" 200 90
"GET /repository/comment/list?id=52&role_id=2&user_id=30&page=1&page_size=10 HTTP/1.1" 200 91
"GET /repository/detail?id=52 HTTP/1.1" 200 6193
"GET /repository/associated-events?id=52 HTTP/1.1" 200 791
"POST /repository/search HTTP/1.1" 200 6222
"GET /repository/history?id=52 HTTP/1.1" 200 943
"GET /repository/user/list HTTP/1.1" 200 1376
"GET /event/event/list HTTP/1.1" 200 601
"GET /classify/list HTTP/1.1" 200 10375
"GET /repository/dept/list HTTP/1.1" 200 488
"POST /repository/save HTTP/1.1" 200 1525
"POST /repository/search HTTP/1.1" 200 8060
"GET /repository/history?id=53 HTTP/1.1" 200 956
"GET /repository/history?id=52 HTTP/1.1" 200 943
"GET /repository/user/list HTTP/1.1" 200 1376
"GET /repository/dept/list HTTP/1.1" 200 488
"GET /event/event/list HTTP/1.1" 200 601
"GET /classify/list HTTP/1.1" 200 10375
"POST /repository/save HTTP/1.1" 200 2158
"POST /repository/search HTTP/1.1" 200 10531
"GET /repository/history?id=53 HTTP/1.1" 200 956
"GET /repository/history?id=52 HTTP/1.1" 200 943
"GET /repository/history?id=54 HTTP/1.1" 200 939
"GET /repository/dept/list HTTP/1.1" 200 488
"GET /event/event/list HTTP/1.1" 200 601
"GET /repository/user/list HTTP/1.1" 200 1376
"GET /classify/list HTTP/1.1" 200 10375
"POST /repository/save HTTP/1.1" 200 13067
"POST /repository/search HTTP/1.1" 200 23868
"GET /repository/history?id=55 HTTP/1.1" 200 816
"GET /repository/history?id=54 HTTP/1.1" 200 939
"GET /repository/history?id=53 HTTP/1.1" 200 956
"GET /repository/history?id=52 HTTP/1.1" 200 943
"GET /repository/action?id=55 HTTP/1.1" 200 13067
"GET /repository/dept/list HTTP/1.1" 200 488
"GET /event/event/list HTTP/1.1" 200 601
"GET /repository/user/list HTTP/1.1" 200 1376
"GET /classify/list HTTP/1.1" 200 10375
"POST /repository/save HTTP/1.1" 200 13079
"POST /repository/search HTTP/1.1" 200 23923
"GET /repository/history?id=54 HTTP/1.1" 200 939
"GET /repository/history?id=52 HTTP/1.1" 200 943
"GET /repository/history?id=53 HTTP/1.1" 200 956
"GET /repository/history?id=55 HTTP/1.1" 200 1625
尝试获取知识库 55 的复盘列表，页码: 1, 每页: 10
总共找到 0 条复盘记录
返回复盘列表，当前页: 1, 每页: 10, 总数: 0
"GET /repository/review/list?id=55&page=1&page_size=10 HTTP/1.1" 200 90
"GET /repository/comment/list?id=55&role_id=2&user_id=30&page=1&page_size=10 HTTP/1.1" 200 91
"GET /repository/detail?id=55 HTTP/1.1" 200 13408
"GET /repository/associated-events?id=55 HTTP/1.1" 200 650
"POST /repository/search HTTP/1.1" 200 23923
"GET /repository/history?id=53 HTTP/1.1" 200 956
"GET /repository/history?id=54 HTTP/1.1" 200 939
"GET /repository/history?id=52 HTTP/1.1" 200 943
"GET /repository/history?id=55 HTTP/1.1" 200 1625
"GET /repository/dept/list HTTP/1.1" 200 488
"GET /classify/list HTTP/1.1" 200 10375
"GET /event/event/list HTTP/1.1" 200 601
"GET /repository/user/list HTTP/1.1" 200 1376
"POST /repository/save HTTP/1.1" 200 1244
"POST /repository/search HTTP/1.1" 200 25480
"GET /repository/history?id=54 HTTP/1.1" 200 939
"GET /repository/history?id=56 HTTP/1.1" 200 924
"GET /repository/history?id=55 HTTP/1.1" 200 1625
"GET /repository/history?id=52 HTTP/1.1" 200 943
"GET /repository/history?id=53 HTTP/1.1" 200 956
登录请求 - 用户名: yexiaoxia, 请求方法: POST
找到用户: yexiaoxia, 用户ID: 48, 用户状态: 1
密码验证结果: True
"POST /user/login?username=yexiaoxia&password=123456&rememberMe=true HTTP/1.1" 200 2651
"POST /event/search HTTP/1.1" 200 1746
"POST /repository/search HTTP/1.1" 200 47
"GET /files/list/?page=1&page_size=10 HTTP/1.1" 200 4201
"POST /repository/search HTTP/1.1" 200 47
"GET /files/list/?page=1&page_size=10 HTTP/1.1" 200 4201
"POST /repository/search HTTP/1.1" 200 47
"GET /files/list/?page=1&page_size=10 HTTP/1.1" 200 4201
"POST /repository/search HTTP/1.1" 200 47
"GET /classify/list HTTP/1.1" 200 10375
"GET /repository/dept/list HTTP/1.1" 200 488
"GET /event/event/list HTTP/1.1" 200 601
"GET /repository/user/list HTTP/1.1" 200 1376
"POST /repository/save HTTP/1.1" 200 2462
"POST /repository/search HTTP/1.1" 200 2840
"GET /repository/history?id=57 HTTP/1.1" 200 621
尝试获取知识库 57 的复盘列表，页码: 1, 每页: 10
总共找到 0 条复盘记录
返回复盘列表，当前页: 1, 每页: 10, 总数: 0
"GET /repository/review/list?id=57&page=1&page_size=10 HTTP/1.1" 200 90
"GET /repository/comment/list?id=57&role_id=2&user_id=48&page=1&page_size=10 HTTP/1.1" 200 91
"GET /repository/detail?id=57 HTTP/1.1" 200 2811
"GET /repository/associated-events?id=57 HTTP/1.1" 200 1008
"POST /repository/search HTTP/1.1" 200 2840
"GET /repository/history?id=57 HTTP/1.1" 200 621
"GET /repository/action?id=57 HTTP/1.1" 200 2462
"GET /repository/user/list HTTP/1.1" 200 1376
"GET /repository/dept/list HTTP/1.1" 200 488
"GET /classify/list HTTP/1.1" 200 10375
"GET /event/event/list HTTP/1.1" 200 601
"POST /repository/search HTTP/1.1" 200 2840
"GET /repository/history?id=57 HTTP/1.1" 200 621
登录请求 - 用户名: admin, 请求方法: POST
找到用户: admin, 用户ID: 1, 用户状态: 1
密码验证结果: True
"POST /user/login?username=admin&password=1234567&rememberMe=true HTTP/1.1" 200 6747
"POST /repository/search HTTP/1.1" 200 28275
"GET /repository/history?id=57 HTTP/1.1" 200 621
"GET /repository/history?id=52 HTTP/1.1" 200 943
"GET /repository/history?id=53 HTTP/1.1" 200 956
"GET /repository/history?id=54 HTTP/1.1" 200 939
"GET /repository/history?id=56 HTTP/1.1" 200 924
"GET /repository/history?id=55 HTTP/1.1" 200 1625
登录请求 - 用户名: niushuqing, 请求方法: POST
找到用户: niushuqing, 用户ID: 32, 用户状态: 1
密码验证结果: True
"POST /user/login?username=niushuqing&password=123456&rememberMe=true HTTP/1.1" 200 3300
"POST /event/search HTTP/1.1" 200 1746
"POST /repository/search HTTP/1.1" 200 47
"GET /repository/dept/list HTTP/1.1" 200 488
"GET /repository/user/list HTTP/1.1" 200 1376
"GET /classify/list HTTP/1.1" 200 10375
"GET /event/event/list HTTP/1.1" 200 601
登录请求 - 用户名: yexiaoxia, 请求方法: POST
找到用户: yexiaoxia, 用户ID: 48, 用户状态: 1
密码验证结果: True
"POST /user/login?username=yexiaoxia&password=123456&rememberMe=true HTTP/1.1" 200 2651
"POST /event/search HTTP/1.1" 200 1746
"POST /repository/search HTTP/1.1" 200 2840
"GET /repository/history?id=57 HTTP/1.1" 200 621
"GET /files/list/?page=1&page_size=10 HTTP/1.1" 200 4201
"POST /repository/search HTTP/1.1" 200 2840
"GET /repository/history?id=57 HTTP/1.1" 200 621
"GET /repository/action?id=57 HTTP/1.1" 200 2462
"GET /repository/dept/list HTTP/1.1" 200 488
"GET /repository/user/list HTTP/1.1" 200 1376
"GET /event/event/list HTTP/1.1" 200 601
"GET /classify/list HTTP/1.1" 200 10375
"POST /repository/save HTTP/1.1" 200 2462
"POST /repository/search HTTP/1.1" 200 2840
"GET /repository/history?id=57 HTTP/1.1" 200 1242
登录请求 - 用户名: niushuqing, 请求方法: POST
找到用户: niushuqing, 用户ID: 32, 用户状态: 1
密码验证结果: True
"POST /user/login?username=niushuqing&password=123456&rememberMe=true HTTP/1.1" 200 3300
"POST /repository/search HTTP/1.1" 200 2840
"GET /repository/history?id=57 HTTP/1.1" 200 1242
"GET /event/event/list HTTP/1.1" 200 601
"GET /repository/dept/list HTTP/1.1" 200 488
"GET /repository/user/list HTTP/1.1" 200 1376
"GET /classify/list HTTP/1.1" 200 10375
"POST /repository/save HTTP/1.1" 200 170
"POST /repository/save HTTP/1.1" 200 2135
"POST /repository/search HTTP/1.1" 200 5308
"GET /repository/history?id=58 HTTP/1.1" 200 999
"GET /repository/history?id=57 HTTP/1.1" 200 1242
"GET /repository/action?id=58 HTTP/1.1" 200 2135
"GET /repository/user/list HTTP/1.1" 200 1376
"GET /classify/list HTTP/1.1" 200 10375
"GET /event/event/list HTTP/1.1" 200 601
"GET /repository/dept/list HTTP/1.1" 200 488
"POST /repository/save HTTP/1.1" 200 2135
"POST /repository/search HTTP/1.1" 200 5308
"GET /repository/history?id=57 HTTP/1.1" 200 1242
"GET /repository/history?id=58 HTTP/1.1" 200 1998
"GET /event/event/list HTTP/1.1" 200 601
"GET /repository/dept/list HTTP/1.1" 200 488
"GET /classify/list HTTP/1.1" 200 10375
"GET /repository/user/list HTTP/1.1" 200 1376
"POST /event/search HTTP/1.1" 200 1746
"GET /event/user/list HTTP/1.1" 200 1376
"GET /event/dept/list HTTP/1.1" 200 488
"POST /event/search HTTP/1.1" 200 1746
登录请求 - 用户名: admin, 请求方法: POST
找到用户: admin, 用户ID: 1, 用户状态: 1
密码验证结果: False
登录失败 - 用户 admin 密码错误
"POST /user/login?username=admin&password=123456&rememberMe=true HTTP/1.1" 200 85
登录请求 - 用户名: admin, 请求方法: POST
找到用户: admin, 用户ID: 1, 用户状态: 1
密码验证结果: True
"POST /user/login?username=admin&password=1234567&rememberMe=true HTTP/1.1" 200 6747
"POST /classify/search HTTP/1.1" 200 2081
"POST /classify/save HTTP/1.1" 200 48
"POST /classify/search HTTP/1.1" 200 2051
登录请求 - 用户名: niushuqing, 请求方法: POST
找到用户: niushuqing, 用户ID: 32, 用户状态: 1
密码验证结果: True
"POST /user/login?username=niushuqing&password=123456&rememberMe=true HTTP/1.1" 200 3300
"POST /repository/search HTTP/1.1" 200 5308
"GET /repository/history?id=57 HTTP/1.1" 200 1242
"GET /repository/history?id=58 HTTP/1.1" 200 1998
"GET /event/event/list HTTP/1.1" 200 601
"GET /repository/user/list HTTP/1.1" 200 1376
"GET /classify/list HTTP/1.1" 200 10434
"GET /repository/dept/list HTTP/1.1" 200 488
"POST /repository/save HTTP/1.1" 200 10156
"POST /repository/search HTTP/1.1" 200 15797
"GET /repository/history?id=59 HTTP/1.1" 200 891
"GET /repository/history?id=58 HTTP/1.1" 200 1998
"GET /repository/history?id=57 HTTP/1.1" 200 1242
"GET /event/event/list HTTP/1.1" 200 601
"GET /repository/dept/list HTTP/1.1" 200 488
"GET /classify/list HTTP/1.1" 200 10434
"GET /repository/user/list HTTP/1.1" 200 1376
"POST /repository/save HTTP/1.1" 200 2114
"POST /repository/search HTTP/1.1" 200 18244
"GET /repository/history?id=60 HTTP/1.1" 200 839
"GET /repository/history?id=58 HTTP/1.1" 200 1998
"GET /repository/history?id=59 HTTP/1.1" 200 891
"GET /repository/history?id=57 HTTP/1.1" 200 1242
"GET /repository/user/list HTTP/1.1" 200 1376
"GET /event/event/list HTTP/1.1" 200 601
"GET /repository/dept/list HTTP/1.1" 200 488
"GET /classify/list HTTP/1.1" 200 10434
登录请求 - 用户名: lidanfen, 请求方法: POST
找到用户: lidanfen, 用户ID: 28, 用户状态: 1
密码验证结果: True
"POST /user/login?username=lidanfen&password=123456&rememberMe=true HTTP/1.1" 200 5781
"POST /repository/search HTTP/1.1" 200 18244
"GET /repository/history?id=57 HTTP/1.1" 200 1242
"GET /repository/history?id=58 HTTP/1.1" 200 1998
"GET /repository/history?id=60 HTTP/1.1" 200 839
"GET /repository/history?id=59 HTTP/1.1" 200 891
"GET /repository/dept/list HTTP/1.1" 200 488
"GET /repository/user/list HTTP/1.1" 200 1376
"GET /classify/list HTTP/1.1" 200 10434
"GET /event/event/list HTTP/1.1" 200 601
"POST /repository/save HTTP/1.1" 200 2643
"POST /repository/search HTTP/1.1" 200 21220
"GET /repository/history?id=60 HTTP/1.1" 200 839
"GET /repository/history?id=59 HTTP/1.1" 200 891
"GET /repository/history?id=61 HTTP/1.1" 200 890
"GET /repository/history?id=58 HTTP/1.1" 200 1998
"GET /repository/history?id=57 HTTP/1.1" 200 1242
尝试获取知识库 61 的复盘列表，页码: 1, 每页: 10
总共找到 0 条复盘记录
返回复盘列表，当前页: 1, 每页: 10, 总数: 0
"GET /repository/review/list?id=61&page=1&page_size=10 HTTP/1.1" 200 90
"GET /repository/comment/list?id=61&role_id=34&user_id=28&page=1&page_size=10 HTTP/1.1" 200 91
"GET /repository/detail?id=61 HTTP/1.1" 200 2998
"GET /repository/associated-events?id=61 HTTP/1.1" 200 1731
"GET /repository/detail?id=60 HTTP/1.1" 200 2469
尝试获取知识库 60 的复盘列表，页码: 1, 每页: 10
总共找到 0 条复盘记录
返回复盘列表，当前页: 1, 每页: 10, 总数: 0
"GET /repository/review/list?id=60&page=1&page_size=10 HTTP/1.1" 200 90
"GET /repository/comment/list?id=60&role_id=34&user_id=28&page=1&page_size=10 HTTP/1.1" 200 91
"GET /repository/detail?id=60 HTTP/1.1" 200 2469
"GET /repository/associated-events?id=60 HTTP/1.1" 200 1737
"POST /repository/search HTTP/1.1" 200 21220
"GET /repository/history?id=57 HTTP/1.1" 200 1242
"GET /repository/history?id=60 HTTP/1.1" 200 839
"GET /repository/history?id=61 HTTP/1.1" 200 890
"GET /repository/history?id=58 HTTP/1.1" 200 1998
"GET /repository/history?id=59 HTTP/1.1" 200 891
登录请求 - 用户名: lixiaolin, 请求方法: POST
找到用户: lixiaolin, 用户ID: 47, 用户状态: 1
密码验证结果: True
"POST /user/login?username=lixiaolin&password=123456&rememberMe=true HTTP/1.1" 200 2662
"POST /repository/search HTTP/1.1" 200 21220
"GET /repository/history?id=57 HTTP/1.1" 200 1242
"GET /repository/history?id=59 HTTP/1.1" 200 891
"GET /repository/history?id=60 HTTP/1.1" 200 839
"GET /repository/history?id=61 HTTP/1.1" 200 890
"GET /repository/history?id=58 HTTP/1.1" 200 1998
"GET /repository/dept/list HTTP/1.1" 200 488
"GET /event/event/list HTTP/1.1" 200 601
"GET /classify/list HTTP/1.1" 200 10434
"GET /repository/user/list HTTP/1.1" 200 1376
"POST /repository/save HTTP/1.1" 200 798
"POST /repository/search HTTP/1.1" 200 22331
"GET /repository/history?id=61 HTTP/1.1" 200 890
"GET /repository/history?id=62 HTTP/1.1" 200 476
"GET /repository/history?id=58 HTTP/1.1" 200 1998
"GET /repository/history?id=59 HTTP/1.1" 200 891
"GET /repository/history?id=60 HTTP/1.1" 200 839
"GET /repository/history?id=57 HTTP/1.1" 200 1242
尝试获取知识库 62 的复盘列表，页码: 1, 每页: 10
总共找到 0 条复盘记录
返回复盘列表，当前页: 1, 每页: 10, 总数: 0
"GET /repository/review/list?id=62&page=1&page_size=10 HTTP/1.1" 200 90
"GET /repository/comment/list?id=62&role_id=2&user_id=47&page=1&page_size=10 HTTP/1.1" 200 91
"GET /repository/detail?id=62 HTTP/1.1" 200 1133
"GET /repository/associated-events?id=62 HTTP/1.1" 200 1076
"POST /repository/search HTTP/1.1" 200 22331
"GET /repository/history?id=62 HTTP/1.1" 200 476
"GET /repository/history?id=59 HTTP/1.1" 200 891
"GET /repository/history?id=58 HTTP/1.1" 200 1998
"GET /repository/history?id=57 HTTP/1.1" 200 1242
"GET /repository/history?id=60 HTTP/1.1" 200 839
"GET /repository/history?id=61 HTTP/1.1" 200 890
"GET /repository/user/list HTTP/1.1" 200 1376
"GET /repository/dept/list HTTP/1.1" 200 488
"GET /event/event/list HTTP/1.1" 200 601
"GET /classify/list HTTP/1.1" 200 10434
"POST /repository/save HTTP/1.1" 200 542
"POST /repository/search HTTP/1.1" 200 23186
"GET /repository/history?id=63 HTTP/1.1" 200 476
"GET /repository/history?id=62 HTTP/1.1" 200 476
"GET /repository/history?id=61 HTTP/1.1" 200 890
"GET /repository/history?id=59 HTTP/1.1" 200 891
"GET /repository/history?id=60 HTTP/1.1" 200 839
"GET /repository/history?id=58 HTTP/1.1" 200 1998
"GET /repository/history?id=57 HTTP/1.1" 200 1242
"GET /repository/user/list HTTP/1.1" 200 1376
"GET /event/event/list HTTP/1.1" 200 601
"GET /repository/dept/list HTTP/1.1" 200 488
"GET /classify/list HTTP/1.1" 200 10434
"POST /repository/save HTTP/1.1" 200 786
"POST /repository/search HTTP/1.1" 200 24285
"GET /repository/history?id=64 HTTP/1.1" 200 464
"GET /repository/history?id=61 HTTP/1.1" 200 890
"GET /repository/history?id=63 HTTP/1.1" 200 476
"GET /repository/history?id=60 HTTP/1.1" 200 839
"GET /repository/history?id=59 HTTP/1.1" 200 891
"GET /repository/history?id=62 HTTP/1.1" 200 476
"GET /repository/history?id=58 HTTP/1.1" 200 1998
"GET /repository/history?id=57 HTTP/1.1" 200 1242
"GET /repository/dept/list HTTP/1.1" 200 488
"GET /repository/user/list HTTP/1.1" 200 1376
"GET /event/event/list HTTP/1.1" 200 601
"GET /classify/list HTTP/1.1" 200 10434
"POST /repository/save HTTP/1.1" 200 524
"POST /repository/search HTTP/1.1" 200 25122
"GET /repository/history?id=61 HTTP/1.1" 200 890
"GET /repository/history?id=62 HTTP/1.1" 200 476
"GET /repository/history?id=63 HTTP/1.1" 200 476
"GET /repository/history?id=64 HTTP/1.1" 200 464
"GET /repository/history?id=60 HTTP/1.1" 200 839
"GET /repository/history?id=65 HTTP/1.1" 200 457
"GET /repository/history?id=59 HTTP/1.1" 200 891
"GET /repository/history?id=58 HTTP/1.1" 200 1998
"GET /repository/history?id=57 HTTP/1.1" 200 1242
"GET /classify/list HTTP/1.1" 200 10434
"GET /repository/user/list HTTP/1.1" 200 1376
"GET /repository/dept/list HTTP/1.1" 200 488
"GET /event/event/list HTTP/1.1" 200 601
"POST /repository/save HTTP/1.1" 200 750
"POST /repository/search HTTP/1.1" 200 26186
"GET /repository/history?id=64 HTTP/1.1" 200 464
"GET /repository/history?id=62 HTTP/1.1" 200 476
"GET /repository/history?id=63 HTTP/1.1" 200 476
"GET /repository/history?id=61 HTTP/1.1" 200 890
"GET /repository/history?id=65 HTTP/1.1" 200 457
"GET /repository/history?id=66 HTTP/1.1" 200 470
"GET /repository/history?id=59 HTTP/1.1" 200 891
"GET /repository/history?id=58 HTTP/1.1" 200 1998
"GET /repository/history?id=60 HTTP/1.1" 200 839
"GET /repository/history?id=57 HTTP/1.1" 200 1242
登录请求 - 用户名: wangchengjie, 请求方法: POST
找到用户: wangchengjie, 用户ID: 31, 用户状态: 1
密码验证结果: True
"POST /user/login?username=wangchengjie&password=123456&rememberMe=true HTTP/1.1" 200 2966
"POST /repository/search HTTP/1.1" 200 26186
"GET /repository/history?id=62 HTTP/1.1" 200 476
"GET /repository/history?id=64 HTTP/1.1" 200 464
"GET /repository/history?id=66 HTTP/1.1" 200 470
"GET /repository/history?id=61 HTTP/1.1" 200 890
"GET /repository/history?id=63 HTTP/1.1" 200 476
"GET /repository/history?id=65 HTTP/1.1" 200 457
"GET /repository/history?id=60 HTTP/1.1" 200 839
"GET /repository/history?id=59 HTTP/1.1" 200 891
"GET /repository/history?id=57 HTTP/1.1" 200 1242
"GET /repository/history?id=58 HTTP/1.1" 200 1998
"POST /event/search HTTP/1.1" 200 1746
"POST /repository/search HTTP/1.1" 200 26186
"GET /repository/history?id=66 HTTP/1.1" 200 470
"GET /repository/history?id=61 HTTP/1.1" 200 890
"GET /repository/history?id=64 HTTP/1.1" 200 464
"GET /repository/history?id=63 HTTP/1.1" 200 476
"GET /repository/history?id=65 HTTP/1.1" 200 457
"GET /repository/history?id=62 HTTP/1.1" 200 476
"GET /repository/history?id=60 HTTP/1.1" 200 839
"GET /repository/history?id=59 HTTP/1.1" 200 891
"GET /repository/history?id=58 HTTP/1.1" 200 1998
"GET /repository/history?id=57 HTTP/1.1" 200 1242
"POST /event/search HTTP/1.1" 200 1746
"POST /event/search HTTP/1.1" 200 1746
D:\my_project\Django_admin\jj_system\event\views.py changed, reloading.
Watching for file changes with StatReloader
D:\my_project\Django_admin\jj_system\event\views.py changed, reloading.
Watching for file changes with StatReloader
"POST /event/search HTTP/1.1" 200 1746
D:\my_project\Django_admin\jj_system\event\views.py changed, reloading.
Watching for file changes with StatReloader
"POST /event/search HTTP/1.1" 200 1746
"GET /event/user/list HTTP/1.1" 200 1376
"GET /event/dept/list HTTP/1.1" 200 488
"POST /event/search HTTP/1.1" 200 1746
"GET /event/dept/list HTTP/1.1" 200 488
"GET /event/user/list HTTP/1.1" 200 1376
开始处理事件保存请求
收到的数据: {'id': -1, 'dept_id': 5, 'user_id': 31, 'event_name': 'xxx', 'principal': 31, 'start_date': '2026-01-29', 'end_date': '2026-01-31', 'notification_time': '2026-01-30 00:00:00', 'remark': ''}
处理后的数据: id=-1, dept_id=5, user_id=31, event_name=xxx
新增事件成功
"POST /event/save HTTP/1.1" 200 23
"GET /user/treeList HTTP/1.1" 200 21998
"POST /event/search HTTP/1.1" 200 2173
"GET /event/menus?id=29 HTTP/1.1" 200 32
D:\my_project\Django_admin\jj_system\event\views.py changed, reloading.
Watching for file changes with StatReloader
登录请求 - 用户名: wangchengjie, 请求方法: POST
找到用户: wangchengjie, 用户ID: 31, 用户状态: 1
密码验证结果: True
"POST /user/login?username=wangchengjie&password=123456&rememberMe=true HTTP/1.1" 200 2966
"POST /event/search HTTP/1.1" 200 2173
"POST /event/search HTTP/1.1" 200 2173
"POST /event/search HTTP/1.1" 200 2173
"DELETE /event/action HTTP/1.1" 200 13
"POST /event/search HTTP/1.1" 200 1746
"POST /repository/search HTTP/1.1" 200 26186
"GET /repository/history?id=64 HTTP/1.1" 200 464
"GET /repository/history?id=63 HTTP/1.1" 200 476
"GET /repository/history?id=62 HTTP/1.1" 200 476
"GET /repository/history?id=66 HTTP/1.1" 200 470
"GET /repository/history?id=65 HTTP/1.1" 200 457
"GET /repository/history?id=61 HTTP/1.1" 200 890
"GET /repository/history?id=60 HTTP/1.1" 200 839
"GET /repository/history?id=59 HTTP/1.1" 200 891
"GET /repository/history?id=58 HTTP/1.1" 200 1998
"GET /repository/history?id=57 HTTP/1.1" 200 1242
"GET /repository/dept/list HTTP/1.1" 200 488
"GET /repository/user/list HTTP/1.1" 200 1376
"GET /event/event/list HTTP/1.1" 200 601
"GET /classify/list HTTP/1.1" 200 10434
"POST /repository/save HTTP/1.1" 200 170
"POST /repository/save HTTP/1.1" 200 6710
"POST /repository/search HTTP/1.1" 200 30414
"GET /repository/history?id=67 HTTP/1.1" 200 485
"GET /repository/history?id=65 HTTP/1.1" 200 457
"GET /repository/history?id=63 HTTP/1.1" 200 476
"GET /repository/history?id=62 HTTP/1.1" 200 476
"GET /repository/history?id=66 HTTP/1.1" 200 470
"GET /repository/history?id=64 HTTP/1.1" 200 464
"GET /repository/history?id=60 HTTP/1.1" 200 839
"GET /repository/history?id=59 HTTP/1.1" 200 891
"GET /repository/history?id=61 HTTP/1.1" 200 890
"GET /repository/history?id=58 HTTP/1.1" 200 1998
"POST /repository/search HTTP/1.1" 200 26106
"GET /repository/history?id=62 HTTP/1.1" 200 476
"GET /repository/history?id=61 HTTP/1.1" 200 890
"GET /repository/history?id=66 HTTP/1.1" 200 470
"GET /repository/history?id=63 HTTP/1.1" 200 476
"GET /repository/history?id=65 HTTP/1.1" 200 457
"GET /repository/history?id=60 HTTP/1.1" 200 839
"GET /repository/history?id=58 HTTP/1.1" 200 1998
"GET /repository/history?id=59 HTTP/1.1" 200 891
"GET /repository/history?id=57 HTTP/1.1" 200 1242
"GET /repository/history?id=64 HTTP/1.1" 200 464
"POST /repository/search HTTP/1.1" 200 26106
"GET /repository/history?id=66 HTTP/1.1" 200 470
"GET /repository/history?id=64 HTTP/1.1" 200 464
"GET /repository/history?id=61 HTTP/1.1" 200 890
"GET /repository/history?id=62 HTTP/1.1" 200 476
"GET /repository/history?id=65 HTTP/1.1" 200 457
"GET /repository/history?id=63 HTTP/1.1" 200 476
"GET /repository/history?id=60 HTTP/1.1" 200 839
"GET /repository/history?id=58 HTTP/1.1" 200 1998
"GET /repository/history?id=57 HTTP/1.1" 200 1242
"GET /repository/history?id=59 HTTP/1.1" 200 891
"POST /repository/search HTTP/1.1" 200 7061
"GET /repository/history?id=67 HTTP/1.1" 200 485
尝试获取知识库 67 的复盘列表，页码: 1, 每页: 10
总共找到 0 条复盘记录
返回复盘列表，当前页: 1, 每页: 10, 总数: 0
"GET /repository/review/list?id=67&page=1&page_size=10 HTTP/1.1" 200 90
"GET /repository/comment/list?id=67&role_id=2&user_id=31&page=1&page_size=10 HTTP/1.1" 200 91
"GET /repository/detail?id=67 HTTP/1.1" 200 7039
"GET /repository/associated-events?id=67 HTTP/1.1" 200 1807
D:\my_project\Django_admin\jj_system\user\views.py changed, reloading.
Watching for file changes with StatReloader
D:\my_project\Django_admin\jj_system\user\views.py changed, reloading.
Watching for file changes with StatReloader
D:\my_project\Django_admin\jj_system\repository\views.py changed, reloading.
Watching for file changes with StatReloader
尝试获取知识库 67 的复盘列表，页码: 1, 每页: 10
总共找到 0 条复盘记录
返回复盘列表，当前页: 1, 每页: 10, 总数: 0
"GET /repository/review/list?id=67&page=1&page_size=10 HTTP/1.1" 200 90
"GET /repository/comment/list?id=67&role_id=2&user_id=31&page=1&page_size=10 HTTP/1.1" 200 91
"GET /repository/detail?id=67 HTTP/1.1" 200 7039
"GET /repository/associated-events?id=67 HTTP/1.1" 200 1807
尝试获取知识库 67 的复盘列表，页码: 1, 每页: 10
总共找到 0 条复盘记录
返回复盘列表，当前页: 1, 每页: 10, 总数: 0
"GET /repository/review/list?id=67&page=1&page_size=10 HTTP/1.1" 200 90
"GET /repository/comment/list?id=67&role_id=2&user_id=31&page=1&page_size=10 HTTP/1.1" 200 91
"GET /repository/detail?id=67 HTTP/1.1" 200 7039
"GET /repository/associated-events?id=67 HTTP/1.1" 200 1807
D:\my_project\Django_admin\jj_system\repository\views.py changed, reloading.
Watching for file changes with StatReloader
尝试获取知识库 67 的复盘列表，页码: 1, 每页: 10
总共找到 0 条复盘记录
返回复盘列表，当前页: 1, 每页: 10, 总数: 0
"GET /repository/review/list?id=67&page=1&page_size=10 HTTP/1.1" 200 90
"GET /repository/comment/list?id=67&role_id=2&user_id=31&page=1&page_size=10 HTTP/1.1" 200 91
"GET /repository/detail?id=67 HTTP/1.1" 200 7039
"GET /repository/associated-events?id=67 HTTP/1.1" 200 1807
尝试获取知识库 67 的复盘列表，页码: 1, 每页: 10
总共找到 0 条复盘记录
返回复盘列表，当前页: 1, 每页: 10, 总数: 0
"GET /repository/review/list?id=67&page=1&page_size=10 HTTP/1.1" 200 90
"GET /repository/comment/list?id=67&role_id=2&user_id=31&page=1&page_size=10 HTTP/1.1" 200 91
"GET /repository/detail?id=67 HTTP/1.1" 200 7039
"GET /repository/associated-events?id=67 HTTP/1.1" 200 1807
D:\my_project\Django_admin\jj_system\repository\views.py changed, reloading.
Watching for file changes with StatReloader
尝试获取知识库 67 的复盘列表，页码: 1, 每页: 10
总共找到 0 条复盘记录
返回复盘列表，当前页: 1, 每页: 10, 总数: 0
"GET /repository/review/list?id=67&page=1&page_size=10 HTTP/1.1" 200 90
"GET /repository/comment/list?id=67&role_id=2&user_id=31&page=1&page_size=10 HTTP/1.1" 200 91
"GET /repository/detail?id=67 HTTP/1.1" 200 7039
"GET /repository/associated-events?id=67 HTTP/1.1" 200 286
"POST /repository/search HTTP/1.1" 200 26106
"GET /repository/history?id=65 HTTP/1.1" 200 457
"GET /repository/history?id=66 HTTP/1.1" 200 470
"GET /repository/history?id=63 HTTP/1.1" 200 476
"GET /repository/history?id=64 HTTP/1.1" 200 464
"GET /repository/history?id=62 HTTP/1.1" 200 476
"GET /repository/history?id=61 HTTP/1.1" 200 890
"GET /repository/history?id=59 HTTP/1.1" 200 891
"GET /repository/history?id=57 HTTP/1.1" 200 1242
"GET /repository/history?id=58 HTTP/1.1" 200 1998
"GET /repository/history?id=60 HTTP/1.1" 200 839
尝试获取知识库 64 的复盘列表，页码: 1, 每页: 10
总共找到 0 条复盘记录
返回复盘列表，当前页: 1, 每页: 10, 总数: 0
"GET /repository/review/list?id=64&page=1&page_size=10 HTTP/1.1" 200 90
"GET /repository/comment/list?id=64&role_id=2&user_id=31&page=1&page_size=10 HTTP/1.1" 200 91
"GET /repository/detail?id=64 HTTP/1.1" 200 1121
"GET /repository/associated-events?id=64 HTTP/1.1" 200 286
"POST /repository/search HTTP/1.1" 200 26106
"GET /repository/history?id=66 HTTP/1.1" 200 470
"GET /repository/history?id=63 HTTP/1.1" 200 476
"GET /repository/history?id=65 HTTP/1.1" 200 457
"GET /repository/history?id=61 HTTP/1.1" 200 890
"GET /repository/history?id=62 HTTP/1.1" 200 476
"GET /repository/history?id=64 HTTP/1.1" 200 464
"GET /repository/history?id=58 HTTP/1.1" 200 1998
"GET /repository/history?id=59 HTTP/1.1" 200 891
"GET /repository/history?id=57 HTTP/1.1" 200 1242
"GET /repository/history?id=60 HTTP/1.1" 200 839
尝试获取知识库 58 的复盘列表，页码: 1, 每页: 10
总共找到 0 条复盘记录
返回复盘列表，当前页: 1, 每页: 10, 总数: 0
"GET /repository/review/list?id=58&page=1&page_size=10 HTTP/1.1" 200 90
"GET /repository/comment/list?id=58&role_id=2&user_id=31&page=1&page_size=10 HTTP/1.1" 200 91
"GET /repository/detail?id=58 HTTP/1.1" 200 2490
"GET /repository/associated-events?id=58 HTTP/1.1" 200 1689
D:\my_project\Django_admin\jj_system\repository\views.py changed, reloading.
Watching for file changes with StatReloader
"POST /repository/search HTTP/1.1" 200 26106
"GET /repository/history?id=62 HTTP/1.1" 200 476
"GET /repository/history?id=65 HTTP/1.1" 200 457
"GET /repository/history?id=66 HTTP/1.1" 200 470
"GET /repository/history?id=63 HTTP/1.1" 200 476
"GET /repository/history?id=61 HTTP/1.1" 200 890
"GET /repository/history?id=64 HTTP/1.1" 200 464
"GET /repository/history?id=60 HTTP/1.1" 200 839
"GET /repository/history?id=57 HTTP/1.1" 200 1242
"GET /repository/history?id=59 HTTP/1.1" 200 891
"GET /repository/history?id=58 HTTP/1.1" 200 1998
"POST /repository/search HTTP/1.1" 200 7060
"GET /repository/history?id=67 HTTP/1.1" 200 485
"GET /event/event/list HTTP/1.1" 200 601
"GET /classify/list HTTP/1.1" 200 10434
"GET /repository/user/list HTTP/1.1" 200 1376
"GET /repository/dept/list HTTP/1.1" 200 488
"POST /repository/save HTTP/1.1" 200 4798
"POST /repository/search HTTP/1.1" 200 28422
"GET /repository/history?id=62 HTTP/1.1" 200 476
"GET /repository/history?id=65 HTTP/1.1" 200 457
"GET /repository/history?id=66 HTTP/1.1" 200 470
"GET /repository/history?id=63 HTTP/1.1" 200 476
"GET /repository/history?id=64 HTTP/1.1" 200 464
"GET /repository/history?id=68 HTTP/1.1" 200 785
"GET /repository/history?id=61 HTTP/1.1" 200 890
"GET /repository/history?id=58 HTTP/1.1" 200 1998
"GET /repository/history?id=60 HTTP/1.1" 200 839
"GET /repository/history?id=59 HTTP/1.1" 200 891
"POST /repository/search HTTP/1.1" 200 9848
"GET /repository/history?id=57 HTTP/1.1" 200 1242
"GET /repository/history?id=67 HTTP/1.1" 200 485
"POST /repository/search HTTP/1.1" 200 12164
"GET /repository/history?id=67 HTTP/1.1" 200 485
"GET /repository/history?id=68 HTTP/1.1" 200 785
"GET /repository/dept/list HTTP/1.1" 200 488
"GET /repository/user/list HTTP/1.1" 200 1376
"GET /classify/list HTTP/1.1" 200 10434
"GET /event/event/list HTTP/1.1" 200 601
"POST /repository/save HTTP/1.1" 200 3417
"POST /repository/search HTTP/1.1" 200 27041
"GET /repository/history?id=65 HTTP/1.1" 200 457
"GET /repository/history?id=66 HTTP/1.1" 200 470
"GET /repository/history?id=64 HTTP/1.1" 200 464
"GET /repository/history?id=62 HTTP/1.1" 200 476
"GET /repository/history?id=69 HTTP/1.1" 200 615
"GET /repository/history?id=63 HTTP/1.1" 200 476
"GET /repository/history?id=59 HTTP/1.1" 200 891
"GET /repository/history?id=60 HTTP/1.1" 200 839
"GET /repository/history?id=58 HTTP/1.1" 200 1998
"GET /repository/history?id=61 HTTP/1.1" 200 890
"POST /repository/search HTTP/1.1" 200 26106
"GET /repository/history?id=66 HTTP/1.1" 200 470
"GET /repository/history?id=63 HTTP/1.1" 200 476
"GET /repository/history?id=62 HTTP/1.1" 200 476
"GET /repository/history?id=61 HTTP/1.1" 200 890
"GET /repository/history?id=64 HTTP/1.1" 200 464
"GET /repository/history?id=65 HTTP/1.1" 200 457
"GET /repository/history?id=57 HTTP/1.1" 200 1242
"GET /repository/history?id=60 HTTP/1.1" 200 839
"GET /repository/history?id=58 HTTP/1.1" 200 1998
"GET /repository/history?id=59 HTTP/1.1" 200 891
"POST /repository/search HTTP/1.1" 200 15886
"GET /repository/history?id=68 HTTP/1.1" 200 785
"GET /repository/history?id=67 HTTP/1.1" 200 485
"GET /repository/history?id=69 HTTP/1.1" 200 615
"GET /event/event/list HTTP/1.1" 200 601
"GET /repository/user/list HTTP/1.1" 200 1376
"GET /repository/dept/list HTTP/1.1" 200 488
"GET /classify/list HTTP/1.1" 200 10434
"POST /repository/save HTTP/1.1" 200 4223
"POST /repository/search HTTP/1.1" 200 27847
"GET /repository/history?id=64 HTTP/1.1" 200 464
"GET /repository/history?id=62 HTTP/1.1" 200 476
"GET /repository/history?id=63 HTTP/1.1" 200 476
"GET /repository/history?id=70 HTTP/1.1" 200 817
"GET /repository/history?id=66 HTTP/1.1" 200 470
"GET /repository/history?id=65 HTTP/1.1" 200 457
"GET /repository/history?id=59 HTTP/1.1" 200 891
"GET /repository/history?id=58 HTTP/1.1" 200 1998
"GET /repository/history?id=60 HTTP/1.1" 200 839
"GET /repository/history?id=61 HTTP/1.1" 200 890
"POST /repository/search HTTP/1.1" 200 20414
"GET /repository/history?id=70 HTTP/1.1" 200 817
"GET /repository/history?id=67 HTTP/1.1" 200 485
"GET /repository/history?id=68 HTTP/1.1" 200 785
"GET /repository/history?id=69 HTTP/1.1" 200 615
"GET /event/event/list HTTP/1.1" 200 601
"GET /repository/user/list HTTP/1.1" 200 1376
"GET /repository/dept/list HTTP/1.1" 200 488
"GET /classify/list HTTP/1.1" 200 10434
"POST /repository/save HTTP/1.1" 200 2032
"POST /repository/search HTTP/1.1" 200 25656
"GET /repository/history?id=65 HTTP/1.1" 200 457
"GET /repository/history?id=66 HTTP/1.1" 200 470
"GET /repository/history?id=63 HTTP/1.1" 200 476
"GET /repository/history?id=64 HTTP/1.1" 200 464
"GET /repository/history?id=62 HTTP/1.1" 200 476
"GET /repository/history?id=71 HTTP/1.1" 200 860
"GET /repository/history?id=58 HTTP/1.1" 200 1998
"GET /repository/history?id=59 HTTP/1.1" 200 891
"GET /repository/history?id=61 HTTP/1.1" 200 890
"GET /repository/history?id=60 HTTP/1.1" 200 839
"POST /repository/search HTTP/1.1" 200 22751
"GET /repository/history?id=69 HTTP/1.1" 200 615
"GET /repository/history?id=71 HTTP/1.1" 200 860
"GET /repository/history?id=68 HTTP/1.1" 200 785
"GET /repository/history?id=67 HTTP/1.1" 200 485
"GET /repository/history?id=70 HTTP/1.1" 200 817
"GET /event/event/list HTTP/1.1" 200 601
"GET /repository/user/list HTTP/1.1" 200 1376
"GET /classify/list HTTP/1.1" 200 10434
"GET /repository/dept/list HTTP/1.1" 200 488
"POST /repository/save HTTP/1.1" 200 1851
"POST /repository/search HTTP/1.1" 200 25451
"GET /repository/history?id=66 HTTP/1.1" 200 470
"GET /repository/history?id=64 HTTP/1.1" 200 464
"GET /repository/history?id=72 HTTP/1.1" 200 593
"GET /repository/history?id=62 HTTP/1.1" 200 476
"GET /repository/history?id=63 HTTP/1.1" 200 476
"GET /repository/history?id=65 HTTP/1.1" 200 457
"GET /repository/history?id=58 HTTP/1.1" 200 1998
"GET /repository/history?id=61 HTTP/1.1" 200 890
"GET /repository/history?id=60 HTTP/1.1" 200 839
"GET /repository/history?id=59 HTTP/1.1" 200 891
"GET /repository/action?id=72 HTTP/1.1" 200 1851
"GET /repository/dept/list HTTP/1.1" 200 488
"GET /repository/user/list HTTP/1.1" 200 1376
"GET /event/event/list HTTP/1.1" 200 601
"GET /classify/list HTTP/1.1" 200 10434
"POST /repository/save HTTP/1.1" 200 1853
"POST /repository/search HTTP/1.1" 200 25477
"GET /repository/history?id=62 HTTP/1.1" 200 476
"GET /repository/history?id=72 HTTP/1.1" 200 1169
"GET /repository/history?id=65 HTTP/1.1" 200 457
"GET /repository/history?id=66 HTTP/1.1" 200 470
"GET /repository/history?id=63 HTTP/1.1" 200 476
"GET /repository/history?id=64 HTTP/1.1" 200 464
"GET /repository/history?id=58 HTTP/1.1" 200 1998
"GET /repository/history?id=61 HTTP/1.1" 200 890
"GET /repository/history?id=59 HTTP/1.1" 200 891
"GET /repository/history?id=60 HTTP/1.1" 200 839
"POST /repository/search HTTP/1.1" 200 25477
"GET /repository/history?id=65 HTTP/1.1" 200 457
"GET /repository/history?id=63 HTTP/1.1" 200 476
"GET /repository/history?id=66 HTTP/1.1" 200 470
"GET /repository/history?id=72 HTTP/1.1" 200 1169
"GET /repository/history?id=62 HTTP/1.1" 200 476
"GET /repository/history?id=64 HTTP/1.1" 200 464
"GET /repository/history?id=59 HTTP/1.1" 200 891
"GET /repository/history?id=61 HTTP/1.1" 200 890
"GET /repository/history?id=58 HTTP/1.1" 200 1998
"GET /repository/history?id=60 HTTP/1.1" 200 839
"POST /repository/search HTTP/1.1" 200 25538
"GET /repository/history?id=68 HTTP/1.1" 200 785
"GET /repository/history?id=71 HTTP/1.1" 200 860
"GET /repository/history?id=69 HTTP/1.1" 200 615
"GET /repository/history?id=67 HTTP/1.1" 200 485
"GET /repository/history?id=57 HTTP/1.1" 200 1242
"GET /repository/history?id=70 HTTP/1.1" 200 817
"POST /repository/search HTTP/1.1" 200 26106
"GET /repository/history?id=66 HTTP/1.1" 200 470
"GET /repository/history?id=63 HTTP/1.1" 200 476
"GET /repository/history?id=64 HTTP/1.1" 200 464
"GET /repository/history?id=61 HTTP/1.1" 200 890
"GET /repository/history?id=65 HTTP/1.1" 200 457
"GET /repository/history?id=62 HTTP/1.1" 200 476
"GET /repository/history?id=60 HTTP/1.1" 200 839
"GET /repository/history?id=57 HTTP/1.1" 200 1242
"GET /repository/history?id=59 HTTP/1.1" 200 891
"GET /repository/history?id=58 HTTP/1.1" 200 1998
"POST /repository/search HTTP/1.1" 200 24909
"GET /repository/history?id=70 HTTP/1.1" 200 817
"GET /repository/history?id=68 HTTP/1.1" 200 785
"GET /repository/history?id=67 HTTP/1.1" 200 485
"GET /repository/history?id=69 HTTP/1.1" 200 615
"GET /repository/history?id=71 HTTP/1.1" 200 860
"GET /repository/history?id=72 HTTP/1.1" 200 1169
"GET /repository/dept/list HTTP/1.1" 200 488
"GET /repository/user/list HTTP/1.1" 200 1376
"GET /classify/list HTTP/1.1" 200 10434
"GET /event/event/list HTTP/1.1" 200 601
"POST /repository/save HTTP/1.1" 200 2929
"POST /repository/search HTTP/1.1" 200 26510
"GET /repository/history?id=73 HTTP/1.1" 200 600
"GET /repository/history?id=65 HTTP/1.1" 200 457
"GET /repository/history?id=64 HTTP/1.1" 200 464
"GET /repository/history?id=62 HTTP/1.1" 200 476
"GET /repository/history?id=66 HTTP/1.1" 200 470
"GET /repository/history?id=63 HTTP/1.1" 200 476
"GET /repository/history?id=61 HTTP/1.1" 200 890
"GET /repository/history?id=59 HTTP/1.1" 200 891
"GET /repository/history?id=58 HTTP/1.1" 200 1998
"GET /repository/history?id=60 HTTP/1.1" 200 839
"POST /repository/search HTTP/1.1" 200 26106
"GET /repository/history?id=63 HTTP/1.1" 200 476
"GET /repository/history?id=62 HTTP/1.1" 200 476
"GET /repository/history?id=66 HTTP/1.1" 200 470
"GET /repository/history?id=61 HTTP/1.1" 200 890
"GET /repository/history?id=65 HTTP/1.1" 200 457
"GET /repository/history?id=64 HTTP/1.1" 200 464
"GET /repository/history?id=58 HTTP/1.1" 200 1998
"GET /repository/history?id=59 HTTP/1.1" 200 891
"GET /repository/history?id=60 HTTP/1.1" 200 839
"GET /repository/history?id=57 HTTP/1.1" 200 1242
"POST /repository/search HTTP/1.1" 200 28100
"GET /repository/history?id=68 HTTP/1.1" 200 785
"GET /repository/history?id=72 HTTP/1.1" 200 1169
"GET /repository/history?id=69 HTTP/1.1" 200 615
"GET /repository/history?id=71 HTTP/1.1" 200 860
"GET /repository/history?id=70 HTTP/1.1" 200 817
"GET /repository/history?id=73 HTTP/1.1" 200 600
"GET /repository/history?id=67 HTTP/1.1" 200 485
"GET /repository/action?id=73 HTTP/1.1" 200 2929
"GET /repository/dept/list HTTP/1.1" 200 488
"GET /classify/list HTTP/1.1" 200 10434
"GET /repository/user/list HTTP/1.1" 200 1376
"GET /event/event/list HTTP/1.1" 200 601
"POST /repository/save HTTP/1.1" 200 2929
"POST /repository/search HTTP/1.1" 200 26106
"GET /repository/history?id=63 HTTP/1.1" 200 476
"GET /repository/history?id=62 HTTP/1.1" 200 476
"GET /repository/history?id=65 HTTP/1.1" 200 457
"GET /repository/history?id=64 HTTP/1.1" 200 464
"GET /repository/history?id=66 HTTP/1.1" 200 470
"GET /repository/history?id=61 HTTP/1.1" 200 890
"GET /repository/history?id=59 HTTP/1.1" 200 891
"GET /repository/history?id=58 HTTP/1.1" 200 1998
"GET /repository/history?id=60 HTTP/1.1" 200 839
"GET /repository/history?id=57 HTTP/1.1" 200 1242
"POST /repository/search HTTP/1.1" 200 28143
"GET /repository/history?id=72 HTTP/1.1" 200 1169
"GET /repository/history?id=69 HTTP/1.1" 200 615
"GET /repository/history?id=71 HTTP/1.1" 200 860
"GET /repository/history?id=73 HTTP/1.1" 200 1181
"GET /repository/history?id=68 HTTP/1.1" 200 785
"GET /repository/history?id=70 HTTP/1.1" 200 817
"GET /repository/history?id=67 HTTP/1.1" 200 485
"GET /event/event/list HTTP/1.1" 200 601
"GET /repository/dept/list HTTP/1.1" 200 488
"GET /classify/list HTTP/1.1" 200 10434
"GET /repository/user/list HTTP/1.1" 200 1376
"POST /repository/save HTTP/1.1" 200 5498
"POST /repository/search HTTP/1.1" 200 29122
"GET /repository/history?id=74 HTTP/1.1" 200 773
"GET /repository/history?id=64 HTTP/1.1" 200 464
"GET /repository/history?id=62 HTTP/1.1" 200 476
"GET /repository/history?id=65 HTTP/1.1" 200 457
"GET /repository/history?id=63 HTTP/1.1" 200 476
"GET /repository/history?id=66 HTTP/1.1" 200 470
"GET /repository/history?id=61 HTTP/1.1" 200 890
"GET /repository/history?id=60 HTTP/1.1" 200 839
"GET /repository/history?id=58 HTTP/1.1" 200 1998
"GET /repository/history?id=59 HTTP/1.1" 200 891
"POST /repository/search HTTP/1.1" 200 33946
"GET /repository/history?id=69 HTTP/1.1" 200 615
"GET /repository/history?id=71 HTTP/1.1" 200 860
"GET /repository/history?id=74 HTTP/1.1" 200 773
"GET /repository/history?id=70 HTTP/1.1" 200 817
"GET /repository/history?id=72 HTTP/1.1" 200 1169
"GET /repository/history?id=73 HTTP/1.1" 200 1181
"GET /repository/history?id=68 HTTP/1.1" 200 785
"GET /repository/history?id=67 HTTP/1.1" 200 485
"GET /repository/user/list HTTP/1.1" 200 1376
"GET /repository/dept/list HTTP/1.1" 200 488
"GET /classify/list HTTP/1.1" 200 10434
"GET /event/event/list HTTP/1.1" 200 601
"POST /repository/save HTTP/1.1" 200 2512
"POST /repository/search HTTP/1.1" 200 26136
"GET /repository/history?id=63 HTTP/1.1" 200 476
"GET /repository/history?id=66 HTTP/1.1" 200 470
"GET /repository/history?id=75 HTTP/1.1" 200 774
"GET /repository/history?id=65 HTTP/1.1" 200 457
"GET /repository/history?id=64 HTTP/1.1" 200 464
"GET /repository/history?id=62 HTTP/1.1" 200 476
"GET /repository/history?id=60 HTTP/1.1" 200 839
"GET /repository/history?id=61 HTTP/1.1" 200 890
"GET /repository/history?id=58 HTTP/1.1" 200 1998
"GET /repository/history?id=59 HTTP/1.1" 200 891
"POST /repository/search HTTP/1.1" 200 26106
"GET /repository/history?id=62 HTTP/1.1" 200 476
"GET /repository/history?id=63 HTTP/1.1" 200 476
"GET /repository/history?id=61 HTTP/1.1" 200 890
"GET /repository/history?id=65 HTTP/1.1" 200 457
"GET /repository/history?id=64 HTTP/1.1" 200 464
"GET /repository/history?id=66 HTTP/1.1" 200 470
"GET /repository/history?id=60 HTTP/1.1" 200 839
"GET /repository/history?id=57 HTTP/1.1" 200 1242
"GET /repository/history?id=58 HTTP/1.1" 200 1998
"GET /repository/history?id=59 HTTP/1.1" 200 891
"POST /repository/search HTTP/1.1" 200 36763
"GET /repository/history?id=74 HTTP/1.1" 200 773
"GET /repository/history?id=71 HTTP/1.1" 200 860
"GET /repository/history?id=70 HTTP/1.1" 200 817
"GET /repository/history?id=75 HTTP/1.1" 200 774
"GET /repository/history?id=73 HTTP/1.1" 200 1181
"GET /repository/history?id=72 HTTP/1.1" 200 1169
"GET /repository/history?id=67 HTTP/1.1" 200 485
"GET /repository/history?id=68 HTTP/1.1" 200 785
"GET /repository/history?id=69 HTTP/1.1" 200 615
"GET /repository/dept/list HTTP/1.1" 200 488
"GET /repository/user/list HTTP/1.1" 200 1376
"GET /event/event/list HTTP/1.1" 200 601
"GET /classify/list HTTP/1.1" 200 10434
"POST /repository/save HTTP/1.1" 200 4492
"POST /repository/search HTTP/1.1" 200 28116
"GET /repository/history?id=62 HTTP/1.1" 200 476
"GET /repository/history?id=76 HTTP/1.1" 200 895
"GET /repository/history?id=64 HTTP/1.1" 200 464
"GET /repository/history?id=63 HTTP/1.1" 200 476
"GET /repository/history?id=65 HTTP/1.1" 200 457
"GET /repository/history?id=66 HTTP/1.1" 200 470
"GET /repository/history?id=61 HTTP/1.1" 200 890
"GET /repository/history?id=59 HTTP/1.1" 200 891
"GET /repository/history?id=58 HTTP/1.1" 200 1998
"GET /repository/history?id=60 HTTP/1.1" 200 839
"POST /repository/search HTTP/1.1" 200 26106
"GET /repository/history?id=65 HTTP/1.1" 200 457
"GET /repository/history?id=61 HTTP/1.1" 200 890
"GET /repository/history?id=62 HTTP/1.1" 200 476
"GET /repository/history?id=66 HTTP/1.1" 200 470
"GET /repository/history?id=64 HTTP/1.1" 200 464
"GET /repository/history?id=63 HTTP/1.1" 200 476
"GET /repository/history?id=60 HTTP/1.1" 200 839
"GET /repository/history?id=59 HTTP/1.1" 200 891
"GET /repository/history?id=57 HTTP/1.1" 200 1242
"GET /repository/history?id=58 HTTP/1.1" 200 1998
"POST /repository/search HTTP/1.1" 200 41560
"GET /repository/history?id=71 HTTP/1.1" 200 860
"GET /repository/history?id=76 HTTP/1.1" 200 895
"GET /repository/history?id=74 HTTP/1.1" 200 773
"GET /repository/history?id=73 HTTP/1.1" 200 1181
"GET /repository/history?id=75 HTTP/1.1" 200 774
"GET /repository/history?id=72 HTTP/1.1" 200 1169
"GET /repository/history?id=70 HTTP/1.1" 200 817
"GET /repository/history?id=68 HTTP/1.1" 200 785
"GET /repository/history?id=67 HTTP/1.1" 200 485
"GET /repository/history?id=69 HTTP/1.1" 200 615
"GET /repository/user/list HTTP/1.1" 200 1376
"GET /classify/list HTTP/1.1" 200 10434
"GET /repository/dept/list HTTP/1.1" 200 488
"GET /event/event/list HTTP/1.1" 200 601
"POST /repository/save HTTP/1.1" 200 4783
"POST /repository/search HTTP/1.1" 200 28407
"GET /repository/history?id=64 HTTP/1.1" 200 464
"GET /repository/history?id=65 HTTP/1.1" 200 457
"GET /repository/history?id=77 HTTP/1.1" 200 811
"GET /repository/history?id=62 HTTP/1.1" 200 476
"GET /repository/history?id=66 HTTP/1.1" 200 470
"GET /repository/history?id=63 HTTP/1.1" 200 476
"GET /repository/history?id=61 HTTP/1.1" 200 890
"GET /repository/history?id=60 HTTP/1.1" 200 839
"GET /repository/history?id=58 HTTP/1.1" 200 1998
"GET /repository/history?id=59 HTTP/1.1" 200 891
"POST /repository/search HTTP/1.1" 200 28407
"GET /repository/history?id=66 HTTP/1.1" 200 470
"GET /repository/history?id=65 HTTP/1.1" 200 457
"GET /repository/history?id=77 HTTP/1.1" 200 811
"GET /repository/history?id=64 HTTP/1.1" 200 464
"GET /repository/history?id=62 HTTP/1.1" 200 476
"GET /repository/history?id=63 HTTP/1.1" 200 476
"GET /repository/history?id=60 HTTP/1.1" 200 839
"GET /repository/history?id=61 HTTP/1.1" 200 890
"GET /repository/history?id=59 HTTP/1.1" 200 891
"GET /repository/history?id=58 HTTP/1.1" 200 1998
"POST /repository/search HTTP/1.1" 200 26106
"GET /repository/history?id=64 HTTP/1.1" 200 464
"GET /repository/history?id=66 HTTP/1.1" 200 470
"GET /repository/history?id=65 HTTP/1.1" 200 457
"GET /repository/history?id=63 HTTP/1.1" 200 476
"GET /repository/history?id=61 HTTP/1.1" 200 890
"GET /repository/history?id=62 HTTP/1.1" 200 476
"GET /repository/history?id=60 HTTP/1.1" 200 839
"GET /repository/history?id=59 HTTP/1.1" 200 891
"GET /repository/history?id=57 HTTP/1.1" 200 1242
"GET /repository/history?id=58 HTTP/1.1" 200 1998
"POST /repository/search HTTP/1.1" 200 7061
"GET /repository/history?id=67 HTTP/1.1" 200 485
"POST /repository/search HTTP/1.1" 200 39633
"GET /repository/history?id=73 HTTP/1.1" 200 1181
"GET /repository/history?id=76 HTTP/1.1" 200 895
"GET /repository/history?id=77 HTTP/1.1" 200 811
"GET /repository/history?id=72 HTTP/1.1" 200 1169
"GET /repository/history?id=74 HTTP/1.1" 200 773
"GET /repository/history?id=75 HTTP/1.1" 200 774
"GET /repository/history?id=68 HTTP/1.1" 200 785
"GET /repository/history?id=69 HTTP/1.1" 200 615
"GET /repository/history?id=71 HTTP/1.1" 200 860
"GET /repository/history?id=70 HTTP/1.1" 200 817
"POST /repository/search HTTP/1.1" 200 26106
"GET /repository/history?id=61 HTTP/1.1" 200 890
"GET /repository/history?id=63 HTTP/1.1" 200 476
"GET /repository/history?id=65 HTTP/1.1" 200 457
"GET /repository/history?id=62 HTTP/1.1" 200 476
"GET /repository/history?id=66 HTTP/1.1" 200 470
"GET /repository/history?id=64 HTTP/1.1" 200 464
"GET /repository/history?id=60 HTTP/1.1" 200 839
"GET /repository/history?id=59 HTTP/1.1" 200 891
"GET /repository/history?id=58 HTTP/1.1" 200 1998
"GET /repository/history?id=57 HTTP/1.1" 200 1242
"POST /repository/search HTTP/1.1" 200 39633
"GET /repository/history?id=74 HTTP/1.1" 200 773
"GET /repository/history?id=76 HTTP/1.1" 200 895
"GET /repository/history?id=75 HTTP/1.1" 200 774
"GET /repository/history?id=72 HTTP/1.1" 200 1169
"GET /repository/history?id=73 HTTP/1.1" 200 1181
"GET /repository/history?id=77 HTTP/1.1" 200 811
"GET /repository/history?id=71 HTTP/1.1" 200 860
"GET /repository/history?id=70 HTTP/1.1" 200 817
"GET /repository/history?id=69 HTTP/1.1" 200 615
"GET /repository/history?id=68 HTTP/1.1" 200 785
"GET /event/event/list HTTP/1.1" 200 601
"GET /classify/list HTTP/1.1" 200 10434
"GET /repository/user/list HTTP/1.1" 200 1376
"GET /repository/dept/list HTTP/1.1" 200 488
"POST /repository/save HTTP/1.1" 200 5565
"POST /repository/search HTTP/1.1" 200 29189
"GET /repository/history?id=66 HTTP/1.1" 200 470
"GET /repository/history?id=65 HTTP/1.1" 200 457
"GET /repository/history?id=62 HTTP/1.1" 200 476
"GET /repository/history?id=64 HTTP/1.1" 200 464
"GET /repository/history?id=63 HTTP/1.1" 200 476
"GET /repository/history?id=78 HTTP/1.1" 200 858
"GET /repository/history?id=61 HTTP/1.1" 200 890
"GET /repository/history?id=60 HTTP/1.1" 200 839
"GET /repository/history?id=58 HTTP/1.1" 200 1998
"GET /repository/history?id=59 HTTP/1.1" 200 891
"POST /repository/search HTTP/1.1" 200 40400
"GET /repository/history?id=76 HTTP/1.1" 200 895
"GET /repository/history?id=77 HTTP/1.1" 200 811
"GET /repository/history?id=73 HTTP/1.1" 200 1181
"GET /repository/history?id=75 HTTP/1.1" 200 774
"GET /repository/history?id=74 HTTP/1.1" 200 773
"GET /repository/history?id=78 HTTP/1.1" 200 858
"GET /repository/history?id=72 HTTP/1.1" 200 1169
"GET /repository/history?id=70 HTTP/1.1" 200 817
"GET /repository/history?id=69 HTTP/1.1" 200 615
"GET /repository/history?id=71 HTTP/1.1" 200 860
"POST /repository/search HTTP/1.1" 200 12164
"GET /repository/history?id=67 HTTP/1.1" 200 485
"GET /repository/history?id=68 HTTP/1.1" 200 785
"POST /repository/search HTTP/1.1" 200 26106
"GET /repository/history?id=65 HTTP/1.1" 200 457
"GET /repository/history?id=61 HTTP/1.1" 200 890
"GET /repository/history?id=62 HTTP/1.1" 200 476
"GET /repository/history?id=64 HTTP/1.1" 200 464
"GET /repository/history?id=63 HTTP/1.1" 200 476
"GET /repository/history?id=66 HTTP/1.1" 200 470
"GET /repository/history?id=60 HTTP/1.1" 200 839
"GET /repository/history?id=59 HTTP/1.1" 200 891
"GET /repository/history?id=57 HTTP/1.1" 200 1242
"GET /repository/history?id=58 HTTP/1.1" 200 1998
"POST /repository/search HTTP/1.1" 200 40400
"GET /repository/history?id=75 HTTP/1.1" 200 774
"GET /repository/history?id=73 HTTP/1.1" 200 1181
"GET /repository/history?id=76 HTTP/1.1" 200 895
"GET /repository/history?id=77 HTTP/1.1" 200 811
"GET /repository/history?id=74 HTTP/1.1" 200 773
"GET /repository/history?id=78 HTTP/1.1" 200 858
"GET /repository/history?id=72 HTTP/1.1" 200 1169
"GET /repository/history?id=70 HTTP/1.1" 200 817
"GET /repository/history?id=69 HTTP/1.1" 200 615
"GET /repository/history?id=71 HTTP/1.1" 200 860
"GET /event/event/list HTTP/1.1" 200 601
"GET /repository/user/list HTTP/1.1" 200 1376
"GET /classify/list HTTP/1.1" 200 10434
"GET /repository/dept/list HTTP/1.1" 200 488
"POST /repository/save HTTP/1.1" 200 3458
"POST /repository/search HTTP/1.1" 200 27082
"GET /repository/history?id=62 HTTP/1.1" 200 476
"GET /repository/history?id=79 HTTP/1.1" 200 844
"GET /repository/history?id=64 HTTP/1.1" 200 464
"GET /repository/history?id=66 HTTP/1.1" 200 470
"GET /repository/history?id=63 HTTP/1.1" 200 476
"GET /repository/history?id=65 HTTP/1.1" 200 457
"GET /repository/history?id=61 HTTP/1.1" 200 890
"GET /repository/history?id=60 HTTP/1.1" 200 839
"GET /repository/history?id=58 HTTP/1.1" 200 1998
"GET /repository/history?id=59 HTTP/1.1" 200 891
"POST /repository/search HTTP/1.1" 200 27082
"GET /repository/history?id=66 HTTP/1.1" 200 470
"GET /repository/history?id=65 HTTP/1.1" 200 457
"GET /repository/history?id=62 HTTP/1.1" 200 476
"GET /repository/history?id=63 HTTP/1.1" 200 476
"GET /repository/history?id=64 HTTP/1.1" 200 464
"GET /repository/history?id=79 HTTP/1.1" 200 844
"GET /repository/history?id=61 HTTP/1.1" 200 890
"GET /repository/history?id=59 HTTP/1.1" 200 891
"GET /repository/history?id=60 HTTP/1.1" 200 839
"GET /repository/history?id=58 HTTP/1.1" 200 1998
"POST /repository/search HTTP/1.1" 200 39465
"GET /repository/history?id=77 HTTP/1.1" 200 811
"GET /repository/history?id=75 HTTP/1.1" 200 774
"GET /repository/history?id=74 HTTP/1.1" 200 773
"GET /repository/history?id=57 HTTP/1.1" 200 1242
"GET /repository/history?id=78 HTTP/1.1" 200 858
"GET /repository/history?id=76 HTTP/1.1" 200 895
"GET /repository/history?id=73 HTTP/1.1" 200 1181
"GET /repository/history?id=72 HTTP/1.1" 200 1169
"GET /repository/history?id=70 HTTP/1.1" 200 817
"GET /repository/history?id=71 HTTP/1.1" 200 860
"POST /repository/search HTTP/1.1" 200 26106
"GET /repository/history?id=62 HTTP/1.1" 200 476
"GET /repository/history?id=66 HTTP/1.1" 200 470
"GET /repository/history?id=64 HTTP/1.1" 200 464
"GET /repository/history?id=63 HTTP/1.1" 200 476
"GET /repository/history?id=61 HTTP/1.1" 200 890
"GET /repository/history?id=65 HTTP/1.1" 200 457
"GET /repository/history?id=60 HTTP/1.1" 200 839
"GET /repository/history?id=59 HTTP/1.1" 200 891
"GET /repository/history?id=58 HTTP/1.1" 200 1998
"GET /repository/history?id=57 HTTP/1.1" 200 1242
"POST /repository/search HTTP/1.1" 200 40441
"GET /repository/history?id=74 HTTP/1.1" 200 773
"GET /repository/history?id=79 HTTP/1.1" 200 844
"GET /repository/history?id=75 HTTP/1.1" 200 774
"GET /repository/history?id=77 HTTP/1.1" 200 811
"GET /repository/history?id=76 HTTP/1.1" 200 895
"GET /repository/history?id=78 HTTP/1.1" 200 858
"GET /repository/history?id=73 HTTP/1.1" 200 1181
"GET /repository/history?id=71 HTTP/1.1" 200 860
"GET /repository/history?id=70 HTTP/1.1" 200 817
"GET /repository/history?id=72 HTTP/1.1" 200 1169
"POST /repository/search HTTP/1.1" 200 15886
"GET /repository/history?id=69 HTTP/1.1" 200 615
"GET /repository/history?id=68 HTTP/1.1" 200 785
"GET /repository/history?id=67 HTTP/1.1" 200 485
"POST /repository/search HTTP/1.1" 200 26106
"GET /repository/history?id=65 HTTP/1.1" 200 457
"GET /repository/history?id=66 HTTP/1.1" 200 470
"GET /repository/history?id=63 HTTP/1.1" 200 476
"GET /repository/history?id=61 HTTP/1.1" 200 890
"GET /repository/history?id=64 HTTP/1.1" 200 464
"GET /repository/history?id=62 HTTP/1.1" 200 476
"GET /repository/history?id=60 HTTP/1.1" 200 839
"GET /repository/history?id=59 HTTP/1.1" 200 891
"GET /repository/history?id=57 HTTP/1.1" 200 1242
"GET /repository/history?id=58 HTTP/1.1" 200 1998
"GET /repository/user/list HTTP/1.1" 200 1376
"GET /repository/dept/list HTTP/1.1" 200 488
"GET /event/event/list HTTP/1.1" 200 601
"GET /classify/list HTTP/1.1" 200 10434
"POST /repository/save HTTP/1.1" 200 5077
"POST /repository/search HTTP/1.1" 200 28701
"GET /repository/history?id=66 HTTP/1.1" 200 470
"GET /repository/history?id=64 HTTP/1.1" 200 464
"GET /repository/history?id=63 HTTP/1.1" 200 476
"GET /repository/history?id=80 HTTP/1.1" 200 782
"GET /repository/history?id=65 HTTP/1.1" 200 457
"GET /repository/history?id=62 HTTP/1.1" 200 476
"GET /repository/history?id=59 HTTP/1.1" 200 891
"GET /repository/history?id=60 HTTP/1.1" 200 839
"GET /repository/history?id=61 HTTP/1.1" 200 890
"GET /repository/history?id=58 HTTP/1.1" 200 1998
"GET /repository/dept/list HTTP/1.1" 200 488
"GET /classify/list HTTP/1.1" 200 10434
"GET /event/event/list HTTP/1.1" 200 601
"GET /repository/user/list HTTP/1.1" 200 1376
"POST /repository/save HTTP/1.1" 200 6596
"POST /repository/search HTTP/1.1" 200 30220
"GET /repository/history?id=64 HTTP/1.1" 200 464
"GET /repository/history?id=62 HTTP/1.1" 200 476
"GET /repository/history?id=81 HTTP/1.1" 200 812
"GET /repository/history?id=63 HTTP/1.1" 200 476
"GET /repository/history?id=65 HTTP/1.1" 200 457
"GET /repository/history?id=66 HTTP/1.1" 200 470
"GET /repository/history?id=60 HTTP/1.1" 200 839
"GET /repository/history?id=58 HTTP/1.1" 200 1998
"GET /repository/history?id=61 HTTP/1.1" 200 890
"GET /repository/history?id=59 HTTP/1.1" 200 891
"POST /repository/search HTTP/1.1" 200 26106
"GET /repository/history?id=61 HTTP/1.1" 200 890
"GET /repository/history?id=64 HTTP/1.1" 200 464
"GET /repository/history?id=65 HTTP/1.1" 200 457
"GET /repository/history?id=66 HTTP/1.1" 200 470
"GET /repository/history?id=63 HTTP/1.1" 200 476
"GET /repository/history?id=62 HTTP/1.1" 200 476
"GET /repository/history?id=59 HTTP/1.1" 200 891
"GET /repository/history?id=60 HTTP/1.1" 200 839
"GET /repository/history?id=58 HTTP/1.1" 200 1998
"GET /repository/history?id=57 HTTP/1.1" 200 1242
"POST /repository/search HTTP/1.1" 200 45859
"GET /repository/history?id=81 HTTP/1.1" 200 812
"GET /repository/history?id=80 HTTP/1.1" 200 782
"GET /repository/history?id=79 HTTP/1.1" 200 844
"GET /repository/history?id=78 HTTP/1.1" 200 858
"GET /repository/history?id=77 HTTP/1.1" 200 811
"GET /repository/history?id=76 HTTP/1.1" 200 895
"GET /repository/history?id=75 HTTP/1.1" 200 774
"GET /repository/history?id=74 HTTP/1.1" 200 773
"GET /repository/history?id=72 HTTP/1.1" 200 1169
"GET /repository/history?id=73 HTTP/1.1" 200 1181
"GET /event/event/list HTTP/1.1" 200 601
"GET /classify/list HTTP/1.1" 200 10434
"GET /repository/dept/list HTTP/1.1" 200 488
"GET /repository/user/list HTTP/1.1" 200 1376
"POST /repository/save HTTP/1.1" 200 6766
"POST /repository/search HTTP/1.1" 200 30390
"GET /repository/history?id=66 HTTP/1.1" 200 470
"GET /repository/history?id=63 HTTP/1.1" 200 476
"GET /repository/history?id=65 HTTP/1.1" 200 457
"GET /repository/history?id=64 HTTP/1.1" 200 464
"GET /repository/history?id=82 HTTP/1.1" 200 787
"GET /repository/history?id=62 HTTP/1.1" 200 476
"GET /repository/history?id=61 HTTP/1.1" 200 890
"GET /repository/history?id=58 HTTP/1.1" 200 1998
"GET /repository/history?id=59 HTTP/1.1" 200 891
"GET /repository/history?id=60 HTTP/1.1" 200 839
"POST /repository/search HTTP/1.1" 200 26106
"GET /repository/history?id=62 HTTP/1.1" 200 476
"GET /repository/history?id=61 HTTP/1.1" 200 890
"GET /repository/history?id=66 HTTP/1.1" 200 470
"GET /repository/history?id=65 HTTP/1.1" 200 457
"GET /repository/history?id=64 HTTP/1.1" 200 464
"GET /repository/history?id=63 HTTP/1.1" 200 476
"GET /repository/history?id=60 HTTP/1.1" 200 839
"GET /repository/history?id=57 HTTP/1.1" 200 1242
"GET /repository/history?id=58 HTTP/1.1" 200 1998
"GET /repository/history?id=59 HTTP/1.1" 200 891
"POST /repository/search HTTP/1.1" 200 26106
"GET /repository/history?id=62 HTTP/1.1" 200 476
"GET /repository/history?id=60 HTTP/1.1" 200 839
"GET /repository/history?id=66 HTTP/1.1" 200 470
"GET /repository/history?id=64 HTTP/1.1" 200 464
"GET /repository/history?id=65 HTTP/1.1" 200 457
"GET /repository/history?id=63 HTTP/1.1" 200 476
"GET /repository/history?id=57 HTTP/1.1" 200 1242
"GET /repository/history?id=59 HTTP/1.1" 200 891
"GET /repository/history?id=58 HTTP/1.1" 200 1998
"GET /repository/history?id=61 HTTP/1.1" 200 890
"POST /repository/search HTTP/1.1" 200 50772
"GET /repository/history?id=79 HTTP/1.1" 200 844
"GET /repository/history?id=80 HTTP/1.1" 200 782
"GET /repository/history?id=77 HTTP/1.1" 200 811
"GET /repository/history?id=82 HTTP/1.1" 200 787
"GET /repository/history?id=78 HTTP/1.1" 200 858
"GET /repository/history?id=81 HTTP/1.1" 200 812
"GET /repository/history?id=75 HTTP/1.1" 200 774
"GET /repository/history?id=74 HTTP/1.1" 200 773
"GET /repository/history?id=73 HTTP/1.1" 200 1181
"GET /repository/history?id=76 HTTP/1.1" 200 895
"GET /classify/list HTTP/1.1" 200 10434
"GET /repository/dept/list HTTP/1.1" 200 488
"GET /event/event/list HTTP/1.1" 200 601
"GET /repository/user/list HTTP/1.1" 200 1376
"POST /repository/save HTTP/1.1" 200 1862
"POST /repository/search HTTP/1.1" 200 25486
"GET /repository/history?id=63 HTTP/1.1" 200 476
"GET /repository/history?id=83 HTTP/1.1" 200 787
"GET /repository/history?id=65 HTTP/1.1" 200 457
"GET /repository/history?id=66 HTTP/1.1" 200 470
"GET /repository/history?id=62 HTTP/1.1" 200 476
"GET /repository/history?id=64 HTTP/1.1" 200 464
"GET /repository/history?id=61 HTTP/1.1" 200 890
"GET /repository/history?id=58 HTTP/1.1" 200 1998
"GET /repository/history?id=59 HTTP/1.1" 200 891
"GET /repository/history?id=60 HTTP/1.1" 200 839
"POST /repository/search HTTP/1.1" 200 49705
"GET /repository/history?id=78 HTTP/1.1" 200 858
"GET /repository/history?id=83 HTTP/1.1" 200 787
"GET /repository/history?id=80 HTTP/1.1" 200 782
"GET /repository/history?id=81 HTTP/1.1" 200 812
"GET /repository/history?id=82 HTTP/1.1" 200 787
"GET /repository/history?id=79 HTTP/1.1" 200 844
"GET /repository/history?id=76 HTTP/1.1" 200 895
"GET /repository/history?id=77 HTTP/1.1" 200 811
"GET /repository/history?id=74 HTTP/1.1" 200 773
"GET /repository/history?id=75 HTTP/1.1" 200 774
"GET /classify/list HTTP/1.1" 200 10434
"GET /repository/user/list HTTP/1.1" 200 1376
"GET /event/event/list HTTP/1.1" 200 601
"GET /repository/dept/list HTTP/1.1" 200 488
"POST /repository/save HTTP/1.1" 200 170
"POST /repository/save HTTP/1.1" 200 2240
"POST /repository/search HTTP/1.1" 200 25864
"GET /repository/history?id=66 HTTP/1.1" 200 470
"GET /repository/history?id=84 HTTP/1.1" 200 979
"GET /repository/history?id=64 HTTP/1.1" 200 464
"GET /repository/history?id=63 HTTP/1.1" 200 476
"GET /repository/history?id=62 HTTP/1.1" 200 476
"GET /repository/history?id=65 HTTP/1.1" 200 457
"GET /repository/history?id=58 HTTP/1.1" 200 1998
"GET /repository/history?id=60 HTTP/1.1" 200 839
"GET /repository/history?id=59 HTTP/1.1" 200 891
"GET /repository/history?id=61 HTTP/1.1" 200 890
"POST /repository/search HTTP/1.1" 200 46447
"GET /repository/history?id=84 HTTP/1.1" 200 979
"GET /repository/history?id=80 HTTP/1.1" 200 782
"GET /repository/history?id=82 HTTP/1.1" 200 787
"GET /repository/history?id=81 HTTP/1.1" 200 812
"GET /repository/history?id=83 HTTP/1.1" 200 787
"GET /repository/history?id=79 HTTP/1.1" 200 844
"GET /repository/history?id=78 HTTP/1.1" 200 858
"GET /repository/history?id=76 HTTP/1.1" 200 895
"GET /repository/history?id=77 HTTP/1.1" 200 811
"GET /repository/history?id=75 HTTP/1.1" 200 774
"POST /repository/search HTTP/1.1" 200 46447
"GET /repository/history?id=80 HTTP/1.1" 200 782
"GET /repository/history?id=84 HTTP/1.1" 200 979
"GET /repository/history?id=82 HTTP/1.1" 200 787
"GET /repository/history?id=83 HTTP/1.1" 200 787
"GET /repository/history?id=81 HTTP/1.1" 200 812
"GET /repository/history?id=79 HTTP/1.1" 200 844
"GET /repository/history?id=78 HTTP/1.1" 200 858
"GET /repository/history?id=76 HTTP/1.1" 200 895
"GET /repository/history?id=75 HTTP/1.1" 200 774
"GET /repository/history?id=77 HTTP/1.1" 200 811
"POST /repository/search HTTP/1.1" 200 46447
"GET /repository/history?id=80 HTTP/1.1" 200 782
"GET /repository/history?id=83 HTTP/1.1" 200 787
"GET /repository/history?id=82 HTTP/1.1" 200 787
"GET /repository/history?id=79 HTTP/1.1" 200 844
"GET /repository/history?id=84 HTTP/1.1" 200 979
"GET /repository/history?id=81 HTTP/1.1" 200 812
"GET /repository/history?id=76 HTTP/1.1" 200 895
"GET /repository/history?id=78 HTTP/1.1" 200 858
"GET /repository/history?id=75 HTTP/1.1" 200 774
"GET /repository/history?id=77 HTTP/1.1" 200 811
尝试获取知识库 84 的复盘列表，页码: 1, 每页: 10
总共找到 0 条复盘记录
返回复盘列表，当前页: 1, 每页: 10, 总数: 0
"GET /repository/review/list?id=84&page=1&page_size=10 HTTP/1.1" 200 90
"GET /repository/comment/list?id=84&role_id=2&user_id=31&page=1&page_size=10 HTTP/1.1" 200 91
"GET /repository/detail?id=84 HTTP/1.1" 200 2569
"GET /repository/associated-events?id=84 HTTP/1.1" 200 286
"POST /repository/search HTTP/1.1" 200 26106
"GET /repository/history?id=61 HTTP/1.1" 200 890
"GET /repository/history?id=66 HTTP/1.1" 200 470
"GET /repository/history?id=64 HTTP/1.1" 200 464
"GET /repository/history?id=65 HTTP/1.1" 200 457
"GET /repository/history?id=62 HTTP/1.1" 200 476
"GET /repository/history?id=63 HTTP/1.1" 200 476
"GET /repository/history?id=57 HTTP/1.1" 200 1242
"GET /repository/history?id=58 HTTP/1.1" 200 1998
"GET /repository/history?id=59 HTTP/1.1" 200 891
"GET /repository/history?id=60 HTTP/1.1" 200 839
"POST /repository/search HTTP/1.1" 200 46447
"GET /repository/history?id=82 HTTP/1.1" 200 787
"GET /repository/history?id=81 HTTP/1.1" 200 812
"GET /repository/history?id=84 HTTP/1.1" 200 979
"GET /repository/history?id=83 HTTP/1.1" 200 787
"GET /repository/history?id=79 HTTP/1.1" 200 844
"GET /repository/history?id=80 HTTP/1.1" 200 782
"GET /repository/history?id=77 HTTP/1.1" 200 811
"GET /repository/history?id=78 HTTP/1.1" 200 858
"GET /repository/history?id=75 HTTP/1.1" 200 774
"GET /repository/history?id=76 HTTP/1.1" 200 895
"GET /repository/user/list HTTP/1.1" 200 1376
"GET /classify/list HTTP/1.1" 200 10434
"GET /event/event/list HTTP/1.1" 200 601
"GET /repository/dept/list HTTP/1.1" 200 488
"POST /repository/save HTTP/1.1" 200 5596
"POST /repository/search HTTP/1.1" 200 29220
"GET /repository/history?id=66 HTTP/1.1" 200 470
"GET /repository/history?id=65 HTTP/1.1" 200 457
"GET /repository/history?id=63 HTTP/1.1" 200 476
"GET /repository/history?id=64 HTTP/1.1" 200 464
"GET /repository/history?id=62 HTTP/1.1" 200 476
"GET /repository/history?id=85 HTTP/1.1" 200 930
"GET /repository/history?id=58 HTTP/1.1" 200 1998
"GET /repository/history?id=59 HTTP/1.1" 200 891
"GET /repository/history?id=60 HTTP/1.1" 200 839
"GET /repository/history?id=61 HTTP/1.1" 200 890
"POST /repository/search HTTP/1.1" 200 49531
"GET /repository/history?id=84 HTTP/1.1" 200 979
"GET /repository/history?id=85 HTTP/1.1" 200 930
"GET /repository/history?id=83 HTTP/1.1" 200 787
"GET /repository/history?id=81 HTTP/1.1" 200 812
"GET /repository/history?id=80 HTTP/1.1" 200 782
"GET /repository/history?id=82 HTTP/1.1" 200 787
"GET /repository/history?id=78 HTTP/1.1" 200 858
"GET /repository/history?id=79 HTTP/1.1" 200 844
"GET /repository/history?id=77 HTTP/1.1" 200 811
"GET /repository/history?id=76 HTTP/1.1" 200 895
"GET /repository/dept/list HTTP/1.1" 200 488
"GET /event/event/list HTTP/1.1" 200 601
"GET /repository/user/list HTTP/1.1" 200 1376
"GET /classify/list HTTP/1.1" 200 10434
"POST /repository/save HTTP/1.1" 200 3062
"POST /repository/search HTTP/1.1" 200 26686
"GET /repository/history?id=63 HTTP/1.1" 200 476
"GET /repository/history?id=64 HTTP/1.1" 200 464
"GET /repository/history?id=66 HTTP/1.1" 200 470
"GET /repository/history?id=62 HTTP/1.1" 200 476
"GET /repository/history?id=86 HTTP/1.1" 200 820
"GET /repository/history?id=65 HTTP/1.1" 200 457
"GET /repository/history?id=61 HTTP/1.1" 200 890
"GET /repository/history?id=60 HTTP/1.1" 200 839
"GET /repository/history?id=59 HTTP/1.1" 200 891
"GET /repository/history?id=58 HTTP/1.1" 200 1998
"POST /repository/search HTTP/1.1" 200 26106
"GET /repository/history?id=61 HTTP/1.1" 200 890
"GET /repository/history?id=66 HTTP/1.1" 200 470
"GET /repository/history?id=63 HTTP/1.1" 200 476
"GET /repository/history?id=62 HTTP/1.1" 200 476
"GET /repository/history?id=64 HTTP/1.1" 200 464
"GET /repository/history?id=65 HTTP/1.1" 200 457
"GET /repository/history?id=59 HTTP/1.1" 200 891
"GET /repository/history?id=60 HTTP/1.1" 200 839
"GET /repository/history?id=58 HTTP/1.1" 200 1998
"GET /repository/history?id=57 HTTP/1.1" 200 1242
"POST /repository/search HTTP/1.1" 200 41560
"GET /repository/history?id=73 HTTP/1.1" 200 1181
"GET /repository/history?id=71 HTTP/1.1" 200 860
"GET /repository/history?id=75 HTTP/1.1" 200 774
"GET /repository/history?id=74 HTTP/1.1" 200 773
"GET /repository/history?id=76 HTTP/1.1" 200 895
"GET /repository/history?id=72 HTTP/1.1" 200 1169
"GET /repository/history?id=67 HTTP/1.1" 200 485
"GET /repository/history?id=68 HTTP/1.1" 200 785
"GET /repository/history?id=70 HTTP/1.1" 200 817
"GET /repository/history?id=69 HTTP/1.1" 200 615
"POST /repository/search HTTP/1.1" 200 48101
"GET /repository/history?id=81 HTTP/1.1" 200 812
"GET /repository/history?id=85 HTTP/1.1" 200 930
"GET /repository/history?id=86 HTTP/1.1" 200 820
"GET /repository/history?id=82 HTTP/1.1" 200 787
"GET /repository/history?id=83 HTTP/1.1" 200 787
"GET /repository/history?id=84 HTTP/1.1" 200 979
"GET /repository/history?id=80 HTTP/1.1" 200 782
"GET /repository/history?id=78 HTTP/1.1" 200 858
"GET /repository/history?id=77 HTTP/1.1" 200 811
"GET /repository/history?id=79 HTTP/1.1" 200 844
"GET /event/event/list HTTP/1.1" 200 601
"GET /repository/dept/list HTTP/1.1" 200 488
"GET /classify/list HTTP/1.1" 200 10434
"GET /repository/user/list HTTP/1.1" 200 1376
"POST /repository/save HTTP/1.1" 200 13764
"POST /repository/search HTTP/1.1" 200 37388
"GET /repository/history?id=65 HTTP/1.1" 200 457
"GET /repository/history?id=64 HTTP/1.1" 200 464
"GET /repository/history?id=66 HTTP/1.1" 200 470
"GET /repository/history?id=87 HTTP/1.1" 200 890
"GET /repository/history?id=62 HTTP/1.1" 200 476
"GET /repository/history?id=63 HTTP/1.1" 200 476
"GET /repository/history?id=58 HTTP/1.1" 200 1998
"GET /repository/history?id=60 HTTP/1.1" 200 839
"GET /repository/history?id=61 HTTP/1.1" 200 890
"GET /repository/history?id=59 HTTP/1.1" 200 891
"POST /repository/search HTTP/1.1" 200 26106
"GET /repository/history?id=65 HTTP/1.1" 200 457
"GET /repository/history?id=66 HTTP/1.1" 200 470
"GET /repository/history?id=62 HTTP/1.1" 200 476
"GET /repository/history?id=63 HTTP/1.1" 200 476
"GET /repository/history?id=64 HTTP/1.1" 200 464
"GET /repository/history?id=61 HTTP/1.1" 200 890
"GET /repository/history?id=60 HTTP/1.1" 200 839
"GET /repository/history?id=59 HTTP/1.1" 200 891
"GET /repository/history?id=57 HTTP/1.1" 200 1242
"GET /repository/history?id=58 HTTP/1.1" 200 1998
"GET /repository/dept/list HTTP/1.1" 200 488
"GET /classify/list HTTP/1.1" 200 10434
"GET /repository/user/list HTTP/1.1" 200 1376
"GET /event/event/list HTTP/1.1" 200 601
"POST /repository/save HTTP/1.1" 200 8065
"POST /repository/search HTTP/1.1" 200 31689
"GET /repository/history?id=64 HTTP/1.1" 200 464
"GET /repository/history?id=62 HTTP/1.1" 200 476
"GET /repository/history?id=88 HTTP/1.1" 200 896
"GET /repository/history?id=65 HTTP/1.1" 200 457
"GET /repository/history?id=63 HTTP/1.1" 200 476
"GET /repository/history?id=66 HTTP/1.1" 200 470
"GET /repository/history?id=60 HTTP/1.1" 200 839
"GET /repository/history?id=61 HTTP/1.1" 200 890
"GET /repository/history?id=59 HTTP/1.1" 200 891
"GET /repository/history?id=58 HTTP/1.1" 200 1998
"POST /repository/search HTTP/1.1" 200 26106
"GET /repository/history?id=65 HTTP/1.1" 200 457
"GET /repository/history?id=63 HTTP/1.1" 200 476
"GET /repository/history?id=66 HTTP/1.1" 200 470
"GET /repository/history?id=61 HTTP/1.1" 200 890
"GET /repository/history?id=62 HTTP/1.1" 200 476
"GET /repository/history?id=64 HTTP/1.1" 200 464
"GET /repository/history?id=59 HTTP/1.1" 200 891
"GET /repository/history?id=58 HTTP/1.1" 200 1998
"GET /repository/history?id=60 HTTP/1.1" 200 839
"GET /repository/history?id=57 HTTP/1.1" 200 1242
"POST /repository/search HTTP/1.1" 200 59582
"GET /repository/history?id=83 HTTP/1.1" 200 787
"GET /repository/history?id=85 HTTP/1.1" 200 930
"GET /repository/history?id=84 HTTP/1.1" 200 979
"GET /repository/history?id=87 HTTP/1.1" 200 890
"GET /repository/history?id=88 HTTP/1.1" 200 896
"GET /repository/history?id=86 HTTP/1.1" 200 820
"GET /repository/history?id=80 HTTP/1.1" 200 782
"GET /repository/history?id=79 HTTP/1.1" 200 844
"GET /repository/history?id=81 HTTP/1.1" 200 812
"GET /repository/history?id=82 HTTP/1.1" 200 787
"POST /repository/search HTTP/1.1" 200 40400
"GET /repository/history?id=77 HTTP/1.1" 200 811
"GET /repository/history?id=78 HTTP/1.1" 200 858
"GET /repository/history?id=76 HTTP/1.1" 200 895
"GET /repository/history?id=75 HTTP/1.1" 200 774
"GET /repository/history?id=73 HTTP/1.1" 200 1181
"GET /repository/history?id=74 HTTP/1.1" 200 773
"GET /repository/history?id=71 HTTP/1.1" 200 860
"GET /repository/history?id=70 HTTP/1.1" 200 817
"GET /repository/history?id=72 HTTP/1.1" 200 1169
"GET /repository/history?id=69 HTTP/1.1" 200 615
"POST /repository/search HTTP/1.1" 200 59582
"GET /repository/history?id=85 HTTP/1.1" 200 930
"GET /repository/history?id=86 HTTP/1.1" 200 820
"GET /repository/history?id=83 HTTP/1.1" 200 787
"GET /repository/history?id=84 HTTP/1.1" 200 979
"GET /repository/history?id=87 HTTP/1.1" 200 890
"GET /repository/history?id=88 HTTP/1.1" 200 896
"GET /repository/history?id=79 HTTP/1.1" 200 844
"GET /repository/history?id=82 HTTP/1.1" 200 787
"GET /repository/history?id=81 HTTP/1.1" 200 812
"GET /repository/history?id=80 HTTP/1.1" 200 782
"GET /repository/user/list HTTP/1.1" 200 1376
"GET /classify/list HTTP/1.1" 200 10434
"GET /repository/dept/list HTTP/1.1" 200 488
"GET /event/event/list HTTP/1.1" 200 601
"POST /repository/save HTTP/1.1" 200 8502
"POST /repository/search HTTP/1.1" 200 32126
"GET /repository/history?id=62 HTTP/1.1" 200 476
"GET /repository/history?id=65 HTTP/1.1" 200 457
"GET /repository/history?id=89 HTTP/1.1" 200 904
"GET /repository/history?id=64 HTTP/1.1" 200 464
"GET /repository/history?id=63 HTTP/1.1" 200 476
"GET /repository/history?id=66 HTTP/1.1" 200 470
"GET /repository/history?id=59 HTTP/1.1" 200 891
"GET /repository/history?id=61 HTTP/1.1" 200 890
"GET /repository/history?id=60 HTTP/1.1" 200 839
"GET /repository/history?id=58 HTTP/1.1" 200 1998
"GET /classify/list HTTP/1.1" 200 10434
"GET /repository/user/list HTTP/1.1" 200 1376
"GET /repository/dept/list HTTP/1.1" 200 488
"GET /event/event/list HTTP/1.1" 200 601
"POST /repository/save HTTP/1.1" 200 2559
"POST /repository/search HTTP/1.1" 200 26183
"GET /repository/history?id=65 HTTP/1.1" 200 457
"GET /repository/history?id=62 HTTP/1.1" 200 476
"GET /repository/history?id=90 HTTP/1.1" 200 590
"GET /repository/history?id=66 HTTP/1.1" 200 470
"GET /repository/history?id=63 HTTP/1.1" 200 476
"GET /repository/history?id=64 HTTP/1.1" 200 464
"GET /repository/history?id=58 HTTP/1.1" 200 1998
"GET /repository/history?id=59 HTTP/1.1" 200 891
"GET /repository/history?id=60 HTTP/1.1" 200 839
"GET /repository/history?id=61 HTTP/1.1" 200 890
登录请求 - 用户名: admin, 请求方法: POST
找到用户: admin, 用户ID: 1, 用户状态: 1
密码验证结果: True
"POST /user/login?username=admin&password=1234567&rememberMe=true HTTP/1.1" 200 6747
"POST /repository/search HTTP/1.1" 200 26106
"GET /repository/history?id=65 HTTP/1.1" 200 457
"GET /repository/history?id=61 HTTP/1.1" 200 890
"GET /repository/history?id=62 HTTP/1.1" 200 476
"GET /repository/history?id=66 HTTP/1.1" 200 470
"GET /repository/history?id=63 HTTP/1.1" 200 476
"GET /repository/history?id=64 HTTP/1.1" 200 464
"GET /repository/history?id=60 HTTP/1.1" 200 839
"GET /repository/history?id=57 HTTP/1.1" 200 1242
"GET /repository/history?id=59 HTTP/1.1" 200 891
"GET /repository/history?id=58 HTTP/1.1" 200 1998
"POST /repository/search HTTP/1.1" 200 26106
"GET /repository/history?id=65 HTTP/1.1" 200 457
"GET /repository/history?id=66 HTTP/1.1" 200 470
"GET /repository/history?id=64 HTTP/1.1" 200 464
"GET /repository/history?id=63 HTTP/1.1" 200 476
"GET /repository/history?id=62 HTTP/1.1" 200 476
"GET /repository/history?id=61 HTTP/1.1" 200 890
"GET /repository/history?id=59 HTTP/1.1" 200 891
"GET /repository/history?id=60 HTTP/1.1" 200 839
"GET /repository/history?id=58 HTTP/1.1" 200 1998
"GET /repository/history?id=57 HTTP/1.1" 200 1242
"POST /repository/search HTTP/1.1" 200 26106
"GET /repository/history?id=61 HTTP/1.1" 200 890
"GET /repository/history?id=64 HTTP/1.1" 200 464
"GET /repository/history?id=65 HTTP/1.1" 200 457
"GET /repository/history?id=62 HTTP/1.1" 200 476
"GET /repository/history?id=63 HTTP/1.1" 200 476
"GET /repository/history?id=66 HTTP/1.1" 200 470
"GET /repository/history?id=60 HTTP/1.1" 200 839
"GET /repository/history?id=59 HTTP/1.1" 200 891
"GET /repository/history?id=58 HTTP/1.1" 200 1998
"GET /repository/history?id=57 HTTP/1.1" 200 1242
"POST /repository/search HTTP/1.1" 200 60549
"GET /repository/history?id=57 HTTP/1.1" 200 1242
"GET /repository/history?id=56 HTTP/1.1" 200 924
"GET /repository/history?id=60 HTTP/1.1" 200 839
"GET /repository/history?id=90 HTTP/1.1" 200 590
"GET /repository/history?id=61 HTTP/1.1" 200 890
"GET /repository/history?id=59 HTTP/1.1" 200 891
"GET /repository/history?id=89 HTTP/1.1" 200 904
"GET /repository/history?id=52 HTTP/1.1" 200 943
"GET /repository/history?id=87 HTTP/1.1" 200 890
"GET /repository/history?id=88 HTTP/1.1" 200 896
"POST /repository/search HTTP/1.1" 200 60549
"GET /repository/history?id=90 HTTP/1.1" 200 590
"GET /repository/history?id=56 HTTP/1.1" 200 924
"GET /repository/history?id=61 HTTP/1.1" 200 890
"GET /repository/history?id=60 HTTP/1.1" 200 839
"GET /repository/history?id=57 HTTP/1.1" 200 1242
"GET /repository/history?id=59 HTTP/1.1" 200 891
"GET /repository/history?id=88 HTTP/1.1" 200 896
"GET /repository/history?id=89 HTTP/1.1" 200 904
"GET /repository/history?id=52 HTTP/1.1" 200 943
"GET /repository/history?id=87 HTTP/1.1" 200 890
"POST /repository/search HTTP/1.1" 200 60549
"GET /repository/history?id=60 HTTP/1.1" 200 839
"GET /repository/history?id=56 HTTP/1.1" 200 924
"GET /repository/history?id=88 HTTP/1.1" 200 896
"GET /repository/history?id=59 HTTP/1.1" 200 891
"GET /repository/history?id=90 HTTP/1.1" 200 590
"GET /repository/history?id=89 HTTP/1.1" 200 904
"GET /repository/history?id=52 HTTP/1.1" 200 943
"GET /repository/history?id=57 HTTP/1.1" 200 1242
"GET /repository/history?id=87 HTTP/1.1" 200 890
"GET /repository/history?id=61 HTTP/1.1" 200 890
"POST /classify/search HTTP/1.1" 200 2051
"POST /event/search HTTP/1.1" 200 1746
"DELETE /event/action HTTP/1.1" 200 13
"POST /event/search HTTP/1.1" 200 1315
"DELETE /event/action HTTP/1.1" 200 13
"POST /event/search HTTP/1.1" 200 874
"GET /event/dept/list HTTP/1.1" 200 488
"GET /event/user/list HTTP/1.1" 200 1376
"GET /event/action?id=3 HTTP/1.1" 200 451
"POST /event/search HTTP/1.1" 200 874
登录请求 - 用户名: chenyong, 请求方法: POST
找到用户: chenyong, 用户ID: 27, 用户状态: 1
密码验证结果: True
"POST /user/login?username=chenyong&password=123456&rememberMe=true HTTP/1.1" 200 2006
"POST /repository/search HTTP/1.1" 200 26106
"GET /repository/history?id=57 HTTP/1.1" 200 1242
"GET /repository/history?id=58 HTTP/1.1" 200 1998
"GET /repository/history?id=59 HTTP/1.1" 200 891
"GET /repository/history?id=66 HTTP/1.1" 200 470
"GET /repository/history?id=60 HTTP/1.1" 200 839
"GET /repository/history?id=61 HTTP/1.1" 200 890
"GET /repository/history?id=65 HTTP/1.1" 200 457
"GET /repository/history?id=63 HTTP/1.1" 200 476
"GET /repository/history?id=64 HTTP/1.1" 200 464
"GET /repository/history?id=62 HTTP/1.1" 200 476
"GET /files/list/?page=1&page_size=10 HTTP/1.1" 200 4201
"POST /repository/search HTTP/1.1" 200 26106
"GET /repository/history?id=59 HTTP/1.1" 200 891
"GET /repository/history?id=58 HTTP/1.1" 200 1998
"GET /repository/history?id=66 HTTP/1.1" 200 470
"GET /repository/history?id=60 HTTP/1.1" 200 839
"GET /repository/history?id=57 HTTP/1.1" 200 1242
"GET /repository/history?id=61 HTTP/1.1" 200 890
"GET /repository/history?id=65 HTTP/1.1" 200 457
"GET /repository/history?id=62 HTTP/1.1" 200 476
"GET /repository/history?id=63 HTTP/1.1" 200 476
"GET /repository/history?id=64 HTTP/1.1" 200 464
登录请求 - 用户名: lidanfen, 请求方法: POST
找到用户: lidanfen, 用户ID: 28, 用户状态: 1
密码验证结果: True
"POST /user/login?username=lidanfen&password=123456&rememberMe=true HTTP/1.1" 200 5781
"POST /user/search HTTP/1.1" 200 8838
页面大小: 10, 页码: 1
"POST /role/search HTTP/1.1" 200 1819
菜单查询集: <QuerySet [<SysMenu: SysMenu object (3)>, <SysMenu: SysMenu object (1)>, <SysMenu: SysMenu object (31)>, <SysMenu: SysMenu object (11)>, <SysMenu: SysMenu object (27)>, <SysMenu: SysMenu object (22)>, <SysMenu: SysMenu object (2)>, <SysMenu: SysMenu object (4)>, <SysMenu: SysMenu object (32)>, <SysMenu: SysMenu object (28)>, <SysMenu: SysMenu object (23)>, <SysMenu: SysMenu object (33)>, <SysMenu: SysMenu object (29)>, <SysMenu: SysMenu object (24)>, <SysMenu: SysMenu object (14)>, <SysMenu: SysMenu object (5)>, <SysMenu: SysMenu object (17)>, <SysMenu: SysMenu object (25)>, <SysMenu: SysMenu object (6)>, <SysMenu: SysMenu object (26)>, '...(remaining elements truncated)...']>
菜单树结果: [<SysMenu: SysMenu object (1)>, <SysMenu: SysMenu object (2)>, <SysMenu: SysMenu object (30)>]
"GET /menu/treeList HTTP/1.1" 200 5810
"GET /department/treeList HTTP/1.1" 200 2344
"POST /post/search HTTP/1.1" 200 1638
"POST /level/search HTTP/1.1" 200 634
"POST /classify/search HTTP/1.1" 200 2051
"POST /event/search HTTP/1.1" 200 874
"POST /event/assignment/history HTTP/1.1" 200 2159
"POST /event/assignment/history HTTP/1.1" 200 2159
"POST /event/search HTTP/1.1" 200 874
登录请求 - 用户名: xiexiang, 请求方法: POST
找到用户: xiexiang, 用户ID: 29, 用户状态: 1
密码验证结果: True
"POST /user/login?username=xiexiang&password=123456&rememberMe=true HTTP/1.1" 200 2654
"POST /event/search HTTP/1.1" 200 874
"POST /repository/search HTTP/1.1" 200 26106
"GET /repository/history?id=58 HTTP/1.1" 200 1998
"GET /repository/history?id=57 HTTP/1.1" 200 1242
"GET /repository/history?id=61 HTTP/1.1" 200 890
"GET /repository/history?id=60 HTTP/1.1" 200 839
"GET /repository/history?id=66 HTTP/1.1" 200 470
"GET /repository/history?id=59 HTTP/1.1" 200 891
"GET /repository/history?id=63 HTTP/1.1" 200 476
"GET /repository/history?id=64 HTTP/1.1" 200 464
"GET /repository/history?id=65 HTTP/1.1" 200 457
"GET /repository/history?id=62 HTTP/1.1" 200 476
"GET /files/list/?page=1&page_size=10 HTTP/1.1" 200 4201
"POST /repository/search HTTP/1.1" 200 26106
"GET /repository/history?id=59 HTTP/1.1" 200 891
"GET /repository/history?id=60 HTTP/1.1" 200 839
"GET /repository/history?id=66 HTTP/1.1" 200 470
"GET /repository/history?id=57 HTTP/1.1" 200 1242
"GET /repository/history?id=58 HTTP/1.1" 200 1998
"GET /repository/history?id=61 HTTP/1.1" 200 890
"GET /repository/history?id=65 HTTP/1.1" 200 457
"GET /repository/history?id=64 HTTP/1.1" 200 464
"GET /repository/history?id=63 HTTP/1.1" 200 476
"GET /repository/history?id=62 HTTP/1.1" 200 476
登录请求 - 用户名: liangdongdong, 请求方法: POST
找到用户: liangdongdong, 用户ID: 30, 用户状态: 1
密码验证结果: True
"POST /user/login?username=liangdongdong&password=123456&rememberMe=true HTTP/1.1" 200 2330
"POST /repository/search HTTP/1.1" 200 46576
"GET /repository/history?id=60 HTTP/1.1" 200 839
"GET /repository/history?id=57 HTTP/1.1" 200 1242
"GET /repository/history?id=59 HTTP/1.1" 200 891
"GET /repository/history?id=61 HTTP/1.1" 200 890
"GET /repository/history?id=56 HTTP/1.1" 200 924
"GET /repository/history?id=52 HTTP/1.1" 200 943
"GET /repository/history?id=54 HTTP/1.1" 200 939
"GET /repository/history?id=58 HTTP/1.1" 200 1998
"GET /repository/history?id=55 HTTP/1.1" 200 1625
"GET /repository/history?id=53 HTTP/1.1" 200 956
"POST /repository/search HTTP/1.1" 200 4971
"GET /repository/history?id=66 HTTP/1.1" 200 470
"GET /repository/history?id=65 HTTP/1.1" 200 457
"GET /repository/history?id=62 HTTP/1.1" 200 476
"GET /repository/history?id=63 HTTP/1.1" 200 476
"GET /repository/history?id=64 HTTP/1.1" 200 464
"POST /repository/search HTTP/1.1" 200 46576
"GET /repository/history?id=60 HTTP/1.1" 200 839
"GET /repository/history?id=57 HTTP/1.1" 200 1242
"GET /repository/history?id=59 HTTP/1.1" 200 891
"GET /repository/history?id=56 HTTP/1.1" 200 924
"GET /repository/history?id=61 HTTP/1.1" 200 890
"GET /repository/history?id=52 HTTP/1.1" 200 943
"GET /repository/history?id=58 HTTP/1.1" 200 1998
"GET /repository/history?id=53 HTTP/1.1" 200 956
"GET /repository/history?id=54 HTTP/1.1" 200 939
"GET /repository/history?id=55 HTTP/1.1" 200 1625
登录请求 - 用户名: wangchengjie, 请求方法: POST
找到用户: wangchengjie, 用户ID: 31, 用户状态: 1
密码验证结果: True
"POST /user/login?username=wangchengjie&password=123456&rememberMe=true HTTP/1.1" 200 2966
"POST /user/updateUserPwd HTTP/1.1" 200 13
登录请求 - 用户名: wangchengjie, 请求方法: POST
找到用户: wangchengjie, 用户ID: 31, 用户状态: 1
密码验证结果: True
"POST /user/login?username=wangchengjie&password=20250522&rememberMe=true HTTP/1.1" 200 2966
"POST /event/search HTTP/1.1" 200 874
"POST /blacklist/search HTTP/1.1" 200 3855
"POST /repository/search HTTP/1.1" 200 58658
"GET /repository/history?id=57 HTTP/1.1" 200 1242
"GET /repository/history?id=88 HTTP/1.1" 200 896
"GET /repository/history?id=60 HTTP/1.1" 200 839
"GET /repository/history?id=89 HTTP/1.1" 200 904
"GET /repository/history?id=59 HTTP/1.1" 200 891
"GET /repository/history?id=90 HTTP/1.1" 200 590
"GET /repository/history?id=58 HTTP/1.1" 200 1998
"GET /repository/history?id=86 HTTP/1.1" 200 820
"GET /repository/history?id=61 HTTP/1.1" 200 890
"GET /repository/history?id=87 HTTP/1.1" 200 890
"POST /repository/search HTTP/1.1" 200 20414
"GET /repository/history?id=67 HTTP/1.1" 200 485
"GET /repository/history?id=69 HTTP/1.1" 200 615
"GET /repository/history?id=70 HTTP/1.1" 200 817
"GET /repository/history?id=68 HTTP/1.1" 200 785
"POST /repository/search HTTP/1.1" 200 21320
"GET /repository/history?id=63 HTTP/1.1" 200 476
"GET /repository/history?id=65 HTTP/1.1" 200 457
"GET /repository/history?id=62 HTTP/1.1" 200 476
"GET /repository/history?id=75 HTTP/1.1" 200 774
"GET /repository/history?id=64 HTTP/1.1" 200 464
"GET /repository/history?id=66 HTTP/1.1" 200 470
"GET /repository/history?id=73 HTTP/1.1" 200 1181
"GET /repository/history?id=74 HTTP/1.1" 200 773
"GET /repository/history?id=71 HTTP/1.1" 200 860
"GET /repository/history?id=72 HTTP/1.1" 200 1169
"POST /repository/search HTTP/1.1" 200 58658
"GET /repository/history?id=89 HTTP/1.1" 200 904
"GET /repository/history?id=59 HTTP/1.1" 200 891
"GET /repository/history?id=90 HTTP/1.1" 200 590
"GET /repository/history?id=88 HTTP/1.1" 200 896
"GET /repository/history?id=60 HTTP/1.1" 200 839
"GET /repository/history?id=57 HTTP/1.1" 200 1242
"GET /repository/history?id=58 HTTP/1.1" 200 1998
"GET /repository/history?id=61 HTTP/1.1" 200 890
"GET /repository/history?id=86 HTTP/1.1" 200 820
"GET /repository/history?id=87 HTTP/1.1" 200 890
登录请求 - 用户名: niushuqing, 请求方法: POST
找到用户: niushuqing, 用户ID: 32, 用户状态: 1
密码验证结果: True
"POST /user/login?username=niushuqing&password=123456&rememberMe=true HTTP/1.1" 200 3300
"POST /event/search HTTP/1.1" 200 874
"POST /manhour/search HTTP/1.1" 200 9586
"POST /repository/search HTTP/1.1" 200 26106
"GET /repository/history?id=58 HTTP/1.1" 200 1998
"GET /repository/history?id=66 HTTP/1.1" 200 470
"GET /repository/history?id=60 HTTP/1.1" 200 839
"GET /repository/history?id=57 HTTP/1.1" 200 1242
"GET /repository/history?id=61 HTTP/1.1" 200 890
"GET /repository/history?id=59 HTTP/1.1" 200 891
"GET /repository/history?id=63 HTTP/1.1" 200 476
"GET /repository/history?id=65 HTTP/1.1" 200 457
"GET /repository/history?id=64 HTTP/1.1" 200 464
"GET /repository/history?id=62 HTTP/1.1" 200 476
"POST /items/search HTTP/1.1" 200 2016
"GET /files/list/?page=1&page_size=10 HTTP/1.1" 200 4201
"POST /items/search HTTP/1.1" 200 2016
"POST /repository/search HTTP/1.1" 200 26106
"GET /repository/history?id=59 HTTP/1.1" 200 891
"GET /repository/history?id=57 HTTP/1.1" 200 1242
"GET /repository/history?id=66 HTTP/1.1" 200 470
"GET /repository/history?id=60 HTTP/1.1" 200 839
"GET /repository/history?id=61 HTTP/1.1" 200 890
"GET /repository/history?id=58 HTTP/1.1" 200 1998
"GET /repository/history?id=65 HTTP/1.1" 200 457
"GET /repository/history?id=64 HTTP/1.1" 200 464
"GET /repository/history?id=62 HTTP/1.1" 200 476
"GET /repository/history?id=63 HTTP/1.1" 200 476
"POST /items/search HTTP/1.1" 200 2016
"GET /files/list/?page=1&page_size=10 HTTP/1.1" 200 4201
登录请求 - 用户名: fangzheng, 请求方法: POST
找到用户: fangzheng, 用户ID: 33, 用户状态: 1
密码验证结果: True
"POST /user/login?username=fangzheng&password=123456&rememberMe=true HTTP/1.1" 200 2992
"POST /event/search HTTP/1.1" 200 874
"POST /repository/search HTTP/1.1" 200 26106
"GET /repository/history?id=61 HTTP/1.1" 200 890
"GET /repository/history?id=58 HTTP/1.1" 200 1998
"GET /repository/history?id=59 HTTP/1.1" 200 891
"GET /repository/history?id=60 HTTP/1.1" 200 839
"GET /repository/history?id=57 HTTP/1.1" 200 1242
"GET /repository/history?id=66 HTTP/1.1" 200 470
"GET /repository/history?id=63 HTTP/1.1" 200 476
"GET /repository/history?id=62 HTTP/1.1" 200 476
"GET /repository/history?id=65 HTTP/1.1" 200 457
"GET /repository/history?id=64 HTTP/1.1" 200 464
"POST /manhour/search HTTP/1.1" 200 7305
"GET /files/list/?page=1&page_size=10 HTTP/1.1" 200 4201
"POST /repository/search HTTP/1.1" 200 26106
"GET /repository/history?id=57 HTTP/1.1" 200 1242
"GET /repository/history?id=61 HTTP/1.1" 200 890
"GET /repository/history?id=59 HTTP/1.1" 200 891
"GET /repository/history?id=58 HTTP/1.1" 200 1998
"GET /repository/history?id=60 HTTP/1.1" 200 839
"GET /repository/history?id=66 HTTP/1.1" 200 470
"GET /repository/history?id=64 HTTP/1.1" 200 464
"GET /repository/history?id=63 HTTP/1.1" 200 476
"GET /repository/history?id=65 HTTP/1.1" 200 457
"GET /repository/history?id=62 HTTP/1.1" 200 476
登录请求 - 用户名: lixiang, 请求方法: POST
找到用户: lixiang, 用户ID: 34, 用户状态: 1
密码验证结果: True
"POST /user/login?username=lixiang&password=123456&rememberMe=true HTTP/1.1" 200 2344
"POST /manhour/search HTTP/1.1" 200 13365
"POST /repository/search HTTP/1.1" 200 26106
"GET /repository/history?id=66 HTTP/1.1" 200 470
"GET /repository/history?id=60 HTTP/1.1" 200 839
"GET /repository/history?id=58 HTTP/1.1" 200 1998
"GET /repository/history?id=59 HTTP/1.1" 200 891
"GET /repository/history?id=61 HTTP/1.1" 200 890
"GET /repository/history?id=57 HTTP/1.1" 200 1242
"GET /repository/history?id=64 HTTP/1.1" 200 464
"GET /repository/history?id=65 HTTP/1.1" 200 457
"GET /repository/history?id=62 HTTP/1.1" 200 476
"GET /repository/history?id=63 HTTP/1.1" 200 476
"GET /files/list/?page=1&page_size=10 HTTP/1.1" 200 4201
"POST /user/updateUserPwd HTTP/1.1" 200 13
登录请求 - 用户名: lixiang, 请求方法: POST
找到用户: lixiang, 用户ID: 34, 用户状态: 1
密码验证结果: True
"POST /user/login?username=lixiang&password=%40123456&rememberMe=true HTTP/1.1" 200 2344
登录请求 - 用户名: wangchao, 请求方法: POST
找到用户: wangchao, 用户ID: 35, 用户状态: 1
密码验证结果: True
"POST /user/login?username=wangchao&password=123456&rememberMe=true HTTP/1.1" 200 2346
"POST /manhour/search HTTP/1.1" 200 9375
"POST /repository/search HTTP/1.1" 200 26106
"GET /repository/history?id=59 HTTP/1.1" 200 891
"GET /repository/history?id=60 HTTP/1.1" 200 839
"GET /repository/history?id=61 HTTP/1.1" 200 890
"GET /repository/history?id=57 HTTP/1.1" 200 1242
"GET /repository/history?id=66 HTTP/1.1" 200 470
"GET /repository/history?id=58 HTTP/1.1" 200 1998
"GET /repository/history?id=65 HTTP/1.1" 200 457
"GET /repository/history?id=64 HTTP/1.1" 200 464
"GET /repository/history?id=62 HTTP/1.1" 200 476
"GET /repository/history?id=63 HTTP/1.1" 200 476
"GET /files/list/?page=1&page_size=10 HTTP/1.1" 200 4201
"POST /repository/search HTTP/1.1" 200 26106
"GET /repository/history?id=60 HTTP/1.1" 200 839
"GET /repository/history?id=61 HTTP/1.1" 200 890
"GET /repository/history?id=57 HTTP/1.1" 200 1242
"GET /repository/history?id=66 HTTP/1.1" 200 470
"GET /repository/history?id=59 HTTP/1.1" 200 891
"GET /repository/history?id=58 HTTP/1.1" 200 1998
"GET /repository/history?id=65 HTTP/1.1" 200 457
"GET /repository/history?id=62 HTTP/1.1" 200 476
"GET /repository/history?id=64 HTTP/1.1" 200 464
"GET /repository/history?id=63 HTTP/1.1" 200 476
登录请求 - 用户名: yangling, 请求方法: POST
找到用户: yangling, 用户ID: 36, 用户状态: 1
密码验证结果: True
"POST /user/login?username=yangling&password=123456&rememberMe=true HTTP/1.1" 200 2334
"POST /manhour/search HTTP/1.1" 200 9889
"POST /repository/search HTTP/1.1" 200 26106
"GET /repository/history?id=57 HTTP/1.1" 200 1242
"GET /repository/history?id=66 HTTP/1.1" 200 470
"GET /repository/history?id=58 HTTP/1.1" 200 1998
"GET /repository/history?id=61 HTTP/1.1" 200 890
"GET /repository/history?id=59 HTTP/1.1" 200 891
"GET /repository/history?id=60 HTTP/1.1" 200 839
"GET /repository/history?id=64 HTTP/1.1" 200 464
"GET /repository/history?id=65 HTTP/1.1" 200 457
"GET /repository/history?id=62 HTTP/1.1" 200 476
"GET /repository/history?id=63 HTTP/1.1" 200 476
"GET /files/list/?page=1&page_size=10 HTTP/1.1" 200 4201
"POST /manhour/search HTTP/1.1" 200 9889
"POST /repository/search HTTP/1.1" 200 26106
"GET /repository/history?id=57 HTTP/1.1" 200 1242
"GET /repository/history?id=66 HTTP/1.1" 200 470
"GET /repository/history?id=59 HTTP/1.1" 200 891
"GET /repository/history?id=60 HTTP/1.1" 200 839
"GET /repository/history?id=61 HTTP/1.1" 200 890
"GET /repository/history?id=58 HTTP/1.1" 200 1998
"GET /repository/history?id=62 HTTP/1.1" 200 476
"GET /repository/history?id=64 HTTP/1.1" 200 464
"GET /repository/history?id=65 HTTP/1.1" 200 457
"GET /repository/history?id=63 HTTP/1.1" 200 476
登录请求 - 用户名: zhangyongpeng, 请求方法: POST
找到用户: zhangyongpeng, 用户ID: 37, 用户状态: 1
密码验证结果: True
"POST /user/login?username=zhangyongpeng&password=123456&rememberMe=true HTTP/1.1" 200 2368
"POST /manhour/search HTTP/1.1" 200 10012
"POST /repository/search HTTP/1.1" 200 26106
"GET /repository/history?id=66 HTTP/1.1" 200 470
"GET /repository/history?id=61 HTTP/1.1" 200 890
"GET /repository/history?id=57 HTTP/1.1" 200 1242
"GET /repository/history?id=59 HTTP/1.1" 200 891
"GET /repository/history?id=58 HTTP/1.1" 200 1998
"GET /repository/history?id=60 HTTP/1.1" 200 839
"GET /repository/history?id=63 HTTP/1.1" 200 476
"GET /repository/history?id=65 HTTP/1.1" 200 457
"GET /repository/history?id=62 HTTP/1.1" 200 476
"GET /repository/history?id=64 HTTP/1.1" 200 464
"GET /files/list/?page=1&page_size=10 HTTP/1.1" 200 4201
"POST /repository/search HTTP/1.1" 200 26106
"GET /repository/history?id=60 HTTP/1.1" 200 839
"GET /repository/history?id=57 HTTP/1.1" 200 1242
"GET /repository/history?id=58 HTTP/1.1" 200 1998
"GET /repository/history?id=59 HTTP/1.1" 200 891
"GET /repository/history?id=61 HTTP/1.1" 200 890
"GET /repository/history?id=66 HTTP/1.1" 200 470
"GET /repository/history?id=65 HTTP/1.1" 200 457
"GET /repository/history?id=62 HTTP/1.1" 200 476
"GET /repository/history?id=63 HTTP/1.1" 200 476
"GET /repository/history?id=64 HTTP/1.1" 200 464
"POST /manhour/search HTTP/1.1" 200 10012
"POST /repository/search HTTP/1.1" 200 26106
"GET /repository/history?id=57 HTTP/1.1" 200 1242
"GET /repository/history?id=65 HTTP/1.1" 200 457
"GET /repository/history?id=60 HTTP/1.1" 200 839
"GET /repository/history?id=61 HTTP/1.1" 200 890
"GET /repository/history?id=58 HTTP/1.1" 200 1998
"GET /repository/history?id=59 HTTP/1.1" 200 891
"GET /repository/history?id=63 HTTP/1.1" 200 476
"GET /repository/history?id=66 HTTP/1.1" 200 470
"GET /repository/history?id=64 HTTP/1.1" 200 464
"GET /repository/history?id=62 HTTP/1.1" 200 476
"POST /repository/search HTTP/1.1" 200 26106
"GET /repository/history?id=61 HTTP/1.1" 200 890
"GET /repository/history?id=60 HTTP/1.1" 200 839
"GET /repository/history?id=58 HTTP/1.1" 200 1998
"GET /repository/history?id=59 HTTP/1.1" 200 891
"GET /repository/history?id=57 HTTP/1.1" 200 1242
"GET /repository/history?id=66 HTTP/1.1" 200 470
"GET /repository/history?id=64 HTTP/1.1" 200 464
"GET /repository/history?id=65 HTTP/1.1" 200 457
"GET /repository/history?id=63 HTTP/1.1" 200 476
"GET /repository/history?id=62 HTTP/1.1" 200 476
"POST /manhour/search HTTP/1.1" 200 10012
登录请求 - 用户名: yangrongji, 请求方法: POST
找到用户: yangrongji, 用户ID: 38, 用户状态: 1
密码验证结果: True
"POST /user/login?username=yangrongji&password=123456&rememberMe=true HTTP/1.1" 200 2652
"POST /event/search HTTP/1.1" 200 874
"POST /repository/search HTTP/1.1" 200 26106
"GET /repository/history?id=60 HTTP/1.1" 200 839
"GET /repository/history?id=57 HTTP/1.1" 200 1242
"GET /repository/history?id=58 HTTP/1.1" 200 1998
"GET /repository/history?id=66 HTTP/1.1" 200 470
"GET /repository/history?id=59 HTTP/1.1" 200 891
"GET /repository/history?id=61 HTTP/1.1" 200 890
"GET /repository/history?id=64 HTTP/1.1" 200 464
"GET /repository/history?id=63 HTTP/1.1" 200 476
"GET /repository/history?id=65 HTTP/1.1" 200 457
"GET /repository/history?id=62 HTTP/1.1" 200 476
"GET /files/list/?page=1&page_size=10 HTTP/1.1" 200 4201
登录请求 - 用户名: luwenwen, 请求方法: POST
找到用户: luwenwen, 用户ID: 39, 用户状态: 1
密码验证结果: True
"POST /user/login?username=luwenwen&password=123456&rememberMe=true HTTP/1.1" 200 2004
"POST /repository/search HTTP/1.1" 200 26106
"GET /repository/history?id=59 HTTP/1.1" 200 891
"GET /repository/history?id=58 HTTP/1.1" 200 1998
"GET /repository/history?id=61 HTTP/1.1" 200 890
"GET /repository/history?id=66 HTTP/1.1" 200 470
"GET /repository/history?id=57 HTTP/1.1" 200 1242
"GET /repository/history?id=60 HTTP/1.1" 200 839
"GET /repository/history?id=65 HTTP/1.1" 200 457
"GET /repository/history?id=64 HTTP/1.1" 200 464
"GET /repository/history?id=62 HTTP/1.1" 200 476
"GET /repository/history?id=63 HTTP/1.1" 200 476
"GET /files/list/?page=1&page_size=10 HTTP/1.1" 200 4201
登录请求 - 用户名: luzhen, 请求方法: POST
找到用户: luzhen, 用户ID: 40, 用户状态: 1
密码验证结果: True
"POST /user/login?username=luzhen&password=123456&rememberMe=true HTTP/1.1" 200 1994
"POST /repository/search HTTP/1.1" 200 26106
"GET /repository/history?id=66 HTTP/1.1" 200 470
"GET /repository/history?id=57 HTTP/1.1" 200 1242
"GET /repository/history?id=58 HTTP/1.1" 200 1998
"GET /repository/history?id=59 HTTP/1.1" 200 891
"GET /repository/history?id=60 HTTP/1.1" 200 839
"GET /repository/history?id=61 HTTP/1.1" 200 890
"GET /repository/history?id=62 HTTP/1.1" 200 476
"GET /repository/history?id=63 HTTP/1.1" 200 476
"GET /repository/history?id=65 HTTP/1.1" 200 457
"GET /repository/history?id=64 HTTP/1.1" 200 464
"GET /files/list/?page=1&page_size=10 HTTP/1.1" 200 4201
登录请求 - 用户名: mada, 请求方法: POST
找到用户: mada, 用户ID: 41, 用户状态: 1
密码验证结果: True
"POST /user/login?username=mada&password=123456&rememberMe=true HTTP/1.1" 200 1990
"POST /repository/search HTTP/1.1" 200 26106
"GET /repository/history?id=59 HTTP/1.1" 200 891
"GET /repository/history?id=60 HTTP/1.1" 200 839
"GET /repository/history?id=66 HTTP/1.1" 200 470
"GET /repository/history?id=57 HTTP/1.1" 200 1242
"GET /repository/history?id=61 HTTP/1.1" 200 890
"GET /repository/history?id=58 HTTP/1.1" 200 1998
"GET /repository/history?id=62 HTTP/1.1" 200 476
"GET /repository/history?id=63 HTTP/1.1" 200 476
"GET /repository/history?id=64 HTTP/1.1" 200 464
"GET /repository/history?id=65 HTTP/1.1" 200 457
"GET /files/list/?page=1&page_size=10 HTTP/1.1" 200 4201
登录请求 - 用户名: guoshanshan, 请求方法: POST
找到用户: guoshanshan, 用户ID: 44, 用户状态: 1
密码验证结果: True
"POST /user/login?username=guoshanshan&password=123456&rememberMe=true HTTP/1.1" 200 2011
"POST /repository/search HTTP/1.1" 200 26106
"GET /repository/history?id=57 HTTP/1.1" 200 1242
"GET /repository/history?id=59 HTTP/1.1" 200 891
"GET /repository/history?id=58 HTTP/1.1" 200 1998
"GET /repository/history?id=66 HTTP/1.1" 200 470
"GET /repository/history?id=60 HTTP/1.1" 200 839
"GET /repository/history?id=61 HTTP/1.1" 200 890
"GET /repository/history?id=64 HTTP/1.1" 200 464
"GET /repository/history?id=63 HTTP/1.1" 200 476
"GET /repository/history?id=65 HTTP/1.1" 200 457
"GET /repository/history?id=62 HTTP/1.1" 200 476
"GET /files/list/?page=1&page_size=10 HTTP/1.1" 200 4201
登录请求 - 用户名: hongyu, 请求方法: POST
找到用户: hongyu, 用户ID: 45, 用户状态: 1
密码验证结果: True
"POST /user/login?username=hongyu&password=123456&rememberMe=true HTTP/1.1" 200 2638
"POST /event/search HTTP/1.1" 200 874
"POST /repository/search HTTP/1.1" 200 26106
"GET /repository/history?id=60 HTTP/1.1" 200 839
"GET /repository/history?id=61 HTTP/1.1" 200 890
"GET /repository/history?id=58 HTTP/1.1" 200 1998
"GET /repository/history?id=57 HTTP/1.1" 200 1242
"GET /repository/history?id=59 HTTP/1.1" 200 891
"GET /repository/history?id=66 HTTP/1.1" 200 470
"GET /repository/history?id=62 HTTP/1.1" 200 476
"GET /repository/history?id=65 HTTP/1.1" 200 457
"GET /repository/history?id=63 HTTP/1.1" 200 476
"GET /repository/history?id=64 HTTP/1.1" 200 464
"GET /files/list/?page=1&page_size=10 HTTP/1.1" 200 4201
登录请求 - 用户名: zhuwanghuizi, 请求方法: POST
找到用户: zhuwanghuizi, 用户ID: 46, 用户状态: 1
密码验证结果: True
登录请求 - 用户名: zhuwanghuizi, 请求方法: POST
"POST /user/login?username=zhuwanghuizi&password=123456&rememberMe=true HTTP/1.1" 200 2007
找到用户: zhuwanghuizi, 用户ID: 46, 用户状态: 1
密码验证结果: True
"POST /user/login?username=zhuwanghuizi&password=123456&rememberMe=true HTTP/1.1" 200 2007
"POST /repository/search HTTP/1.1" 200 26106
"GET /repository/history?id=60 HTTP/1.1" 200 839
"GET /repository/history?id=61 HTTP/1.1" 200 890
"GET /repository/history?id=57 HTTP/1.1" 200 1242
"GET /repository/history?id=58 HTTP/1.1" 200 1998
"GET /repository/history?id=59 HTTP/1.1" 200 891
"GET /repository/history?id=65 HTTP/1.1" 200 457
"POST /repository/search HTTP/1.1" 200 26106
"GET /repository/history?id=63 HTTP/1.1" 200 476
"GET /repository/history?id=66 HTTP/1.1" 200 470
"GET /repository/history?id=64 HTTP/1.1" 200 464
"GET /repository/history?id=62 HTTP/1.1" 200 476
"GET /repository/history?id=60 HTTP/1.1" 200 839
"GET /repository/history?id=59 HTTP/1.1" 200 891
"GET /repository/history?id=57 HTTP/1.1" 200 1242
"GET /repository/history?id=65 HTTP/1.1" 200 457
"GET /repository/history?id=61 HTTP/1.1" 200 890
"GET /repository/history?id=58 HTTP/1.1" 200 1998
"GET /repository/history?id=63 HTTP/1.1" 200 476
"GET /repository/history?id=66 HTTP/1.1" 200 470
"GET /repository/history?id=62 HTTP/1.1" 200 476
"GET /repository/history?id=64 HTTP/1.1" 200 464
"GET /files/list/?page=1&page_size=10 HTTP/1.1" 200 4201
登录请求 - 用户名: lixiaolin, 请求方法: POST
找到用户: lixiaolin, 用户ID: 47, 用户状态: 1
密码验证结果: True
"POST /user/login?username=lixiaolin&password=123456&rememberMe=true HTTP/1.1" 200 2662
"POST /repository/search HTTP/1.1" 200 26106
"GET /repository/history?id=60 HTTP/1.1" 200 839
"GET /repository/history?id=61 HTTP/1.1" 200 890
"GET /repository/history?id=59 HTTP/1.1" 200 891
"GET /repository/history?id=66 HTTP/1.1" 200 470
"GET /repository/history?id=58 HTTP/1.1" 200 1998
"GET /repository/history?id=57 HTTP/1.1" 200 1242
"GET /repository/history?id=65 HTTP/1.1" 200 457
"GET /repository/history?id=62 HTTP/1.1" 200 476
"GET /repository/history?id=64 HTTP/1.1" 200 464
"GET /repository/history?id=63 HTTP/1.1" 200 476
"GET /files/list/?page=1&page_size=10 HTTP/1.1" 200 4201
"POST /event/search HTTP/1.1" 200 874
登录请求 - 用户名: yexiaoxia, 请求方法: POST
找到用户: yexiaoxia, 用户ID: 48, 用户状态: 1
密码验证结果: True
"POST /user/login?username=yexiaoxia&password=123456&rememberMe=true HTTP/1.1" 200 2651
"POST /event/search HTTP/1.1" 200 874
"POST /repository/search HTTP/1.1" 200 26106
"GET /repository/history?id=60 HTTP/1.1" 200 839
"GET /repository/history?id=57 HTTP/1.1" 200 1242
"GET /repository/history?id=61 HTTP/1.1" 200 890
"GET /repository/history?id=58 HTTP/1.1" 200 1998
"GET /repository/history?id=66 HTTP/1.1" 200 470
"GET /repository/history?id=59 HTTP/1.1" 200 891
"GET /repository/history?id=63 HTTP/1.1" 200 476
"GET /repository/history?id=64 HTTP/1.1" 200 464
"GET /repository/history?id=62 HTTP/1.1" 200 476
"GET /repository/history?id=65 HTTP/1.1" 200 457
"GET /files/list/?page=1&page_size=10 HTTP/1.1" 200 4201
登录请求 - 用户名: zhuxingwei, 请求方法: POST
找到用户: zhuxingwei, 用户ID: 49, 用户状态: 1
密码验证结果: True
"POST /user/login?username=zhuxingwei&password=123456&rememberMe=true HTTP/1.1" 200 5748
登录请求 - 用户名: zoumin, 请求方法: POST
找到用户: zoumin, 用户ID: 50, 用户状态: 1
密码验证结果: True
"POST /user/login?username=zoumin&password=123456&rememberMe=true HTTP/1.1" 200 1995
"POST /repository/search HTTP/1.1" 200 26106
"GET /repository/history?id=66 HTTP/1.1" 200 470
"GET /repository/history?id=58 HTTP/1.1" 200 1998
"GET /repository/history?id=60 HTTP/1.1" 200 839
"GET /repository/history?id=57 HTTP/1.1" 200 1242
"GET /repository/history?id=59 HTTP/1.1" 200 891
"GET /repository/history?id=61 HTTP/1.1" 200 890
"GET /repository/history?id=64 HTTP/1.1" 200 464
"GET /repository/history?id=65 HTTP/1.1" 200 457
"GET /repository/history?id=63 HTTP/1.1" 200 476
"GET /repository/history?id=62 HTTP/1.1" 200 476
"GET /files/list/?page=1&page_size=10 HTTP/1.1" 200 4201
登录请求 - 用户名: lizhenhua, 请求方法: POST
找到用户: lizhenhua, 用户ID: 52, 用户状态: 1
密码验证结果: True
"POST /user/login?username=lizhenhua&password=123456&rememberMe=true HTTP/1.1" 200 2342
"POST /manhour/search HTTP/1.1" 200 13561
"POST /repository/search HTTP/1.1" 200 26106
"GET /repository/history?id=61 HTTP/1.1" 200 890
"GET /repository/history?id=66 HTTP/1.1" 200 470
"GET /repository/history?id=58 HTTP/1.1" 200 1998
"GET /repository/history?id=60 HTTP/1.1" 200 839
"GET /repository/history?id=57 HTTP/1.1" 200 1242
"GET /repository/history?id=59 HTTP/1.1" 200 891
"GET /repository/history?id=63 HTTP/1.1" 200 476
"GET /repository/history?id=64 HTTP/1.1" 200 464
"GET /repository/history?id=65 HTTP/1.1" 200 457
"GET /repository/history?id=62 HTTP/1.1" 200 476
"GET /files/list/?page=1&page_size=10 HTTP/1.1" 200 4201
登录请求 - 用户名: fuxiao, 请求方法: POST
找到用户: fuxiao, 用户ID: 53, 用户状态: 1
密码验证结果: True
"POST /user/login?username=fuxiao&password=123456&rememberMe=true HTTP/1.1" 200 1994
"POST /repository/search HTTP/1.1" 200 26106
"GET /repository/history?id=58 HTTP/1.1" 200 1998
"GET /repository/history?id=60 HTTP/1.1" 200 839
"GET /repository/history?id=66 HTTP/1.1" 200 470
"GET /repository/history?id=61 HTTP/1.1" 200 890
"GET /repository/history?id=59 HTTP/1.1" 200 891
"GET /repository/history?id=57 HTTP/1.1" 200 1242
"GET /repository/history?id=64 HTTP/1.1" 200 464
"GET /repository/history?id=63 HTTP/1.1" 200 476
"GET /repository/history?id=65 HTTP/1.1" 200 457
"GET /repository/history?id=62 HTTP/1.1" 200 476
"GET /files/list/?page=1&page_size=10 HTTP/1.1" 200 4201
"POST /repository/search HTTP/1.1" 200 26106
"GET /repository/history?id=66 HTTP/1.1" 200 470
"GET /repository/history?id=57 HTTP/1.1" 200 1242
"GET /repository/history?id=60 HTTP/1.1" 200 839
"GET /repository/history?id=59 HTTP/1.1" 200 891
"GET /repository/history?id=58 HTTP/1.1" 200 1998
"GET /repository/history?id=61 HTTP/1.1" 200 890
"GET /repository/history?id=62 HTTP/1.1" 200 476
"GET /repository/history?id=63 HTTP/1.1" 200 476
"GET /repository/history?id=65 HTTP/1.1" 200 457
"GET /repository/history?id=64 HTTP/1.1" 200 464
登录请求 - 用户名: zhangbingyan, 请求方法: POST
找到用户: zhangbingyan, 用户ID: 55, 用户状态: 1
密码验证结果: True
"POST /user/login?username=zhangbingyan&password=123456&rememberMe=true HTTP/1.1" 200 2349
"POST /manhour/search HTTP/1.1" 200 7348
"POST /repository/search HTTP/1.1" 200 26106
"GET /repository/history?id=60 HTTP/1.1" 200 839
"GET /repository/history?id=58 HTTP/1.1" 200 1998
"GET /repository/history?id=66 HTTP/1.1" 200 470
"GET /repository/history?id=59 HTTP/1.1" 200 891
"GET /repository/history?id=57 HTTP/1.1" 200 1242
"GET /repository/history?id=61 HTTP/1.1" 200 890
"GET /repository/history?id=65 HTTP/1.1" 200 457
"GET /repository/history?id=64 HTTP/1.1" 200 464
"GET /repository/history?id=63 HTTP/1.1" 200 476
"GET /repository/history?id=62 HTTP/1.1" 200 476
登录请求 - 用户名: zhaoning, 请求方法: POST
找到用户: zhaoning, 用户ID: 61, 用户状态: 1
密码验证结果: True
"POST /user/login?username=zhaoning&password=123456&rememberMe=true HTTP/1.1" 200 1999
"POST /repository/search HTTP/1.1" 200 26106
"GET /repository/history?id=60 HTTP/1.1" 200 839
"GET /repository/history?id=59 HTTP/1.1" 200 891
"GET /repository/history?id=57 HTTP/1.1" 200 1242
"GET /repository/history?id=61 HTTP/1.1" 200 890
"GET /repository/history?id=66 HTTP/1.1" 200 470
"GET /repository/history?id=58 HTTP/1.1" 200 1998
"GET /repository/history?id=63 HTTP/1.1" 200 476
"GET /repository/history?id=64 HTTP/1.1" 200 464
"GET /repository/history?id=62 HTTP/1.1" 200 476
"GET /repository/history?id=65 HTTP/1.1" 200 457
"GET /files/list/?page=1&page_size=10 HTTP/1.1" 200 4201
登录请求 - 用户名: liweijia, 请求方法: POST
找到用户: liweijia, 用户ID: 65, 用户状态: 1
密码验证结果: True
"POST /user/login?username=liweijia&password=123456&rememberMe=true HTTP/1.1" 200 1998
"POST /repository/search HTTP/1.1" 200 26106
"GET /repository/history?id=61 HTTP/1.1" 200 890
"GET /repository/history?id=66 HTTP/1.1" 200 470
"GET /repository/history?id=57 HTTP/1.1" 200 1242
"GET /repository/history?id=59 HTTP/1.1" 200 891
"GET /repository/history?id=58 HTTP/1.1" 200 1998
"GET /repository/history?id=60 HTTP/1.1" 200 839
"GET /repository/history?id=64 HTTP/1.1" 200 464
"GET /repository/history?id=65 HTTP/1.1" 200 457
"GET /repository/history?id=62 HTTP/1.1" 200 476
"GET /repository/history?id=63 HTTP/1.1" 200 476
"GET /files/list/?page=1&page_size=10 HTTP/1.1" 200 4201
登录请求 - 用户名: wangxiaoming, 请求方法: POST
找到用户: wangxiaoming, 用户ID: 66, 用户状态: 1
密码验证结果: True
"POST /user/login?username=wangxiaoming&password=123456&rememberMe=true HTTP/1.1" 200 5747
"POST /user/search HTTP/1.1" 200 8838
"POST /blacklist/search HTTP/1.1" 200 3855
"POST /manhour/search HTTP/1.1" 200 44
"POST /items/search HTTP/1.1" 200 2016
"POST /repository/search HTTP/1.1" 200 26106
"GET /repository/history?id=58 HTTP/1.1" 200 1998
"GET /repository/history?id=60 HTTP/1.1" 200 839
"GET /repository/history?id=57 HTTP/1.1" 200 1242
"GET /repository/history?id=59 HTTP/1.1" 200 891
"GET /repository/history?id=61 HTTP/1.1" 200 890
"GET /repository/history?id=66 HTTP/1.1" 200 470
"GET /repository/history?id=65 HTTP/1.1" 200 457
"GET /repository/history?id=63 HTTP/1.1" 200 476
"GET /repository/history?id=64 HTTP/1.1" 200 464
"GET /repository/history?id=62 HTTP/1.1" 200 476
"GET /files/list/?page=1&page_size=10 HTTP/1.1" 200 4201
"POST /repository/search HTTP/1.1" 200 26106
"GET /repository/history?id=66 HTTP/1.1" 200 470
"GET /repository/history?id=58 HTTP/1.1" 200 1998
"GET /repository/history?id=60 HTTP/1.1" 200 839
"GET /repository/history?id=61 HTTP/1.1" 200 890
"GET /repository/history?id=59 HTTP/1.1" 200 891
"GET /repository/history?id=57 HTTP/1.1" 200 1242
"GET /repository/history?id=64 HTTP/1.1" 200 464
"GET /repository/history?id=65 HTTP/1.1" 200 457
"GET /repository/history?id=63 HTTP/1.1" 200 476
"GET /repository/history?id=62 HTTP/1.1" 200 476
登录请求 - 用户名: liuliliang, 请求方法: POST
找到用户: liuliliang, 用户ID: 67, 用户状态: 0
密码验证结果: True
Creating token for inactive user: 67. If this is not intentional, consider checking the user's status before calling the `for_user` method.
"POST /user/login?username=liuliliang&password=123456&rememberMe=true HTTP/1.1" 200 2002
"POST /repository/search HTTP/1.1" 200 26106
"GET /repository/history?id=60 HTTP/1.1" 200 839
"GET /repository/history?id=66 HTTP/1.1" 200 470
"GET /repository/history?id=61 HTTP/1.1" 200 890
"GET /repository/history?id=59 HTTP/1.1" 200 891
"GET /repository/history?id=57 HTTP/1.1" 200 1242
"GET /repository/history?id=58 HTTP/1.1" 200 1998
"GET /repository/history?id=65 HTTP/1.1" 200 457
"GET /repository/history?id=64 HTTP/1.1" 200 464
"GET /repository/history?id=62 HTTP/1.1" 200 476
"GET /repository/history?id=63 HTTP/1.1" 200 476
"GET /files/list/?page=1&page_size=10 HTTP/1.1" 200 4201
登录请求 - 用户名: dengpeng, 请求方法: POST
登录失败 - 用户不存在: dengpeng
"POST /user/login?username=dengpeng&password=123456&rememberMe=true HTTP/1.1" 200 85
登录请求 - 用户名: admin, 请求方法: POST
找到用户: admin, 用户ID: 1, 用户状态: 1
密码验证结果: True
"POST /user/login?username=admin&password=1234567&rememberMe=true HTTP/1.1" 200 6747
"POST /user/search HTTP/1.1" 200 8838
"GET /user/post/list HTTP/1.1" 200 1020
"GET /user/dept/list HTTP/1.1" 200 492
"GET /user/level/list HTTP/1.1" 200 174
"POST /user/check HTTP/1.1" 200 13
"POST /user/check HTTP/1.1" 200 13
"POST /user/save HTTP/1.1" 200 13
"POST /user/search HTTP/1.1" 200 8838
"POST /user/search HTTP/1.1" 200 1603
"GET /user/post/list HTTP/1.1" 200 1020
"GET /user/level/list HTTP/1.1" 200 174
"GET /user/dept/list HTTP/1.1" 200 492
"POST /user/check HTTP/1.1" 200 13
"POST /user/check HTTP/1.1" 200 13
"POST /user/check HTTP/1.1" 200 13
"POST /user/save HTTP/1.1" 200 13
"POST /user/search HTTP/1.1" 200 2362
"POST /user/search HTTP/1.1" 200 8838
"POST /user/search HTTP/1.1" 200 2362
"GET /role/listAll HTTP/1.1" 200 1807
"POST /user/grantRole HTTP/1.1" 200 13
"GET /role/listAll HTTP/1.1" 200 1807
"POST /user/search HTTP/1.1" 200 2408
"GET /role/listAll HTTP/1.1" 200 1807
"POST /user/grantRole HTTP/1.1" 200 13
"GET /role/listAll HTTP/1.1" 200 1807
"POST /user/search HTTP/1.1" 200 2408
"POST /user/search HTTP/1.1" 200 8838
登录请求 - 用户名: admin, 请求方法: POST
找到用户: admin, 用户ID: 1, 用户状态: 1
密码验证结果: True
"POST /user/login?username=admin&password=1234567&rememberMe=true HTTP/1.1" 200 6747
"POST /user/search HTTP/1.1" 200 8838
"POST /user/search HTTP/1.1" 200 2408
"GET /role/listAll HTTP/1.1" 200 1807
"POST /user/grantRole HTTP/1.1" 200 13
"GET /role/listAll HTTP/1.1" 200 1807
"POST /user/search HTTP/1.1" 200 2454
"POST /user/search HTTP/1.1" 200 8838
"POST /user/search HTTP/1.1" 200 8838
登录请求 - 用户名: liuliliang, 请求方法: POST
找到用户: liuliliang, 用户ID: 67, 用户状态: 0
密码验证结果: True
Creating token for inactive user: 67. If this is not intentional, consider checking the user's status before calling the `for_user` method.
"POST /user/login?username=liuliliang&password=123456&rememberMe=true HTTP/1.1" 200 2002
登录请求 - 用户名: liuliliang, 请求方法: POST
找到用户: liuliliang, 用户ID: 67, 用户状态: 2
密码验证结果: True
登录失败 - 用户 liuliliang 已被禁用
"POST /user/login?username=liuliliang&password=123456&rememberMe=true HTTP/1.1" 200 115
登录请求 - 用户名: admin, 请求方法: POST
找到用户: admin, 用户ID: 1, 用户状态: 1
密码验证结果: True
"POST /user/login?username=admin&password=1234567&rememberMe=true HTTP/1.1" 200 6747
"POST /user/search HTTP/1.1" 200 8838
"POST /user/search HTTP/1.1" 200 8211
"POST /user/status HTTP/1.1" 200 13
登录请求 - 用户名: gaodi, 请求方法: POST
找到用户: gaodi, 用户ID: 42, 用户状态: 2
密码验证结果: True
登录失败 - 用户 gaodi 已被禁用
"POST /user/login?username=gaodi&password=123456&rememberMe=true HTTP/1.1" 200 115
登录请求 - 用户名: admin, 请求方法: POST
找到用户: admin, 用户ID: 1, 用户状态: 1
密码验证结果: True
"POST /user/login?username=admin&password=1234567&rememberMe=true HTTP/1.1" 200 6747
登录请求 - 用户名: dengpeng, 请求方法: POST
找到用户: dengpeng, 用户ID: 70, 用户状态: 1
密码验证结果: True
"POST /user/login?username=dengpeng&password=123456&rememberMe=true HTTP/1.1" 200 1999
"POST /repository/search HTTP/1.1" 200 26106
"GET /repository/history?id=66 HTTP/1.1" 200 470
"GET /repository/history?id=58 HTTP/1.1" 200 1998
"GET /repository/history?id=59 HTTP/1.1" 200 891
"GET /repository/history?id=57 HTTP/1.1" 200 1242
"GET /repository/history?id=61 HTTP/1.1" 200 890
"GET /repository/history?id=60 HTTP/1.1" 200 839
"GET /repository/history?id=63 HTTP/1.1" 200 476
"GET /repository/history?id=62 HTTP/1.1" 200 476
"GET /repository/history?id=65 HTTP/1.1" 200 457
"GET /repository/history?id=64 HTTP/1.1" 200 464
"GET /files/list/?page=1&page_size=10 HTTP/1.1" 200 4201
登录请求 - 用户名: jinbin, 请求方法: POST
找到用户: jinbin, 用户ID: 71, 用户状态: 1
密码验证结果: True
"POST /user/login?username=jinbin&password=123456&rememberMe=true HTTP/1.1" 200 1995
"POST /repository/search HTTP/1.1" 200 26106
"GET /repository/history?id=60 HTTP/1.1" 200 839
"GET /repository/history?id=58 HTTP/1.1" 200 1998
"GET /repository/history?id=66 HTTP/1.1" 200 470
"GET /repository/history?id=59 HTTP/1.1" 200 891
"GET /repository/history?id=57 HTTP/1.1" 200 1242
"GET /repository/history?id=61 HTTP/1.1" 200 890
"GET /repository/history?id=63 HTTP/1.1" 200 476
"GET /repository/history?id=64 HTTP/1.1" 200 464
"GET /repository/history?id=62 HTTP/1.1" 200 476
"GET /repository/history?id=65 HTTP/1.1" 200 457
"GET /files/list/?page=1&page_size=10 HTTP/1.1" 200 4201
登录请求 - 用户名: admin, 请求方法: POST
找到用户: admin, 用户ID: 1, 用户状态: 1
密码验证结果: True
"POST /user/login?username=admin&password=1234567&rememberMe=true HTTP/1.1" 200 6747
"POST /manhour/search HTTP/1.1" 200 8944
"POST /manhour/search HTTP/1.1" 200 8944
Watching for file changes with StatReloader
登录请求 - 用户名: admin, 请求方法: POST
找到用户: admin, 用户ID: 1, 用户状态: 1
密码验证结果: True
"POST /user/login?username=admin&password=1234567&rememberMe=false HTTP/1.1" 200 6747
"GET /media/userAvatar/default.jpg HTTP/1.1" 200 9062
"POST /repository/search HTTP/1.1" 200 60549
"GET /repository/history?id=59 HTTP/1.1" 200 891
"GET /repository/history?id=60 HTTP/1.1" 200 839
"GET /repository/history?id=89 HTTP/1.1" 200 904
"GET /repository/history?id=90 HTTP/1.1" 200 590
"GET /repository/history?id=88 HTTP/1.1" 200 896
"GET /repository/history?id=56 HTTP/1.1" 200 924
"GET /repository/history?id=57 HTTP/1.1" 200 1242
"GET /repository/history?id=52 HTTP/1.1" 200 943
"GET /repository/history?id=61 HTTP/1.1" 200 890
"GET /repository/history?id=87 HTTP/1.1" 200 890
"POST /repository/search HTTP/1.1" 200 60549
"GET /repository/history?id=89 HTTP/1.1" 200 904
"GET /repository/history?id=90 HTTP/1.1" 200 590
"GET /repository/history?id=59 HTTP/1.1" 200 891
"GET /repository/history?id=56 HTTP/1.1" 200 924
"GET /repository/history?id=60 HTTP/1.1" 200 839
"GET /repository/history?id=88 HTTP/1.1" 200 896
"GET /repository/history?id=57 HTTP/1.1" 200 1242
"GET /repository/history?id=61 HTTP/1.1" 200 890
"GET /repository/history?id=52 HTTP/1.1" 200 943
"GET /repository/history?id=87 HTTP/1.1" 200 890
"POST /repository/search HTTP/1.1" 200 60549
"GET /repository/history?id=88 HTTP/1.1" 200 896
"GET /repository/history?id=59 HTTP/1.1" 200 891
"GET /repository/history?id=89 HTTP/1.1" 200 904
"GET /repository/history?id=90 HTTP/1.1" 200 590
"GET /repository/history?id=60 HTTP/1.1" 200 839
"GET /repository/history?id=56 HTTP/1.1" 200 924
"GET /repository/history?id=61 HTTP/1.1" 200 890
"GET /repository/history?id=52 HTTP/1.1" 200 943
"GET /repository/history?id=87 HTTP/1.1" 200 890
"GET /repository/history?id=57 HTTP/1.1" 200 1242
"GET /classify/list HTTP/1.1" 200 10434
"GET /repository/user/list HTTP/1.1" 200 1456
"GET /event/event/list HTTP/1.1" 200 307
"GET /repository/dept/list HTTP/1.1" 200 488
"GET /event/event/list HTTP/1.1" 200 307
"GET /repository/user/list HTTP/1.1" 200 1456
"GET /repository/dept/list HTTP/1.1" 200 488
"GET /classify/list HTTP/1.1" 200 10434
"GET /repository/user/list HTTP/1.1" 200 1456
"GET /repository/dept/list HTTP/1.1" 200 488
"GET /event/event/list HTTP/1.1" 200 307
"GET /classify/list HTTP/1.1" 200 10434
"POST /repository/upload/image HTTP/1.1" 200 134
登录请求 - 用户名: admin, 请求方法: POST
找到用户: admin, 用户ID: 1, 用户状态: 1
密码验证结果: True
"POST /user/login?username=admin&password=1234567&rememberMe=true HTTP/1.1" 200 6747
"POST /repository/search HTTP/1.1" 200 60549
"GET /repository/history?id=89 HTTP/1.1" 200 904
"GET /repository/history?id=59 HTTP/1.1" 200 891
"GET /repository/history?id=56 HTTP/1.1" 200 924
"GET /repository/history?id=90 HTTP/1.1" 200 590
"GET /repository/history?id=88 HTTP/1.1" 200 896
"GET /repository/history?id=60 HTTP/1.1" 200 839
"GET /repository/history?id=57 HTTP/1.1" 200 1242
"GET /repository/history?id=61 HTTP/1.1" 200 890
"GET /repository/history?id=52 HTTP/1.1" 200 943
"GET /repository/history?id=87 HTTP/1.1" 200 890
"GET /classify/list HTTP/1.1" 200 10434
"GET /repository/user/list HTTP/1.1" 200 1456
"GET /event/event/list HTTP/1.1" 200 307
"GET /repository/dept/list HTTP/1.1" 200 488
"POST /repository/upload/image HTTP/1.1" 200 134
D:\my_project\Django_admin\jj_system\jj_system\settings.py changed, reloading.
Watching for file changes with StatReloader
D:\my_project\Django_admin\jj_system\jj_system\settings.py changed, reloading.
Watching for file changes with StatReloader
登录请求 - 用户名: admin, 请求方法: POST
找到用户: admin, 用户ID: 1, 用户状态: 1
密码验证结果: True
"POST /user/login?username=admin&password=1234567&rememberMe=true HTTP/1.1" 200 6747
"POST /repository/search HTTP/1.1" 200 60549
"GET /repository/history?id=89 HTTP/1.1" 200 904
"GET /repository/history?id=90 HTTP/1.1" 200 590
"GET /repository/history?id=59 HTTP/1.1" 200 891
"GET /repository/history?id=60 HTTP/1.1" 200 839
"GET /repository/history?id=56 HTTP/1.1" 200 924
"GET /repository/history?id=88 HTTP/1.1" 200 896
"GET /repository/history?id=57 HTTP/1.1" 200 1242
"GET /repository/history?id=61 HTTP/1.1" 200 890
"GET /repository/history?id=52 HTTP/1.1" 200 943
"GET /repository/history?id=87 HTTP/1.1" 200 890
"GET /repository/dept/list HTTP/1.1" 200 488
"GET /event/event/list HTTP/1.1" 200 307
"GET /classify/list HTTP/1.1" 200 10434
"GET /repository/user/list HTTP/1.1" 200 1456
"POST /repository/upload/image HTTP/1.1" 200 139
"POST /repository/upload/image HTTP/1.1" 200 139
D:\my_project\Django_admin\jj_system\repository\views.py changed, reloading.
Watching for file changes with StatReloader
D:\my_project\Django_admin\jj_system\repository\views.py changed, reloading.
Watching for file changes with StatReloader
"GET /event/event/list HTTP/1.1" 200 307
"GET /classify/list HTTP/1.1" 200 10434
"GET /repository/dept/list HTTP/1.1" 200 488
"GET /repository/user/list HTTP/1.1" 200 1456
"POST /repository/upload/image HTTP/1.1" 200 113
"GET /media/images/4c1838d2-3736-4f2c-8ba6-857358faefea.png HTTP/1.1" 200 2020616
登录请求 - 用户名: admin, 请求方法: POST
找到用户: admin, 用户ID: 1, 用户状态: 1
密码验证结果: True
"POST /user/login?username=admin&password=1234567&rememberMe=true HTTP/1.1" 200 6747
"POST /repository/search HTTP/1.1" 200 60549
"GET /repository/history?id=89 HTTP/1.1" 200 904
"GET /repository/history?id=52 HTTP/1.1" 200 943
"GET /repository/history?id=56 HTTP/1.1" 200 924
"GET /repository/history?id=88 HTTP/1.1" 200 896
"GET /repository/history?id=90 HTTP/1.1" 200 590
"GET /repository/history?id=57 HTTP/1.1" 200 1242
"GET /repository/history?id=87 HTTP/1.1" 200 890
"GET /repository/history?id=61 HTTP/1.1" 200 890
"GET /repository/history?id=59 HTTP/1.1" 200 891
"GET /repository/history?id=60 HTTP/1.1" 200 839
"POST /repository/search HTTP/1.1" 200 60549
"GET /repository/history?id=59 HTTP/1.1" 200 891
"GET /repository/history?id=90 HTTP/1.1" 200 590
"GET /repository/history?id=56 HTTP/1.1" 200 924
"GET /repository/history?id=60 HTTP/1.1" 200 839
"GET /repository/history?id=89 HTTP/1.1" 200 904
"GET /repository/history?id=88 HTTP/1.1" 200 896
"GET /repository/history?id=57 HTTP/1.1" 200 1242
"GET /repository/history?id=52 HTTP/1.1" 200 943
"GET /repository/history?id=87 HTTP/1.1" 200 890
"GET /repository/history?id=61 HTTP/1.1" 200 890
"POST /repository/search HTTP/1.1" 200 60549
"GET /repository/history?id=56 HTTP/1.1" 200 924
"GET /repository/history?id=60 HTTP/1.1" 200 839
"GET /repository/history?id=89 HTTP/1.1" 200 904
"GET /repository/history?id=90 HTTP/1.1" 200 590
"GET /repository/history?id=59 HTTP/1.1" 200 891
"GET /repository/history?id=88 HTTP/1.1" 200 896
"GET /repository/history?id=52 HTTP/1.1" 200 943
"GET /repository/history?id=57 HTTP/1.1" 200 1242
"GET /repository/history?id=87 HTTP/1.1" 200 890
"GET /repository/history?id=61 HTTP/1.1" 200 890
"POST /repository/search HTTP/1.1" 200 60549
"GET /repository/history?id=56 HTTP/1.1" 200 924
"GET /repository/history?id=89 HTTP/1.1" 200 904
"GET /repository/history?id=60 HTTP/1.1" 200 839
"GET /repository/history?id=59 HTTP/1.1" 200 891
"GET /repository/history?id=88 HTTP/1.1" 200 896
"GET /repository/history?id=90 HTTP/1.1" 200 590
"GET /repository/history?id=57 HTTP/1.1" 200 1242
"GET /repository/history?id=87 HTTP/1.1" 200 890
"GET /repository/history?id=52 HTTP/1.1" 200 943
"GET /repository/history?id=61 HTTP/1.1" 200 890
登录请求 - 用户名: admin, 请求方法: POST
找到用户: admin, 用户ID: 1, 用户状态: 1
密码验证结果: True
"POST /user/login?username=admin&password=1234567&rememberMe=true HTTP/1.1" 200 6747
"POST /repository/search HTTP/1.1" 200 60549
"GET /repository/history?id=56 HTTP/1.1" 200 924
"GET /repository/history?id=60 HTTP/1.1" 200 839
"GET /repository/history?id=89 HTTP/1.1" 200 904
"GET /repository/history?id=59 HTTP/1.1" 200 891
"GET /repository/history?id=90 HTTP/1.1" 200 590
"POST /repository/search HTTP/1.1" 200 60549
"GET /repository/history?id=57 HTTP/1.1" 200 1242
"GET /repository/history?id=88 HTTP/1.1" 200 896
"GET /repository/history?id=87 HTTP/1.1" 200 890
"GET /repository/history?id=61 HTTP/1.1" 200 890
"GET /repository/history?id=52 HTTP/1.1" 200 943
"GET /repository/history?id=56 HTTP/1.1" 200 924
"GET /repository/history?id=60 HTTP/1.1" 200 839
"GET /repository/history?id=88 HTTP/1.1" 200 896
"GET /repository/history?id=90 HTTP/1.1" 200 590
"GET /repository/history?id=59 HTTP/1.1" 200 891
"GET /repository/history?id=89 HTTP/1.1" 200 904
"GET /repository/history?id=87 HTTP/1.1" 200 890
"GET /repository/history?id=57 HTTP/1.1" 200 1242
"GET /repository/history?id=52 HTTP/1.1" 200 943
"GET /repository/history?id=61 HTTP/1.1" 200 890
"GET /classify/list HTTP/1.1" 200 10434
"GET /event/event/list HTTP/1.1" 200 307
"GET /repository/dept/list HTTP/1.1" 200 488
"GET /repository/user/list HTTP/1.1" 200 1456
"POST /repository/upload/image HTTP/1.1" 200 113
"GET /media/images/9fc716f6-3ad0-40b6-9215-8054f7e90deb.png HTTP/1.1" 200 2020616
"GET /media/images/9fc716f6-3ad0-40b6-9215-8054f7e90deb.png HTTP/1.1" 304 0
"GET /media/images/9fc716f6-3ad0-40b6-9215-8054f7e90deb.png HTTP/1.1" 304 0
"GET /repository/user/list HTTP/1.1" 200 1456
"GET /repository/dept/list HTTP/1.1" 200 488
"GET /event/event/list HTTP/1.1" 200 307
"GET /classify/list HTTP/1.1" 200 10434
登录请求 - 用户名: admin, 请求方法: POST
找到用户: admin, 用户ID: 1, 用户状态: 1
密码验证结果: True
"POST /user/login?username=admin&password=1234567&rememberMe=true HTTP/1.1" 200 6747
"POST /repository/search HTTP/1.1" 200 60549
"GET /repository/history?id=88 HTTP/1.1" 200 896
"GET /repository/history?id=89 HTTP/1.1" 200 904
"GET /repository/history?id=56 HTTP/1.1" 200 924
"GET /repository/history?id=59 HTTP/1.1" 200 891
"GET /repository/history?id=60 HTTP/1.1" 200 839
"GET /repository/history?id=90 HTTP/1.1" 200 590
"GET /repository/history?id=61 HTTP/1.1" 200 890
"GET /repository/history?id=57 HTTP/1.1" 200 1242
"GET /repository/history?id=87 HTTP/1.1" 200 890
"GET /repository/history?id=52 HTTP/1.1" 200 943
"GET /classify/list HTTP/1.1" 200 10434
"GET /repository/dept/list HTTP/1.1" 200 488
"GET /event/event/list HTTP/1.1" 200 307
"GET /repository/user/list HTTP/1.1" 200 1456
"GET /classify/list HTTP/1.1" 200 10434
"GET /repository/dept/list HTTP/1.1" 200 488
"GET /event/event/list HTTP/1.1" 200 307
"GET /repository/user/list HTTP/1.1" 200 1456
"GET /repository/user/list HTTP/1.1" 200 1456
"GET /repository/dept/list HTTP/1.1" 200 488
"GET /event/event/list HTTP/1.1" 200 307
"GET /classify/list HTTP/1.1" 200 10434
登录请求 - 用户名: admin, 请求方法: POST
找到用户: admin, 用户ID: 1, 用户状态: 1
密码验证结果: True
"POST /user/login?username=admin&password=1234567&rememberMe=true HTTP/1.1" 200 6747
"POST /repository/search HTTP/1.1" 200 60549
"GET /repository/history?id=59 HTTP/1.1" 200 891
"GET /repository/history?id=89 HTTP/1.1" 200 904
"GET /repository/history?id=90 HTTP/1.1" 200 590
"GET /repository/history?id=56 HTTP/1.1" 200 924
"GET /repository/history?id=60 HTTP/1.1" 200 839
"GET /repository/history?id=88 HTTP/1.1" 200 896
"GET /repository/history?id=87 HTTP/1.1" 200 890
"GET /repository/history?id=61 HTTP/1.1" 200 890
"GET /repository/history?id=52 HTTP/1.1" 200 943
"GET /repository/history?id=57 HTTP/1.1" 200 1242
"GET /event/event/list HTTP/1.1" 200 307
"GET /repository/user/list HTTP/1.1" 200 1456
"GET /repository/dept/list HTTP/1.1" 200 488
"GET /classify/list HTTP/1.1" 200 10434
"GET /event/event/list HTTP/1.1" 200 307
"GET /classify/list HTTP/1.1" 200 10434
"GET /repository/user/list HTTP/1.1" 200 1456
"GET /repository/dept/list HTTP/1.1" 200 488
"GET /repository/user/list HTTP/1.1" 200 1456
"GET /classify/list HTTP/1.1" 200 10434
"GET /event/event/list HTTP/1.1" 200 307
"GET /repository/dept/list HTTP/1.1" 200 488
登录请求 - 用户名: admin, 请求方法: POST
找到用户: admin, 用户ID: 1, 用户状态: 1
密码验证结果: True
"POST /user/login?username=admin&password=1234567&rememberMe=true HTTP/1.1" 200 6747
"POST /repository/search HTTP/1.1" 200 60549
"GET /repository/history?id=59 HTTP/1.1" 200 891
"GET /repository/history?id=60 HTTP/1.1" 200 839
"GET /repository/history?id=90 HTTP/1.1" 200 590
"GET /repository/history?id=88 HTTP/1.1" 200 896
"GET /repository/history?id=89 HTTP/1.1" 200 904
"GET /repository/history?id=56 HTTP/1.1" 200 924
"GET /repository/history?id=52 HTTP/1.1" 200 943
"GET /repository/history?id=61 HTTP/1.1" 200 890
"GET /repository/history?id=87 HTTP/1.1" 200 890
"GET /repository/history?id=57 HTTP/1.1" 200 1242
"GET /repository/user/list HTTP/1.1" 200 1456
"GET /classify/list HTTP/1.1" 200 10434
"GET /event/event/list HTTP/1.1" 200 307
"GET /repository/dept/list HTTP/1.1" 200 488
"POST /repository/search HTTP/1.1" 200 60549
"GET /repository/history?id=56 HTTP/1.1" 200 924
"GET /repository/history?id=89 HTTP/1.1" 200 904
"GET /repository/history?id=88 HTTP/1.1" 200 896
"GET /repository/history?id=60 HTTP/1.1" 200 839
"GET /repository/history?id=90 HTTP/1.1" 200 590
"GET /repository/history?id=59 HTTP/1.1" 200 891
"GET /repository/history?id=57 HTTP/1.1" 200 1242
"GET /repository/history?id=52 HTTP/1.1" 200 943
"GET /repository/history?id=87 HTTP/1.1" 200 890
"GET /repository/history?id=61 HTTP/1.1" 200 890
登录请求 - 用户名: admin, 请求方法: POST
找到用户: admin, 用户ID: 1, 用户状态: 1
密码验证结果: True
"POST /user/login?username=admin&password=1234567&rememberMe=true HTTP/1.1" 200 6747
"POST /repository/search HTTP/1.1" 200 60549
"GET /repository/history?id=88 HTTP/1.1" 200 896
"GET /repository/history?id=60 HTTP/1.1" 200 839
"GET /repository/history?id=90 HTTP/1.1" 200 590
"GET /repository/history?id=59 HTTP/1.1" 200 891
"GET /repository/history?id=56 HTTP/1.1" 200 924
"GET /repository/history?id=89 HTTP/1.1" 200 904
"GET /repository/history?id=61 HTTP/1.1" 200 890
"GET /repository/history?id=52 HTTP/1.1" 200 943
"GET /repository/history?id=57 HTTP/1.1" 200 1242
"GET /repository/history?id=87 HTTP/1.1" 200 890
"GET /classify/list HTTP/1.1" 200 10434
"GET /repository/dept/list HTTP/1.1" 200 488
"GET /event/event/list HTTP/1.1" 200 307
"GET /repository/user/list HTTP/1.1" 200 1456
"GET /repository/dept/list HTTP/1.1" 200 488
"GET /classify/list HTTP/1.1" 200 10434
"GET /repository/user/list HTTP/1.1" 200 1456
"GET /event/event/list HTTP/1.1" 200 307
"POST /repository/search HTTP/1.1" 200 60549
"GET /repository/history?id=89 HTTP/1.1" 200 904
"GET /repository/history?id=90 HTTP/1.1" 200 590
"GET /repository/history?id=59 HTTP/1.1" 200 891
"GET /repository/history?id=56 HTTP/1.1" 200 924
"GET /repository/history?id=88 HTTP/1.1" 200 896
"GET /repository/history?id=60 HTTP/1.1" 200 839
"GET /repository/history?id=87 HTTP/1.1" 200 890
"GET /repository/history?id=57 HTTP/1.1" 200 1242
"GET /repository/history?id=52 HTTP/1.1" 200 943
"GET /repository/history?id=61 HTTP/1.1" 200 890
登录请求 - 用户名: admin, 请求方法: POST
找到用户: admin, 用户ID: 1, 用户状态: 1
密码验证结果: True
"POST /user/login?username=admin&password=1234567&rememberMe=true HTTP/1.1" 200 6747
"POST /repository/search HTTP/1.1" 200 60549
"GET /repository/history?id=56 HTTP/1.1" 200 924
"GET /repository/history?id=90 HTTP/1.1" 200 590
"GET /repository/history?id=89 HTTP/1.1" 200 904
"GET /repository/history?id=88 HTTP/1.1" 200 896
"GET /repository/history?id=59 HTTP/1.1" 200 891
"GET /repository/history?id=60 HTTP/1.1" 200 839
"GET /repository/history?id=57 HTTP/1.1" 200 1242
"GET /repository/history?id=87 HTTP/1.1" 200 890
"GET /repository/history?id=52 HTTP/1.1" 200 943
"GET /repository/history?id=61 HTTP/1.1" 200 890
"GET /repository/user/list HTTP/1.1" 200 1456
"GET /repository/dept/list HTTP/1.1" 200 488
"GET /classify/list HTTP/1.1" 200 10434
"GET /event/event/list HTTP/1.1" 200 307
"POST /repository/upload/image HTTP/1.1" 200 113
"GET /media/images/b6ee8bc5-a3a7-48ac-9179-6bd434081b2b.png HTTP/1.1" 200 354050
"GET /event/event/list HTTP/1.1" 200 307
"GET /classify/list HTTP/1.1" 200 10434
"GET /repository/dept/list HTTP/1.1" 200 488
"GET /repository/user/list HTTP/1.1" 200 1456
"POST /repository/search HTTP/1.1" 200 60549
"GET /repository/history?id=60 HTTP/1.1" 200 839
"GET /repository/history?id=59 HTTP/1.1" 200 891
"GET /repository/history?id=89 HTTP/1.1" 200 904
"GET /repository/history?id=90 HTTP/1.1" 200 590
"GET /repository/history?id=88 HTTP/1.1" 200 896
"GET /repository/history?id=56 HTTP/1.1" 200 924
"GET /repository/history?id=52 HTTP/1.1" 200 943
"GET /repository/history?id=57 HTTP/1.1" 200 1242
"GET /repository/history?id=61 HTTP/1.1" 200 890
"GET /repository/history?id=87 HTTP/1.1" 200 890
"GET /event/event/list HTTP/1.1" 200 307
"GET /repository/dept/list HTTP/1.1" 200 488
"GET /classify/list HTTP/1.1" 200 10434
"GET /repository/user/list HTTP/1.1" 200 1456
"GET /event/event/list HTTP/1.1" 200 307
"GET /repository/user/list HTTP/1.1" 200 1456
"GET /repository/dept/list HTTP/1.1" 200 488
"GET /classify/list HTTP/1.1" 200 10434
"POST /repository/search HTTP/1.1" 200 60549
"GET /repository/history?id=90 HTTP/1.1" 200 590
"GET /repository/history?id=60 HTTP/1.1" 200 839
"GET /repository/history?id=56 HTTP/1.1" 200 924
"GET /repository/history?id=59 HTTP/1.1" 200 891
"GET /repository/history?id=88 HTTP/1.1" 200 896
"GET /repository/history?id=89 HTTP/1.1" 200 904
"GET /repository/history?id=57 HTTP/1.1" 200 1242
"GET /repository/history?id=61 HTTP/1.1" 200 890
"GET /repository/history?id=52 HTTP/1.1" 200 943
"GET /repository/history?id=87 HTTP/1.1" 200 890
"GET /repository/user/list HTTP/1.1" 200 1456
"GET /repository/dept/list HTTP/1.1" 200 488
"GET /event/event/list HTTP/1.1" 200 307
"GET /classify/list HTTP/1.1" 200 10434
登录请求 - 用户名: admin, 请求方法: POST
找到用户: admin, 用户ID: 1, 用户状态: 1
密码验证结果: True
"POST /user/login?username=admin&password=1234567&rememberMe=true HTTP/1.1" 200 6747
"POST /repository/search HTTP/1.1" 200 60549
"GET /repository/history?id=90 HTTP/1.1" 200 590
"GET /repository/history?id=60 HTTP/1.1" 200 839
"GET /repository/history?id=56 HTTP/1.1" 200 924
"GET /repository/history?id=59 HTTP/1.1" 200 891
"GET /repository/history?id=89 HTTP/1.1" 200 904
"GET /repository/history?id=88 HTTP/1.1" 200 896
"GET /repository/history?id=57 HTTP/1.1" 200 1242
"GET /repository/history?id=87 HTTP/1.1" 200 890
"GET /repository/history?id=61 HTTP/1.1" 200 890
"GET /repository/history?id=52 HTTP/1.1" 200 943
"GET /repository/user/list HTTP/1.1" 200 1456
"GET /classify/list HTTP/1.1" 200 10434
"GET /event/event/list HTTP/1.1" 200 307
"GET /repository/dept/list HTTP/1.1" 200 488
"GET /classify/list HTTP/1.1" 200 10434
"GET /repository/user/list HTTP/1.1" 200 1456
"GET /repository/dept/list HTTP/1.1" 200 488
"GET /event/event/list HTTP/1.1" 200 307
Watching for file changes with StatReloader
登录请求 - 用户名: admin, 请求方法: POST
找到用户: admin, 用户ID: 1, 用户状态: 1
登录请求 - 用户名: admin, 请求方法: POST
密码验证结果: True
找到用户: admin, 用户ID: 1, 用户状态: 1
"POST /user/login?username=admin&password=1234567&rememberMe=true HTTP/1.1" 200 6747
"GET /media/userAvatar/default.jpg HTTP/1.1" 200 9062
密码验证结果: True
"POST /user/login?username=admin&password=1234567&rememberMe=true HTTP/1.1" 200 6747
登录请求 - 用户名: gaodi, 请求方法: POST
找到用户: gaodi, 用户ID: 42, 用户状态: 2
密码验证结果: True
登录失败 - 用户 gaodi 已被禁用
"POST /user/login?username=gaodi&password=123456&rememberMe=true HTTP/1.1" 200 115
登录请求 - 用户名: admin, 请求方法: POST
找到用户: admin, 用户ID: 1, 用户状态: 1
密码验证结果: True
"POST /user/login?username=admin&password=1234567&rememberMe=true HTTP/1.1" 200 6747
"POST /user/search HTTP/1.1" 200 8838
"POST /user/search HTTP/1.1" 200 8211
"POST /user/status HTTP/1.1" 200 13
登录请求 - 用户名: gaodi, 请求方法: POST
找到用户: gaodi, 用户ID: 42, 用户状态: 1
密码验证结果: True
"POST /user/login?username=gaodi&password=123456&rememberMe=true HTTP/1.1" 200 5746
"POST /user/search HTTP/1.1" 200 8838
"POST /user/status HTTP/1.1" 200 13
"POST /user/search HTTP/1.1" 200 8211
"POST /user/search HTTP/1.1" 200 8838
"POST /user/search HTTP/1.1" 200 8211
"POST /repository/search HTTP/1.1" 200 26106
"GET /repository/history?id=57 HTTP/1.1" 200 1242
"GET /repository/history?id=60 HTTP/1.1" 200 839
"GET /repository/history?id=59 HTTP/1.1" 200 891
"GET /repository/history?id=61 HTTP/1.1" 200 890
"GET /repository/history?id=58 HTTP/1.1" 200 1998
"GET /repository/history?id=66 HTTP/1.1" 200 470
"GET /repository/history?id=65 HTTP/1.1" 200 457
"GET /repository/history?id=63 HTTP/1.1" 200 476
"GET /repository/history?id=62 HTTP/1.1" 200 476
"GET /repository/history?id=64 HTTP/1.1" 200 464
尝试获取知识库 60 的复盘列表，页码: 1, 每页: 10
总共找到 0 条复盘记录
返回复盘列表，当前页: 1, 每页: 10, 总数: 0
"GET /repository/review/list?id=60&page=1&page_size=10 HTTP/1.1" 200 90
"GET /repository/comment/list?id=60&role_id=34&user_id=42&page=1&page_size=10 HTTP/1.1" 200 91
"GET /repository/detail?id=60 HTTP/1.1" 200 2469
"GET /repository/associated-events?id=60 HTTP/1.1" 200 1737
"POST /repository/search HTTP/1.1" 200 26106
"GET /repository/history?id=58 HTTP/1.1" 200 1998
"GET /repository/history?id=66 HTTP/1.1" 200 470
"GET /repository/history?id=61 HTTP/1.1" 200 890
"GET /repository/history?id=57 HTTP/1.1" 200 1242
"GET /repository/history?id=60 HTTP/1.1" 200 839
"GET /repository/history?id=59 HTTP/1.1" 200 891
"GET /repository/history?id=65 HTTP/1.1" 200 457
"GET /repository/history?id=62 HTTP/1.1" 200 476
"GET /repository/history?id=63 HTTP/1.1" 200 476
"GET /repository/history?id=64 HTTP/1.1" 200 464
尝试获取知识库 66 的复盘列表，页码: 1, 每页: 10
总共找到 0 条复盘记录
返回复盘列表，当前页: 1, 每页: 10, 总数: 0
"GET /repository/review/list?id=66&page=1&page_size=10 HTTP/1.1" 200 90
"GET /repository/comment/list?id=66&role_id=34&user_id=42&page=1&page_size=10 HTTP/1.1" 200 91
"GET /repository/detail?id=66 HTTP/1.1" 200 1085
"GET /repository/associated-events?id=66 HTTP/1.1" 200 286
"POST /repository/search HTTP/1.1" 200 26106
"GET /repository/history?id=61 HTTP/1.1" 200 890
"GET /repository/history?id=66 HTTP/1.1" 200 470
"GET /repository/history?id=60 HTTP/1.1" 200 839
"GET /repository/history?id=59 HTTP/1.1" 200 891
"GET /repository/history?id=58 HTTP/1.1" 200 1998
"GET /repository/history?id=57 HTTP/1.1" 200 1242
"GET /repository/history?id=64 HTTP/1.1" 200 464
"GET /repository/history?id=63 HTTP/1.1" 200 476
"GET /repository/history?id=65 HTTP/1.1" 200 457
"GET /repository/history?id=62 HTTP/1.1" 200 476
"GET /repository/dept/list HTTP/1.1" 200 488
"GET /repository/user/list HTTP/1.1" 200 1456
"GET /classify/list HTTP/1.1" 200 10434
"GET /event/event/list HTTP/1.1" 200 307
"POST /repository/upload/image HTTP/1.1" 200 113
"GET /media/images/4e43c0a0-b3b4-4f14-ac4a-e3adf97554a1.png HTTP/1.1" 200 1705453
"POST /user/search HTTP/1.1" 200 8838
"POST /user/search HTTP/1.1" 200 8838
登录请求 - 用户名: gaodi, 请求方法: POST
找到用户: gaodi, 用户ID: 42, 用户状态: 1
密码验证结果: True
"POST /user/login?username=gaodi&password=123456&rememberMe=true HTTP/1.1" 200 5746
"POST /user/search HTTP/1.1" 200 8838
"POST /user/search HTTP/1.1" 200 8211
登录请求 - 用户名: admin, 请求方法: POST
找到用户: admin, 用户ID: 1, 用户状态: 1
密码验证结果: True
"POST /user/login?username=admin&password=1234567&rememberMe=true HTTP/1.1" 200 6747
"POST /user/search HTTP/1.1" 200 8838
登录请求 - 用户名: gaodi, 请求方法: POST
找到用户: gaodi, 用户ID: 42, 用户状态: 1
密码验证结果: True
"POST /user/login?username=gaodi&password=123456&rememberMe=true HTTP/1.1" 200 5746
页面大小: 10, 页码: 1
"POST /role/search HTTP/1.1" 200 1819
"POST /user/search HTTP/1.1" 200 8838
"POST /user/search HTTP/1.1" 200 8838
登录请求 - 用户名: gaodi, 请求方法: POST
找到用户: gaodi, 用户ID: 42, 用户状态: 1
密码验证结果: True
"POST /user/login?username=gaodi&password=123456&rememberMe=true HTTP/1.1" 200 5746
"POST /user/search HTTP/1.1" 200 8838
"POST /user/search HTTP/1.1" 200 8838
"POST /user/search HTTP/1.1" 200 8838
登录请求 - 用户名: gaodi, 请求方法: POST
找到用户: gaodi, 用户ID: 42, 用户状态: 1
密码验证结果: True
"POST /user/login?username=gaodi&password=123456&rememberMe=true HTTP/1.1" 200 5746
"POST /user/search HTTP/1.1" 200 8838
登录请求 - 用户名: gaodi, 请求方法: POST
找到用户: gaodi, 用户ID: 42, 用户状态: 1
密码验证结果: True
"POST /user/login?username=gaodi&password=123456&rememberMe=true HTTP/1.1" 200 5746
"POST /user/search HTTP/1.1" 200 8838
"POST /user/search HTTP/1.1" 200 8838
"POST /user/search HTTP/1.1" 200 8838
登录请求 - 用户名: gaodi, 请求方法: POST
找到用户: gaodi, 用户ID: 42, 用户状态: 1
密码验证结果: True
"POST /user/login?username=gaodi&password=123456&rememberMe=true HTTP/1.1" 200 5746
"POST /user/search HTTP/1.1" 200 8838
"POST /user/search HTTP/1.1" 200 8838
登录请求 - 用户名: gaodi, 请求方法: POST
找到用户: gaodi, 用户ID: 42, 用户状态: 1
密码验证结果: True
"POST /user/login?username=gaodi&password=123456&rememberMe=true HTTP/1.1" 200 5746
"POST /user/search HTTP/1.1" 200 8838
"POST /user/search HTTP/1.1" 200 8838
"POST /user/search HTTP/1.1" 200 2454
"POST /user/search HTTP/1.1" 200 8838
页面大小: 10, 页码: 1
"POST /role/search HTTP/1.1" 200 1819
"POST /user/search HTTP/1.1" 200 8838
登录请求 - 用户名: admin, 请求方法: POST
找到用户: admin, 用户ID: 1, 用户状态: 1
密码验证结果: True
"POST /user/login?username=admin&password=1234567&rememberMe=true HTTP/1.1" 200 6747
"POST /user/search HTTP/1.1" 200 8838
"POST /user/search HTTP/1.1" 200 8838
"GET /user/level/list HTTP/1.1" 200 174
"GET /user/post/list HTTP/1.1" 200 1020
"GET /user/dept/list HTTP/1.1" 200 492
"POST /user/check HTTP/1.1" 200 13
"POST /user/search HTTP/1.1" 200 8838
登录请求 - 用户名: gaodi, 请求方法: POST
找到用户: gaodi, 用户ID: 42, 用户状态: 1
密码验证结果: True
"POST /user/login?username=gaodi&password=123456&rememberMe=true HTTP/1.1" 200 5746
"POST /user/search HTTP/1.1" 200 8838
"GET /user/post/list HTTP/1.1" 200 1020
"GET /user/dept/list HTTP/1.1" 200 492
"GET /user/level/list HTTP/1.1" 200 174
"POST /user/check HTTP/1.1" 200 13
"POST /user/check HTTP/1.1" 200 13
"POST /user/save HTTP/1.1" 200 13
"POST /user/search HTTP/1.1" 200 8838
"POST /user/search HTTP/1.1" 200 3198
"DELETE /user/action HTTP/1.1" 200 114
"POST /user/search HTTP/1.1" 200 3198
"POST /user/search HTTP/1.1" 200 8838
"POST /user/search HTTP/1.1" 200 3198
登录请求 - 用户名: admin, 请求方法: POST
找到用户: admin, 用户ID: 1, 用户状态: 1
密码验证结果: True
"POST /user/login?username=admin&password=1234567&rememberMe=true HTTP/1.1" 200 6747
"POST /approval/list HTTP/1.1" 200 1750
D:\my_project\Django_admin\jj_system\jj_system\settings.py changed, reloading.
Watching for file changes with StatReloader
"POST /repository/search HTTP/1.1" 200 60549
"GET /repository/history?id=88 HTTP/1.1" 200 896
"GET /repository/history?id=90 HTTP/1.1" 200 590
"GET /repository/history?id=89 HTTP/1.1" 200 904
"GET /repository/history?id=56 HTTP/1.1" 200 924
"GET /repository/history?id=60 HTTP/1.1" 200 839
"GET /repository/history?id=59 HTTP/1.1" 200 891
"GET /repository/history?id=57 HTTP/1.1" 200 1242
"GET /repository/history?id=52 HTTP/1.1" 200 943
"GET /repository/history?id=87 HTTP/1.1" 200 890
"GET /repository/history?id=61 HTTP/1.1" 200 890
尝试获取知识库 56 的复盘列表，页码: 1, 每页: 10
总共找到 0 条复盘记录
返回复盘列表，当前页: 1, 每页: 10, 总数: 0
"GET /repository/review/list?id=56&page=1&page_size=10 HTTP/1.1" 200 90
"GET /repository/comment/list?id=56&role_id=1&user_id=1&page=1&page_size=10 HTTP/1.1" 200 91
"GET /repository/detail?id=56 HTTP/1.1" 200 1573
"GET /repository/associated-events?id=56 HTTP/1.1" 200 286
"POST /repository/search HTTP/1.1" 200 60549
"GET /repository/history?id=59 HTTP/1.1" 200 891
"GET /repository/history?id=88 HTTP/1.1" 200 896
"GET /repository/history?id=90 HTTP/1.1" 200 590
"GET /repository/history?id=60 HTTP/1.1" 200 839
"GET /repository/history?id=89 HTTP/1.1" 200 904
"GET /repository/history?id=56 HTTP/1.1" 200 924
"GET /repository/history?id=57 HTTP/1.1" 200 1242
"GET /repository/history?id=87 HTTP/1.1" 200 890
"GET /repository/history?id=52 HTTP/1.1" 200 943
"GET /repository/history?id=61 HTTP/1.1" 200 890
Watching for file changes with StatReloader
登录请求 - 用户名: admin, 请求方法: POST
找到用户: admin, 用户ID: 1, 用户状态: 1
密码验证结果: True
"POST /user/login?username=admin&password=1234567&rememberMe=true HTTP/1.1" 200 6747
"GET /media/userAvatar/default.jpg HTTP/1.1" 200 9062
Watching for file changes with StatReloader
登录请求 - 用户名: admin, 请求方法: POST
找到用户: admin, 用户ID: 1, 用户状态: 1
密码验证结果: True
"POST /user/login?username=admin&password=1234567&rememberMe=true HTTP/1.1" 200 6747
"GET /media/userAvatar/default.jpg HTTP/1.1" 200 9062
"POST /approval/list HTTP/1.1" 200 1750
Watching for file changes with StatReloader
"POST /user/search HTTP/1.1" 200 8838
"POST /approval/list HTTP/1.1" 200 1750
"GET /media/userAvatar/default.jpg HTTP/1.1" 200 9062
Watching for file changes with StatReloader
登录请求 - 用户名: admin, 请求方法: POST
找到用户: admin, 用户ID: 1, 用户状态: 1
密码验证结果: True
"POST /user/login?username=admin&password=1234567&rememberMe=true HTTP/1.1" 200 6747
登录请求 - 用户名: admin, 请求方法: POST
找到用户: admin, 用户ID: 1, 用户状态: 1
密码验证结果: True
"POST /user/login?username=admin&password=1234567&rememberMe=true HTTP/1.1" 200 6747
"POST /approval/list HTTP/1.1" 200 1750
"POST /approval/list HTTP/1.1" 200 1750
D:\my_project\Django_admin\jj_system\jj_system\urls.py changed, reloading.
Watching for file changes with StatReloader
D:\my_project\Django_admin\jj_system\map\views.py changed, reloading.
Watching for file changes with StatReloader
Watching for file changes with StatReloader
Watching for file changes with StatReloader
Watching for file changes with StatReloader
"GET /map/district/?keywords=100000&subdistrict=1&extensions=all HTTP/1.1" 200 53
D:\my_project\Django_admin\jj_system\map\views.py changed, reloading.
Watching for file changes with StatReloader
D:\my_project\Django_admin\jj_system\map\views.py changed, reloading.
Watching for file changes with StatReloader
D:\my_project\Django_admin\jj_system\map\views.py changed, reloading.
Watching for file changes with StatReloader
"GET /map/district/?keywords=100000&subdistrict=1&extensions=all HTTP/1.1" 200 53
Watching for file changes with StatReloader
"GET /map/district/?keywords=100000&subdistrict=1&extensions=all HTTP/1.1" 200 53
登录请求 - 用户名: admin, 请求方法: POST
找到用户: admin, 用户ID: 1, 用户状态: 1
密码验证结果: True
"POST /user/login?username=admin&password=1234567&rememberMe=true HTTP/1.1" 200 6747
"GET /map/district/?keywords=100000&subdistrict=1&extensions=all HTTP/1.1" 200 53
"GET /map/district/?keywords=100000&subdistrict=1&extensions=all HTTP/1.1" 200 53
"GET /map/district/?keywords=100000&subdistrict=1&extensions=all HTTP/1.1" 200 53
D:\my_project\Django_admin\jj_system\user\middleware.py changed, reloading.
Watching for file changes with StatReloader
D:\my_project\Django_admin\jj_system\user\middleware.py changed, reloading.
Watching for file changes with StatReloader
D:\my_project\Django_admin\jj_system\jj_system\settings.py changed, reloading.
Watching for file changes with StatReloader
Internal Server Error: /map/district/
"GET /map/district/?keywords=100000&subdistrict=1&extensions=all HTTP/1.1" 500 276
Watching for file changes with StatReloader
Internal Server Error: /map/district/
"GET /map/district/?keywords=100000&subdistrict=1&extensions=all HTTP/1.1" 500 276
登录请求 - 用户名: admin, 请求方法: POST
找到用户: admin, 用户ID: 1, 用户状态: 1
密码验证结果: True
"POST /user/login?username=admin&password=1234567&rememberMe=true HTTP/1.1" 200 6747
Internal Server Error: /map/district/
"GET /map/district/?keywords=100000&subdistrict=1&extensions=all HTTP/1.1" 500 276
D:\my_project\Django_admin\jj_system\jj_system\settings.py changed, reloading.
Watching for file changes with StatReloader
D:\my_project\Django_admin\jj_system\map\views.py changed, reloading.
Watching for file changes with StatReloader
D:\my_project\Django_admin\jj_system\map\views.py changed, reloading.
Watching for file changes with StatReloader
D:\my_project\Django_admin\jj_system\map\views.py changed, reloading.
Watching for file changes with StatReloader
Internal Server Error: /map/district/
"GET /map/district/?keywords=100000&subdistrict=1&extensions=all HTTP/1.1" 500 276
Watching for file changes with StatReloader
Internal Server Error: /map/district/
"GET /map/district/?keywords=100000&subdistrict=1&extensions=all HTTP/1.1" 500 276
Internal Server Error: /map/district/
"GET /map/district/?keywords=100000&subdistrict=1&extensions=all HTTP/1.1" 500 276
登录请求 - 用户名: admin, 请求方法: POST
找到用户: admin, 用户ID: 1, 用户状态: 1
密码验证结果: True
"POST /user/login?username=admin&password=1234567&rememberMe=true HTTP/1.1" 200 6747
Internal Server Error: /map/district/
"GET /map/district/?keywords=100000&subdistrict=1&extensions=all HTTP/1.1" 500 276
D:\my_project\Django_admin\jj_system\map\views.py changed, reloading.
Watching for file changes with StatReloader
D:\my_project\Django_admin\jj_system\map\views.py changed, reloading.
Watching for file changes with StatReloader
Watching for file changes with StatReloader
Internal Server Error: /map/district/
"GET /map/district/?keywords=100000&subdistrict=1&extensions=all HTTP/1.1" 500 272
Internal Server Error: /map/district/
"GET /map/district/?keywords=100000&subdistrict=1&extensions=all HTTP/1.1" 500 272
D:\my_project\Django_admin\jj_system\jj_system\settings.py changed, reloading.
Watching for file changes with StatReloader
D:\my_project\Django_admin\jj_system\jj_system\settings.py changed, reloading.
Watching for file changes with StatReloader
"POST /approval/list HTTP/1.1" 200 1750
"POST /approval/list HTTP/1.1" 200 1750
Watching for file changes with StatReloader
登录请求 - 用户名: admin, 请求方法: POST
找到用户: admin, 用户ID: 1, 用户状态: 1
密码验证结果: True
"POST /user/login?username=admin&password=1234567&rememberMe=true HTTP/1.1" 200 6747
登录请求 - 用户名: admin, 请求方法: POST
找到用户: admin, 用户ID: 1, 用户状态: 1
密码验证结果: True
"POST /user/login?username=admin&password=1234567&rememberMe=true HTTP/1.1" 200 6747
Watching for file changes with StatReloader
登录请求 - 用户名: admin, 请求方法: POST
找到用户: admin, 用户ID: 1, 用户状态: 1
密码验证结果: True
"POST /user/login?username=admin&password=1234567&rememberMe=true HTTP/1.1" 200 6747
"POST /parse-invoice/ HTTP/1.1" 200 53
Watching for file changes with StatReloader
"GET /media/userAvatar/default.jpg HTTP/1.1" 200 9062
登录请求 - 用户名: admin, 请求方法: POST
找到用户: admin, 用户ID: 1, 用户状态: 1
密码验证结果: True
"POST /user/login?username=admin&password=1234567&rememberMe=true HTTP/1.1" 200 6747
登录请求 - 用户名: admin, 请求方法: POST
找到用户: admin, 用户ID: 1, 用户状态: 1
密码验证结果: True
"POST /user/login?username=admin&password=1234567&rememberMe=true HTTP/1.1" 200 6747
D:\my_project\Django_admin\jj_system\jj_system\urls.py changed, reloading.
Watching for file changes with StatReloader
D:\my_project\Django_admin\jj_system\jj_system\settings.py changed, reloading.
Watching for file changes with StatReloader
D:\my_project\Django_admin\jj_system\map\models.py changed, reloading.
Watching for file changes with StatReloader
登录请求 - 用户名: admin, 请求方法: POST
找到用户: admin, 用户ID: 1, 用户状态: 1
密码验证结果: True
"POST /user/login?username=admin&password=1234567&rememberMe=true HTTP/1.1" 200 6747
"GET /media/userAvatar/default.jpg HTTP/1.1" 200 9062
登录请求 - 用户名: admin, 请求方法: POST
找到用户: admin, 用户ID: 1, 用户状态: 1
密码验证结果: True
"POST /user/login?username=admin&password=1234567&rememberMe=true HTTP/1.1" 200 6747
登录请求 - 用户名: admin, 请求方法: POST
找到用户: admin, 用户ID: 1, 用户状态: 1
密码验证结果: True
"POST /user/login?username=admin&password=1234567&rememberMe=true HTTP/1.1" 200 6747
"POST /approval/list HTTP/1.1" 200 1750
"POST /blacklist/search HTTP/1.1" 200 3855
"POST /manhour/search HTTP/1.1" 200 8944
"POST /repository/search HTTP/1.1" 200 60549
"GET /repository/history?id=56 HTTP/1.1" 200 924
"GET /repository/history?id=60 HTTP/1.1" 200 839
"GET /repository/history?id=88 HTTP/1.1" 200 896
"GET /repository/history?id=89 HTTP/1.1" 200 904
"GET /repository/history?id=59 HTTP/1.1" 200 891
"GET /repository/history?id=90 HTTP/1.1" 200 590
"GET /repository/history?id=52 HTTP/1.1" 200 943
"GET /repository/history?id=57 HTTP/1.1" 200 1242
"GET /repository/history?id=61 HTTP/1.1" 200 890
"GET /repository/history?id=87 HTTP/1.1" 200 890
"POST /items/search HTTP/1.1" 200 2016
"POST /items/search HTTP/1.1" 200 2016
"POST /approval/list HTTP/1.1" 200 1750
登录请求 - 用户名: admin, 请求方法: POST
找到用户: admin, 用户ID: 1, 用户状态: 1
密码验证结果: True
"POST /user/login?username=admin&password=1234567&rememberMe=true HTTP/1.1" 200 6747
"GET /media/userAvatar/default.jpg HTTP/1.1" 200 9062
登录请求 - 用户名: admin, 请求方法: POST
找到用户: admin, 用户ID: 1, 用户状态: 1
密码验证结果: False
登录失败 - 用户 admin 密码错误
"POST /user/login?username=admin&password=123456&rememberMe=false HTTP/1.1" 200 85
登录请求 - 用户名: admin, 请求方法: POST
找到用户: admin, 用户ID: 1, 用户状态: 1
密码验证结果: True
"POST /user/login?username=admin&password=1234567&rememberMe=false HTTP/1.1" 200 6747
"GET /media/userAvatar/default.jpg HTTP/1.1" 200 9062
登录请求 - 用户名: admin, 请求方法: POST
找到用户: admin, 用户ID: 1, 用户状态: 1
密码验证结果: True
"POST /user/login?username=admin&password=1234567&rememberMe=true HTTP/1.1" 200 6747
D:\my_project\Django_admin\jj_system\manhour\views.py changed, reloading.
Watching for file changes with StatReloader
D:\my_project\Django_admin\jj_system\manhour\views.py changed, reloading.
Watching for file changes with StatReloader
D:\my_project\Django_admin\jj_system\manhour\views.py changed, reloading.
Watching for file changes with StatReloader
Watching for file changes with StatReloader
登录请求 - 用户名: admin, 请求方法: POST
找到用户: admin, 用户ID: 1, 用户状态: 1
密码验证结果: True
"POST /user/login?username=admin&password=1234567&rememberMe=true HTTP/1.1" 200 6747
Watching for file changes with StatReloader
登录请求 - 用户名: admin, 请求方法: POST
找到用户: admin, 用户ID: 1, 用户状态: 1
密码验证结果: True
"POST /user/login?username=admin&password=1234567&rememberMe=true HTTP/1.1" 200 6747
登录请求 - 用户名: admin, 请求方法: POST
找到用户: admin, 用户ID: 1, 用户状态: 1
密码验证结果: True
"POST /user/login?username=admin&password=1234567&rememberMe=true HTTP/1.1" 200 6747
Watching for file changes with StatReloader
Watching for file changes with StatReloader
"GET /ws HTTP/1.1" 200 53
"GET /ws HTTP/1.1" 200 53
"GET /ws HTTP/1.1" 200 53
"GET /ws HTTP/1.1" 200 53
登录请求 - 用户名: admin, 请求方法: POST
找到用户: admin, 用户ID: 1, 用户状态: 1
密码验证结果: True
"POST /user/login?username=admin&password=1234567&rememberMe=true HTTP/1.1" 200 6747
"POST /user/search HTTP/1.1" 200 8838
页面大小: 10, 页码: 1
"POST /role/search HTTP/1.1" 200 1819
菜单查询集: <QuerySet [<SysMenu: SysMenu object (3)>, <SysMenu: SysMenu object (1)>, <SysMenu: SysMenu object (31)>, <SysMenu: SysMenu object (11)>, <SysMenu: SysMenu object (27)>, <SysMenu: SysMenu object (22)>, <SysMenu: SysMenu object (2)>, <SysMenu: SysMenu object (4)>, <SysMenu: SysMenu object (32)>, <SysMenu: SysMenu object (28)>, <SysMenu: SysMenu object (23)>, <SysMenu: SysMenu object (33)>, <SysMenu: SysMenu object (29)>, <SysMenu: SysMenu object (24)>, <SysMenu: SysMenu object (14)>, <SysMenu: SysMenu object (5)>, <SysMenu: SysMenu object (17)>, <SysMenu: SysMenu object (25)>, <SysMenu: SysMenu object (6)>, <SysMenu: SysMenu object (26)>, '...(remaining elements truncated)...']>
菜单树结果: [<SysMenu: SysMenu object (1)>, <SysMenu: SysMenu object (2)>, <SysMenu: SysMenu object (30)>]
"GET /menu/treeList HTTP/1.1" 200 5810
"POST /level/search HTTP/1.1" 200 634
"POST /classify/search HTTP/1.1" 200 2051
"POST /manhour/search HTTP/1.1" 200 8944
"POST /repository/search HTTP/1.1" 200 60549
"GET /repository/history?id=88 HTTP/1.1" 200 896
"GET /repository/history?id=90 HTTP/1.1" 200 590
"GET /repository/history?id=59 HTTP/1.1" 200 891
"GET /repository/history?id=60 HTTP/1.1" 200 839
"GET /repository/history?id=56 HTTP/1.1" 200 924
"GET /repository/history?id=89 HTTP/1.1" 200 904
"GET /repository/history?id=61 HTTP/1.1" 200 890
"GET /repository/history?id=57 HTTP/1.1" 200 1242
"GET /repository/history?id=52 HTTP/1.1" 200 943
"GET /repository/history?id=87 HTTP/1.1" 200 890
"POST /items/search HTTP/1.1" 200 2016
"GET /files/list/?page=1&page_size=10 HTTP/1.1" 200 4201
登录请求 - 用户名: admin, 请求方法: POST
找到用户: admin, 用户ID: 1, 用户状态: 1
密码验证结果: True
"POST /user/login?username=admin&password=1234567&rememberMe=true HTTP/1.1" 200 6747
Watching for file changes with StatReloader
Watching for file changes with StatReloader
Watching for file changes with StatReloader
"POST /approval/list HTTP/1.1" 200 1750
"POST /user/search HTTP/1.1" 200 8838
页面大小: 10, 页码: 1
"POST /role/search HTTP/1.1" 200 1819
菜单查询集: <QuerySet [<SysMenu: SysMenu object (3)>, <SysMenu: SysMenu object (1)>, <SysMenu: SysMenu object (31)>, <SysMenu: SysMenu object (11)>, <SysMenu: SysMenu object (27)>, <SysMenu: SysMenu object (22)>, <SysMenu: SysMenu object (2)>, <SysMenu: SysMenu object (4)>, <SysMenu: SysMenu object (32)>, <SysMenu: SysMenu object (28)>, <SysMenu: SysMenu object (23)>, <SysMenu: SysMenu object (33)>, <SysMenu: SysMenu object (29)>, <SysMenu: SysMenu object (24)>, <SysMenu: SysMenu object (14)>, <SysMenu: SysMenu object (5)>, <SysMenu: SysMenu object (17)>, <SysMenu: SysMenu object (25)>, <SysMenu: SysMenu object (6)>, <SysMenu: SysMenu object (26)>, '...(remaining elements truncated)...']>
菜单树结果: [<SysMenu: SysMenu object (1)>, <SysMenu: SysMenu object (2)>, <SysMenu: SysMenu object (30)>]
"GET /menu/treeList HTTP/1.1" 200 5810
"GET /department/treeList HTTP/1.1" 200 2344
"POST /post/search HTTP/1.1" 200 1638
"POST /level/search HTTP/1.1" 200 634
"POST /classify/search HTTP/1.1" 200 2051
"POST /event/search HTTP/1.1" 200 874
"POST /blacklist/search HTTP/1.1" 200 3855
"POST /manhour/search HTTP/1.1" 200 8944
"POST /repository/search HTTP/1.1" 200 60549
"GET /repository/history?id=59 HTTP/1.1" 200 891
"GET /repository/history?id=88 HTTP/1.1" 200 896
"GET /repository/history?id=60 HTTP/1.1" 200 839
"GET /repository/history?id=90 HTTP/1.1" 200 590
"GET /repository/history?id=56 HTTP/1.1" 200 924
"GET /repository/history?id=89 HTTP/1.1" 200 904
"GET /repository/history?id=57 HTTP/1.1" 200 1242
"GET /repository/history?id=61 HTTP/1.1" 200 890
"GET /repository/history?id=52 HTTP/1.1" 200 943
"GET /repository/history?id=87 HTTP/1.1" 200 890
"POST /items/search HTTP/1.1" 200 2016
"GET /files/list/?page=1&page_size=10 HTTP/1.1" 200 4201
"POST /approval/list HTTP/1.1" 200 1750
"POST /manhour/search HTTP/1.1" 200 8944
"POST /repository/search HTTP/1.1" 200 60549
"GET /repository/history?id=88 HTTP/1.1" 200 896
"GET /repository/history?id=56 HTTP/1.1" 200 924
"GET /repository/history?id=60 HTTP/1.1" 200 839
"GET /repository/history?id=90 HTTP/1.1" 200 590
"GET /repository/history?id=89 HTTP/1.1" 200 904
"GET /repository/history?id=59 HTTP/1.1" 200 891
"GET /repository/history?id=57 HTTP/1.1" 200 1242
"GET /repository/history?id=61 HTTP/1.1" 200 890
"GET /repository/history?id=87 HTTP/1.1" 200 890
"GET /repository/history?id=52 HTTP/1.1" 200 943
"POST /user/search HTTP/1.1" 200 8838
页面大小: 10, 页码: 1
"POST /role/search HTTP/1.1" 200 1819
登录请求 - 用户名: admin, 请求方法: POST
找到用户: admin, 用户ID: 1, 用户状态: 1
密码验证结果: True
"POST /user/login?username=admin&password=1234567&rememberMe=true HTTP/1.1" 200 6747
"POST /repository/search HTTP/1.1" 200 83
"POST /manhour/search HTTP/1.1" 200 83
"POST /manhour/search HTTP/1.1" 200 83
"POST /repository/search HTTP/1.1" 200 83
"POST /manhour/search HTTP/1.1" 200 83
"POST /manhour/search HTTP/1.1" 200 83
"POST /blacklist/search HTTP/1.1" 200 83
"POST /blacklist/search HTTP/1.1" 200 83
"POST /items/search HTTP/1.1" 200 83
"POST /items/search HTTP/1.1" 200 83
"GET /files/list/?page=1&page_size=10 HTTP/1.1" 200 83
登录请求 - 用户名: admin, 请求方法: POST
找到用户: admin, 用户ID: 1, 用户状态: 1
密码验证结果: True
"POST /user/login?username=admin&password=1234567&rememberMe=true HTTP/1.1" 200 6747
"POST /manhour/search HTTP/1.1" 200 8944
Watching for file changes with StatReloader
Watching for file changes with StatReloader
登录请求 - 用户名: admin, 请求方法: POST
找到用户: admin, 用户ID: 1, 用户状态: 1
密码验证结果: True
"POST /user/login?username=admin&password=1234567&rememberMe=true HTTP/1.1" 200 6747
"POST /manhour/search HTTP/1.1" 200 8944
"POST /repository/search HTTP/1.1" 200 60549
"GET /repository/history?id=60 HTTP/1.1" 200 839
"GET /repository/history?id=56 HTTP/1.1" 200 924
"GET /repository/history?id=90 HTTP/1.1" 200 590
"GET /repository/history?id=59 HTTP/1.1" 200 891
"GET /repository/history?id=88 HTTP/1.1" 200 896
"GET /repository/history?id=89 HTTP/1.1" 200 904
"GET /repository/history?id=61 HTTP/1.1" 200 890
"GET /repository/history?id=52 HTTP/1.1" 200 943
"GET /repository/history?id=57 HTTP/1.1" 200 1242
"GET /repository/history?id=87 HTTP/1.1" 200 890
"POST /manhour/search HTTP/1.1" 200 8944
"POST /blacklist/search HTTP/1.1" 200 3855
"POST /user/search HTTP/1.1" 200 8838
Watching for file changes with StatReloader
Watching for file changes with StatReloader
登录请求 - 用户名: admin, 请求方法: POST
找到用户: admin, 用户ID: 1, 用户状态: 1
密码验证结果: True
"POST /user/login?username=admin&password=1234567&rememberMe=true HTTP/1.1" 200 6747
登录请求 - 用户名: admin, 请求方法: POST
找到用户: admin, 用户ID: 1, 用户状态: 1
密码验证结果: True
"POST /user/login?username=admin&password=1234567&rememberMe=true HTTP/1.1" 200 6747
登录请求 - 用户名: admin, 请求方法: POST
找到用户: admin, 用户ID: 1, 用户状态: 1
密码验证结果: True
"POST /user/login?username=admin&password=1234567&rememberMe=true HTTP/1.1" 200 6747
D:\my_project\Django_admin\jj_system\map\models.py changed, reloading.
Watching for file changes with StatReloader
D:\my_project\Django_admin\jj_system\map\views.py changed, reloading.
Watching for file changes with StatReloader
D:\my_project\Django_admin\jj_system\map\views.py changed, reloading.
Watching for file changes with StatReloader
D:\my_project\Django_admin\jj_system\map\urls.py changed, reloading.
Watching for file changes with StatReloader
Watching for file changes with StatReloader
登录请求 - 用户名: admin, 请求方法: POST
找到用户: admin, 用户ID: 1, 用户状态: 1
密码验证结果: False
登录失败 - 用户 admin 密码错误
"POST /user/login?username=admin&password=admin1234567&rememberMe=false HTTP/1.1" 200 85
登录请求 - 用户名: admin, 请求方法: POST
找到用户: admin, 用户ID: 1, 用户状态: 1
密码验证结果: False
登录失败 - 用户 admin 密码错误
"POST /user/login?username=admin&password=admin123&rememberMe=false HTTP/1.1" 200 85
登录请求 - 用户名: admin, 请求方法: POST
找到用户: admin, 用户ID: 1, 用户状态: 1
密码验证结果: False
登录失败 - 用户 admin 密码错误
"POST /user/login?username=admin&password=admin123&rememberMe=false HTTP/1.1" 200 85
登录请求 - 用户名: admin, 请求方法: POST
找到用户: admin, 用户ID: 1, 用户状态: 1
密码验证结果: True
"POST /user/login?username=admin&password=1234567&rememberMe=false HTTP/1.1" 200 6747
"GET /media/userAvatar/default.jpg HTTP/1.1" 200 9062
"POST /approval/list HTTP/1.1" 200 1750
"GET /files/list/?page=1&page_size=10 HTTP/1.1" 200 4201
"POST /items/search HTTP/1.1" 200 2016
"POST /repository/search HTTP/1.1" 200 60549
"GET /repository/history?id=90 HTTP/1.1" 200 590
"GET /repository/history?id=56 HTTP/1.1" 200 924
"GET /repository/history?id=60 HTTP/1.1" 200 839
"GET /repository/history?id=89 HTTP/1.1" 200 904
"GET /repository/history?id=88 HTTP/1.1" 200 896
"GET /repository/history?id=59 HTTP/1.1" 200 891
"GET /repository/history?id=61 HTTP/1.1" 200 890
"GET /repository/history?id=57 HTTP/1.1" 200 1242
"GET /repository/history?id=52 HTTP/1.1" 200 943
"GET /repository/history?id=87 HTTP/1.1" 200 890
"POST /manhour/search HTTP/1.1" 200 8944
"POST /blacklist/search HTTP/1.1" 200 3855
"POST /user/search HTTP/1.1" 200 8838
页面大小: 10, 页码: 1
"POST /role/search HTTP/1.1" 200 1819
菜单查询集: <QuerySet [<SysMenu: SysMenu object (3)>, <SysMenu: SysMenu object (1)>, <SysMenu: SysMenu object (31)>, <SysMenu: SysMenu object (11)>, <SysMenu: SysMenu object (27)>, <SysMenu: SysMenu object (22)>, <SysMenu: SysMenu object (2)>, <SysMenu: SysMenu object (4)>, <SysMenu: SysMenu object (32)>, <SysMenu: SysMenu object (28)>, <SysMenu: SysMenu object (23)>, <SysMenu: SysMenu object (33)>, <SysMenu: SysMenu object (29)>, <SysMenu: SysMenu object (24)>, <SysMenu: SysMenu object (14)>, <SysMenu: SysMenu object (5)>, <SysMenu: SysMenu object (17)>, <SysMenu: SysMenu object (25)>, <SysMenu: SysMenu object (6)>, <SysMenu: SysMenu object (26)>, '...(remaining elements truncated)...']>
菜单树结果: [<SysMenu: SysMenu object (1)>, <SysMenu: SysMenu object (2)>, <SysMenu: SysMenu object (30)>]
"GET /menu/treeList HTTP/1.1" 200 5810
"GET /department/treeList HTTP/1.1" 200 2344
"POST /post/search HTTP/1.1" 200 1638
"POST /level/search HTTP/1.1" 200 634
"POST /classify/search HTTP/1.1" 200 2051
"POST /event/search HTTP/1.1" 200 874
Watching for file changes with StatReloader
Adding job tentatively -- it will be properly scheduled when the scheduler starts
Added job "企业微信部门同步" to job store "default"
Scheduler started
Watching for file changes with StatReloader
登录请求 - 用户名: admin, 请求方法: POST
找到用户: admin, 用户ID: 1, 用户状态: 1
密码验证结果: True
"POST /user/login?username=admin&password=1234567&rememberMe=true HTTP/1.1" 200 6747
"GET /media/userAvatar/default.jpg HTTP/1.1" 200 9062
"POST /event/search HTTP/1.1" 200 1302
登录请求 - 用户名: admin, 请求方法: POST
找到用户: admin, 用户ID: 1, 用户状态: 1
密码验证结果: True
"POST /user/login?username=admin&password=1234567&rememberMe=true HTTP/1.1" 200 6747
"GET /department/treeList HTTP/1.1" 200 2513
Adding job tentatively -- it will be properly scheduled when the scheduler starts
Added job "企业微信部门同步" to job store "default"
Scheduler started
Watching for file changes with StatReloader
D:\my_project\Django_admin\jj_system\department\scheduler.py changed, reloading.
Adding job tentatively -- it will be properly scheduled when the scheduler starts
Added job "企业微信部门同步" to job store "default"
Scheduler started
[OK] 定时任务调度器已启动 - 每天凌晨2点执行部门同步
Watching for file changes with StatReloader
"GET /department/treeList HTTP/1.1" 200 2513
D:\my_project\Django_admin\jj_system\department\apps.py changed, reloading.
Adding job tentatively -- it will be properly scheduled when the scheduler starts
Added job "企业微信部门同步" to job store "default"
Scheduler started
[OK] 定时任务调度器已启动 - 每天凌晨2点执行部门同步
[OK] 部门同步定时任务已启动
Watching for file changes with StatReloader
"GET /department/treeList HTTP/1.1" 200 2513
登录请求 - 用户名: admin, 请求方法: POST
找到用户: admin, 用户ID: 1, 用户状态: 1
密码验证结果: True
"POST /user/login?username=admin&password=1234567&rememberMe=true HTTP/1.1" 200 6747
D:\my_project\Django_admin\jj_system\department\sync_departments.py changed, reloading.
Adding job tentatively -- it will be properly scheduled when the scheduler starts
Added job "企业微信部门同步" to job store "default"
Scheduler started
[OK] 定时任务调度器已启动 - 每天凌晨2点执行部门同步
[OK] 部门同步定时任务已启动
Watching for file changes with StatReloader
"GET /department/treeList HTTP/1.1" 200 2513
D:\my_project\Django_admin\jj_system\department\apps.py changed, reloading.
Adding job tentatively -- it will be properly scheduled when the scheduler starts
Added job "企业微信部门同步" to job store "default"
Scheduler started
[OK] 定时任务调度器已启动 - 每天凌晨2点执行部门同步
[OK] 部门同步定时任务已启动
Watching for file changes with StatReloader
"GET /department/sync/stats HTTP/1.1" 200 53
"GET /department/sync/logs?params%5Bpage%5D=1&params%5Bpage_size%5D=20 HTTP/1.1" 200 53
登录请求 - 用户名: admin, 请求方法: POST
找到用户: admin, 用户ID: 1, 用户状态: 1
密码验证结果: True
"POST /user/login?username=admin&password=1234567&rememberMe=false HTTP/1.1" 200 6747
"GET /media/userAvatar/default.jpg HTTP/1.1" 200 9062
"GET /department/treeList HTTP/1.1" 200 2513
"GET /department/sync/stats HTTP/1.1" 200 53
"GET /department/sync/logs?params%5Bpage%5D=1&params%5Bpage_size%5D=20 HTTP/1.1" 200 53
"POST /manhour/search HTTP/1.1" 200 14238
D:\my_project\Django_admin\jj_system\menu\models.py changed, reloading.
Adding job tentatively -- it will be properly scheduled when the scheduler starts
Added job "企业微信部门同步" to job store "default"
Scheduler started
[OK] 定时任务调度器已启动 - 每天凌晨2点执行部门同步
[OK] 部门同步定时任务已启动
Watching for file changes with StatReloader
D:\my_project\Django_admin\jj_system\menu\models.py changed, reloading.
Adding job tentatively -- it will be properly scheduled when the scheduler starts
Added job "企业微信部门同步" to job store "default"
Scheduler started
[OK] 定时任务调度器已启动 - 每天凌晨2点执行部门同步
[OK] 部门同步定时任务已启动
Watching for file changes with StatReloader
D:\my_project\Django_admin\jj_system\department\models.py changed, reloading.
Adding job tentatively -- it will be properly scheduled when the scheduler starts
Added job "企业微信部门同步" to job store "default"
Scheduler started
[OK] 定时任务调度器已启动 - 每天凌晨2点执行部门同步
[OK] 部门同步定时任务已启动
Watching for file changes with StatReloader
D:\my_project\Django_admin\jj_system\department\sync_departments.py changed, reloading.
Adding job tentatively -- it will be properly scheduled when the scheduler starts
Added job "企业微信部门同步" to job store "default"
Scheduler started
[OK] 定时任务调度器已启动 - 每天凌晨2点执行部门同步
[OK] 部门同步定时任务已启动
Watching for file changes with StatReloader
"GET /department/treeList HTTP/1.1" 200 1505
菜单查询集: <QuerySet [<SysMenu: SysMenu object (3)>, <SysMenu: SysMenu object (31)>, <SysMenu: SysMenu object (27)>, <SysMenu: SysMenu object (22)>, <SysMenu: SysMenu object (11)>, <SysMenu: SysMenu object (1)>, <SysMenu: SysMenu object (2)>, <SysMenu: SysMenu object (32)>, <SysMenu: SysMenu object (28)>, <SysMenu: SysMenu object (23)>, <SysMenu: SysMenu object (4)>, <SysMenu: SysMenu object (29)>, <SysMenu: SysMenu object (5)>, <SysMenu: SysMenu object (14)>, <SysMenu: SysMenu object (33)>, <SysMenu: SysMenu object (24)>, <SysMenu: SysMenu object (17)>, <SysMenu: SysMenu object (6)>, <SysMenu: SysMenu object (25)>, <SysMenu: SysMenu object (7)>, '...(remaining elements truncated)...']>
菜单树结果: [<SysMenu: SysMenu object (1)>, <SysMenu: SysMenu object (2)>, <SysMenu: SysMenu object (30)>]
"GET /menu/treeList HTTP/1.1" 200 9072
"GET /department/treeList HTTP/1.1" 200 1505
D:\my_project\Django_admin\jj_system\department\models.py changed, reloading.
Adding job tentatively -- it will be properly scheduled when the scheduler starts
Added job "企业微信部门同步" to job store "default"
Scheduler started
[OK] 定时任务调度器已启动 - 每天凌晨2点执行部门同步
[OK] 部门同步定时任务已启动
Watching for file changes with StatReloader
"GET /department/treeList HTTP/1.1" 200 1505
"GET /department/treeList HTTP/1.1" 200 1494
"GET /department/treeList HTTP/1.1" 200 1494
"GET /department/treeList HTTP/1.1" 200 1494
"GET /department/treeList HTTP/1.1" 200 1494
"GET /department/treeList HTTP/1.1" 200 1494
"GET /department/treeList HTTP/1.1" 200 1494
"GET /department/treeList HTTP/1.1" 200 1494
"POST /manhour/search HTTP/1.1" 200 14094
"GET /department/treeList HTTP/1.1" 200 1494
"GET /department/treeList HTTP/1.1" 200 1494
"GET /department/treeList HTTP/1.1" 200 1494
"GET /department/treeList HTTP/1.1" 200 1494
"GET /department/treeList HTTP/1.1" 200 1494
登录请求 - 用户名: admin, 请求方法: POST
找到用户: admin, 用户ID: 1, 用户状态: 1
密码验证结果: True
"POST /user/login?username=admin&password=1234567&rememberMe=true HTTP/1.1" 200 7602
"GET /department/treeList HTTP/1.1" 200 1494
"GET /department/treeList HTTP/1.1" 200 1494
"GET /department/treeList HTTP/1.1" 200 1494
"GET /department/treeList HTTP/1.1" 200 1494
"GET /department/treeList HTTP/1.1" 200 1494
"GET /department/treeList HTTP/1.1" 200 1494
"GET /department/treeList HTTP/1.1" 200 1494
Adding job tentatively -- it will be properly scheduled when the scheduler starts
Added job "企业微信部门同步" to job store "default"
Scheduler started
[OK] 定时任务调度器已启动 - 每天凌晨2点执行部门同步
[OK] 部门同步定时任务已启动
Watching for file changes with StatReloader
"GET /department/treeList HTTP/1.1" 200 1494
登录请求 - 用户名: admin, 请求方法: POST
找到用户: admin, 用户ID: 1, 用户状态: 1
密码验证结果: True
"POST /user/login?username=admin&password=1234567&rememberMe=true HTTP/1.1" 200 7602
"GET /department/treeList HTTP/1.1" 200 1494
菜单查询集: <QuerySet [<SysMenu: SysMenu object (3)>, <SysMenu: SysMenu object (31)>, <SysMenu: SysMenu object (27)>, <SysMenu: SysMenu object (22)>, <SysMenu: SysMenu object (11)>, <SysMenu: SysMenu object (1)>, <SysMenu: SysMenu object (2)>, <SysMenu: SysMenu object (32)>, <SysMenu: SysMenu object (28)>, <SysMenu: SysMenu object (23)>, <SysMenu: SysMenu object (4)>, <SysMenu: SysMenu object (29)>, <SysMenu: SysMenu object (5)>, <SysMenu: SysMenu object (14)>, <SysMenu: SysMenu object (33)>, <SysMenu: SysMenu object (24)>, <SysMenu: SysMenu object (17)>, <SysMenu: SysMenu object (6)>, <SysMenu: SysMenu object (25)>, <SysMenu: SysMenu object (7)>, '...(remaining elements truncated)...']>
菜单树结果: [<SysMenu: SysMenu object (1)>, <SysMenu: SysMenu object (2)>, <SysMenu: SysMenu object (30)>]
"GET /menu/treeList HTTP/1.1" 200 9072
"GET /department/treeList HTTP/1.1" 200 1494
"GET /department/treeList HTTP/1.1" 200 1494
"GET /department/treeList HTTP/1.1" 200 1494
"GET /department/treeList HTTP/1.1" 200 1494
"GET /department/treeList HTTP/1.1" 200 1494
D:\my_project\Django_admin\jj_system\department\models.py changed, reloading.
Adding job tentatively -- it will be properly scheduled when the scheduler starts
Added job "企业微信部门同步" to job store "default"
Scheduler started
[OK] 定时任务调度器已启动 - 每天凌晨2点执行部门同步
[OK] 部门同步定时任务已启动
Watching for file changes with StatReloader
"GET /department/treeList HTTP/1.1" 200 4110
"GET /department/treeList HTTP/1.1" 200 4110
D:\my_project\Django_admin\jj_system\department\models.py changed, reloading.
Adding job tentatively -- it will be properly scheduled when the scheduler starts
Added job "企业微信部门同步" to job store "default"
Scheduler started
[OK] 定时任务调度器已启动 - 每天凌晨2点执行部门同步
[OK] 部门同步定时任务已启动
Watching for file changes with StatReloader
登录请求 - 用户名: admin, 请求方法: POST
找到用户: admin, 用户ID: 1, 用户状态: 1
密码验证结果: True
"POST /user/login?username=admin&password=1234567&rememberMe=true HTTP/1.1" 200 7602
"GET /department/treeList HTTP/1.1" 200 4110
"GET /department/treeList HTTP/1.1" 200 4110
"GET /department/treeList HTTP/1.1" 200 4110
"GET /department/treeList HTTP/1.1" 200 4110
"GET /department/treeList HTTP/1.1" 200 4110
"GET /department/treeList HTTP/1.1" 200 4110
"GET /department/treeList HTTP/1.1" 200 4110
Adding job tentatively -- it will be properly scheduled when the scheduler starts
Added job "企业微信部门同步" to job store "default"
Scheduler started
[OK] 定时任务调度器已启动 - 每天凌晨2点执行部门同步
[OK] 部门同步定时任务已启动
Watching for file changes with StatReloader
"GET /department/treeList HTTP/1.1" 200 4110
登录请求 - 用户名: admin, 请求方法: POST
找到用户: admin, 用户ID: 1, 用户状态: 1
密码验证结果: True
"POST /user/login?username=admin&password=1234567&rememberMe=true HTTP/1.1" 200 7602
"GET /department/treeList HTTP/1.1" 200 4110
"GET /department/treeList HTTP/1.1" 200 4110
"GET /department/treeList HTTP/1.1" 200 4110
"GET /department/treeList HTTP/1.1" 200 4110
"GET /department/treeList HTTP/1.1" 200 4110
"POST /post/search HTTP/1.1" 200 1638
"POST /level/search HTTP/1.1" 200 634
"POST /post/search HTTP/1.1" 200 1638
"POST /post/search HTTP/1.1" 200 1630
"POST /post/search HTTP/1.1" 200 1220
"POST /user/search HTTP/1.1" 200 8853
页面大小: 10, 页码: 1
"POST /role/search HTTP/1.1" 200 1819
菜单查询集: <QuerySet [<SysMenu: SysMenu object (3)>, <SysMenu: SysMenu object (31)>, <SysMenu: SysMenu object (27)>, <SysMenu: SysMenu object (22)>, <SysMenu: SysMenu object (11)>, <SysMenu: SysMenu object (1)>, <SysMenu: SysMenu object (2)>, <SysMenu: SysMenu object (32)>, <SysMenu: SysMenu object (28)>, <SysMenu: SysMenu object (23)>, <SysMenu: SysMenu object (4)>, <SysMenu: SysMenu object (29)>, <SysMenu: SysMenu object (5)>, <SysMenu: SysMenu object (14)>, <SysMenu: SysMenu object (33)>, <SysMenu: SysMenu object (24)>, <SysMenu: SysMenu object (17)>, <SysMenu: SysMenu object (6)>, <SysMenu: SysMenu object (25)>, <SysMenu: SysMenu object (7)>, '...(remaining elements truncated)...']>
菜单树结果: [<SysMenu: SysMenu object (1)>, <SysMenu: SysMenu object (2)>, <SysMenu: SysMenu object (30)>]
"GET /menu/treeList HTTP/1.1" 200 9072
"GET /role/menus?id=34 HTTP/1.1" 200 97
菜单查询集: <QuerySet [<SysMenu: SysMenu object (3)>, <SysMenu: SysMenu object (31)>, <SysMenu: SysMenu object (27)>, <SysMenu: SysMenu object (22)>, <SysMenu: SysMenu object (11)>, <SysMenu: SysMenu object (1)>, <SysMenu: SysMenu object (2)>, <SysMenu: SysMenu object (32)>, <SysMenu: SysMenu object (28)>, <SysMenu: SysMenu object (23)>, <SysMenu: SysMenu object (4)>, <SysMenu: SysMenu object (29)>, <SysMenu: SysMenu object (5)>, <SysMenu: SysMenu object (14)>, <SysMenu: SysMenu object (33)>, <SysMenu: SysMenu object (24)>, <SysMenu: SysMenu object (17)>, <SysMenu: SysMenu object (6)>, <SysMenu: SysMenu object (25)>, <SysMenu: SysMenu object (7)>, '...(remaining elements truncated)...']>
菜单树结果: [<SysMenu: SysMenu object (1)>, <SysMenu: SysMenu object (2)>, <SysMenu: SysMenu object (30)>]
"GET /menu/treeList HTTP/1.1" 200 9072
"GET /role/menus?id=34 HTTP/1.1" 200 97
"POST /level/search HTTP/1.1" 200 634
"POST /classify/search HTTP/1.1" 200 2033
"POST /event/search HTTP/1.1" 200 1248
"POST /level/search HTTP/1.1" 200 634
"POST /post/search HTTP/1.1" 200 1638
"GET /department/treeList HTTP/1.1" 200 4110
"POST /repository/search HTTP/1.1" 200 57256
"GET /repository/history?id=102 HTTP/1.1" 200 853
"GET /repository/history?id=101 HTTP/1.1" 200 391
"GET /repository/history?id=106 HTTP/1.1" 200 968
"GET /repository/history?id=105 HTTP/1.1" 200 899
"GET /repository/history?id=104 HTTP/1.1" 200 659
"GET /repository/history?id=103 HTTP/1.1" 200 958
"GET /repository/history?id=100 HTTP/1.1" 200 546
"GET /repository/history?id=56 HTTP/1.1" 200 924
"GET /repository/history?id=92 HTTP/1.1" 200 552
"GET /repository/history?id=99 HTTP/1.1" 200 819
"POST /manhour/search HTTP/1.1" 200 14094
"POST /user/search HTTP/1.1" 200 8853
页面大小: 10, 页码: 1
"POST /role/search HTTP/1.1" 200 1819
"POST /user/search HTTP/1.1" 200 8853
"GET /role/listAll HTTP/1.1" 200 1807
"GET /role/listAll HTTP/1.1" 200 1807
"GET /user/post/list HTTP/1.1" 200 1344
"GET /user/dept/list HTTP/1.1" 200 847
"GET /user/level/list HTTP/1.1" 200 174
"GET /user/action?id=28 HTTP/1.1" 200 704
"GET /user/post/list HTTP/1.1" 200 1344
"GET /user/level/list HTTP/1.1" 200 174
"GET /user/dept/list HTTP/1.1" 200 847
"GET /user/action?id=28 HTTP/1.1" 200 704
"POST /user/save HTTP/1.1" 200 13
"POST /user/search HTTP/1.1" 200 8865
页面大小: 10, 页码: 1
"POST /role/search HTTP/1.1" 200 1819
菜单查询集: <QuerySet [<SysMenu: SysMenu object (3)>, <SysMenu: SysMenu object (31)>, <SysMenu: SysMenu object (27)>, <SysMenu: SysMenu object (22)>, <SysMenu: SysMenu object (11)>, <SysMenu: SysMenu object (1)>, <SysMenu: SysMenu object (2)>, <SysMenu: SysMenu object (32)>, <SysMenu: SysMenu object (28)>, <SysMenu: SysMenu object (23)>, <SysMenu: SysMenu object (4)>, <SysMenu: SysMenu object (29)>, <SysMenu: SysMenu object (5)>, <SysMenu: SysMenu object (14)>, <SysMenu: SysMenu object (33)>, <SysMenu: SysMenu object (24)>, <SysMenu: SysMenu object (17)>, <SysMenu: SysMenu object (6)>, <SysMenu: SysMenu object (25)>, <SysMenu: SysMenu object (7)>, '...(remaining elements truncated)...']>
菜单树结果: [<SysMenu: SysMenu object (1)>, <SysMenu: SysMenu object (2)>, <SysMenu: SysMenu object (30)>]
"GET /menu/treeList HTTP/1.1" 200 9072
"GET /department/treeList HTTP/1.1" 200 4110
"POST /manhour/search HTTP/1.1" 200 14094
"POST /user/search HTTP/1.1" 200 8865
"POST /user/search HTTP/1.1" 200 5143
D:\my_project\Django_admin\jj_system\post\apps.py changed, reloading.
Adding job tentatively -- it will be properly scheduled when the scheduler starts
Added job "岗位同步" to job store "default"
Scheduler started
岗位同步调度器已启动 - 每天凌晨3:00执行
Adding job tentatively -- it will be properly scheduled when the scheduler starts
Added job "企业微信部门同步" to job store "default"
Scheduler started
[OK] 定时任务调度器已启动 - 每天凌晨2点执行部门同步
[OK] 部门同步定时任务已启动
Watching for file changes with StatReloader
Adding job tentatively -- it will be properly scheduled when the scheduler starts
Added job "岗位同步" to job store "default"
Scheduler started
岗位同步调度器已启动 - 每天凌晨3:00执行
"GET /department/treeList HTTP/1.1" 200 4110
菜单查询集: <QuerySet [<SysMenu: SysMenu object (3)>, <SysMenu: SysMenu object (31)>, <SysMenu: SysMenu object (27)>, <SysMenu: SysMenu object (22)>, <SysMenu: SysMenu object (11)>, <SysMenu: SysMenu object (1)>, <SysMenu: SysMenu object (2)>, <SysMenu: SysMenu object (32)>, <SysMenu: SysMenu object (28)>, <SysMenu: SysMenu object (23)>, <SysMenu: SysMenu object (4)>, <SysMenu: SysMenu object (29)>, <SysMenu: SysMenu object (5)>, <SysMenu: SysMenu object (14)>, <SysMenu: SysMenu object (33)>, <SysMenu: SysMenu object (24)>, <SysMenu: SysMenu object (17)>, <SysMenu: SysMenu object (6)>, <SysMenu: SysMenu object (25)>, <SysMenu: SysMenu object (7)>, '...(remaining elements truncated)...']>
菜单树结果: [<SysMenu: SysMenu object (1)>, <SysMenu: SysMenu object (2)>, <SysMenu: SysMenu object (30)>]
"GET /menu/treeList HTTP/1.1" 200 9072
"GET /department/treeList HTTP/1.1" 200 4110
Adding job tentatively -- it will be properly scheduled when the scheduler starts
Added job "岗位同步" to job store "default"
Scheduler started
岗位同步调度器已启动 - 每天凌晨3:00执行
Adding job tentatively -- it will be properly scheduled when the scheduler starts
Added job "岗位同步" to job store "default"
Scheduler started
岗位同步调度器已启动 - 每天凌晨3:00执行
页面大小: 10, 页码: 1
"POST /role/search HTTP/1.1" 200 1819
"POST /user/search HTTP/1.1" 200 8865
Adding job tentatively -- it will be properly scheduled when the scheduler starts
Added job "岗位同步" to job store "default"
Scheduler started
岗位同步调度器已启动 - 每天凌晨3:00执行
"POST /user/search HTTP/1.1" 200 5143
"POST /user/search HTTP/1.1" 200 8865
"POST /user/search HTTP/1.1" 200 5143
"POST /user/search HTTP/1.1" 200 8865
"GET /user/post/list HTTP/1.1" 200 1344
"GET /user/dept/list HTTP/1.1" 200 847
"GET /user/level/list HTTP/1.1" 200 174
"GET /user/action?id=29 HTTP/1.1" 200 697
"POST /user/save HTTP/1.1" 200 13
"POST /user/search HTTP/1.1" 200 8853
"GET /user/dept/list HTTP/1.1" 200 847
"GET /user/level/list HTTP/1.1" 200 174
"GET /user/post/list HTTP/1.1" 200 1344
"GET /user/action?id=30 HTTP/1.1" 200 719
"POST /user/save HTTP/1.1" 200 13
"POST /user/search HTTP/1.1" 200 8841
"GET /user/level/list HTTP/1.1" 200 174
"GET /user/dept/list HTTP/1.1" 200 847
"GET /user/post/list HTTP/1.1" 200 1344
"GET /user/action?id=31 HTTP/1.1" 200 711
"POST /user/save HTTP/1.1" 200 13
"POST /user/search HTTP/1.1" 200 8829
"GET /user/dept/list HTTP/1.1" 200 847
"GET /user/level/list HTTP/1.1" 200 174
"GET /user/post/list HTTP/1.1" 200 1344
"GET /user/action?id=32 HTTP/1.1" 200 707
"POST /user/save HTTP/1.1" 200 13
"POST /user/search HTTP/1.1" 200 8829
"GET /user/dept/list HTTP/1.1" 200 847
"GET /user/post/list HTTP/1.1" 200 1344
"GET /user/level/list HTTP/1.1" 200 174
"GET /user/action?id=33 HTTP/1.1" 200 700
"POST /user/save HTTP/1.1" 200 13
"POST /user/search HTTP/1.1" 200 8847
页面大小: 10, 页码: 1
"POST /role/search HTTP/1.1" 200 1819
"POST /level/search HTTP/1.1" 200 634
"POST /user/search HTTP/1.1" 200 8847
"GET /user/post/list HTTP/1.1" 200 1344
"GET /user/dept/list HTTP/1.1" 200 847
"GET /user/level/list HTTP/1.1" 200 174
"GET /user/action?id=33 HTTP/1.1" 200 700
"POST /user/save HTTP/1.1" 200 13
"POST /user/search HTTP/1.1" 200 8838
"GET /user/level/list HTTP/1.1" 200 174
"GET /user/post/list HTTP/1.1" 200 1344
"GET /user/dept/list HTTP/1.1" 200 847
"GET /user/action?id=34 HTTP/1.1" 200 696
"POST /user/save HTTP/1.1" 200 13
"POST /user/search HTTP/1.1" 200 8856
"GET /user/level/list HTTP/1.1" 200 174
"GET /user/post/list HTTP/1.1" 200 1344
"GET /user/dept/list HTTP/1.1" 200 847
"GET /user/action?id=34 HTTP/1.1" 200 696
"GET /user/dept/list HTTP/1.1" 200 847
"GET /user/post/list HTTP/1.1" 200 1344
"GET /user/level/list HTTP/1.1" 200 174
"GET /user/action?id=35 HTTP/1.1" 200 698
"POST /user/save HTTP/1.1" 200 13
"POST /user/search HTTP/1.1" 200 8874
"POST /user/search HTTP/1.1" 200 8159
"GET /user/level/list HTTP/1.1" 200 174
"GET /user/post/list HTTP/1.1" 200 1344
"GET /user/dept/list HTTP/1.1" 200 847
"GET /user/action?id=36 HTTP/1.1" 200 686
"POST /user/save HTTP/1.1" 200 13
"POST /user/search HTTP/1.1" 200 8177
"GET /user/post/list HTTP/1.1" 200 1344
"GET /user/dept/list HTTP/1.1" 200 847
"GET /user/level/list HTTP/1.1" 200 174
"GET /user/action?id=37 HTTP/1.1" 200 720
"POST /user/save HTTP/1.1" 200 13
"POST /user/search HTTP/1.1" 200 8195
"POST /user/search HTTP/1.1" 200 41
"POST /user/search HTTP/1.1" 200 41
"POST /user/search HTTP/1.1" 200 8874
"POST /user/search HTTP/1.1" 200 8195
"GET /user/level/list HTTP/1.1" 200 174
"GET /user/dept/list HTTP/1.1" 200 847
"GET /user/post/list HTTP/1.1" 200 1344
"GET /user/action?id=38 HTTP/1.1" 200 695
"GET /user/dept/list HTTP/1.1" 200 847
"GET /user/level/list HTTP/1.1" 200 174
"GET /user/post/list HTTP/1.1" 200 1344
"GET /user/action?id=38 HTTP/1.1" 200 695
"POST /user/save HTTP/1.1" 200 13
"POST /user/search HTTP/1.1" 200 8202
"POST /user/status HTTP/1.1" 200 13
"GET /user/dept/list HTTP/1.1" 200 847
"GET /user/level/list HTTP/1.1" 200 174
"GET /user/post/list HTTP/1.1" 200 1344
"GET /user/action?id=39 HTTP/1.1" 200 691
"POST /user/save HTTP/1.1" 200 13
"POST /user/search HTTP/1.1" 200 8202
"GET /user/dept/list HTTP/1.1" 200 847
"GET /user/post/list HTTP/1.1" 200 1344
"GET /user/level/list HTTP/1.1" 200 174
"GET /user/action?id=40 HTTP/1.1" 200 681
"POST /user/save HTTP/1.1" 200 13
"POST /user/search HTTP/1.1" 200 8209
"POST /user/status HTTP/1.1" 200 13
"GET /user/dept/list HTTP/1.1" 200 847
"GET /user/post/list HTTP/1.1" 200 1344
"GET /user/level/list HTTP/1.1" 200 174
"GET /user/action?id=41 HTTP/1.1" 200 677
"POST /user/save HTTP/1.1" 200 13
"POST /user/search HTTP/1.1" 200 8216
"GET /user/dept/list HTTP/1.1" 200 847
"GET /user/post/list HTTP/1.1" 200 1344
"GET /user/level/list HTTP/1.1" 200 174
"GET /user/action?id=42 HTTP/1.1" 200 694
"POST /user/save HTTP/1.1" 200 13
"POST /user/search HTTP/1.1" 200 8235
"GET /user/level/list HTTP/1.1" 200 174
"GET /user/dept/list HTTP/1.1" 200 847
"GET /user/post/list HTTP/1.1" 200 1344
"GET /user/action?id=44 HTTP/1.1" 200 698
"POST /user/save HTTP/1.1" 200 13
"POST /user/search HTTP/1.1" 200 8235
"GET /user/level/list HTTP/1.1" 200 174
"GET /user/dept/list HTTP/1.1" 200 847
"GET /user/post/list HTTP/1.1" 200 1344
"GET /user/action?id=45 HTTP/1.1" 200 681
"POST /user/save HTTP/1.1" 200 13
"POST /user/search HTTP/1.1" 200 8235
"GET /user/dept/list HTTP/1.1" 200 847
"GET /user/post/list HTTP/1.1" 200 1344
"GET /user/level/list HTTP/1.1" 200 174
"GET /user/action?id=46 HTTP/1.1" 200 694
"POST /user/save HTTP/1.1" 200 13
"POST /user/search HTTP/1.1" 200 8235
"POST /user/search HTTP/1.1" 200 8255
"GET /user/level/list HTTP/1.1" 200 174
"GET /user/post/list HTTP/1.1" 200 1344
"GET /user/dept/list HTTP/1.1" 200 847
"GET /user/action?id=47 HTTP/1.1" 200 705
"POST /user/save HTTP/1.1" 200 13
"POST /user/search HTTP/1.1" 200 8256
"POST /user/search HTTP/1.1" 200 5143
"POST /user/search HTTP/1.1" 200 8235
"POST /user/search HTTP/1.1" 200 8256
"GET /user/dept/list HTTP/1.1" 200 847
"GET /user/level/list HTTP/1.1" 200 174
"GET /user/post/list HTTP/1.1" 200 1344
"GET /user/action?id=48 HTTP/1.1" 200 694
"POST /user/save HTTP/1.1" 200 13
"POST /user/search HTTP/1.1" 200 8256
"GET /user/dept/list HTTP/1.1" 200 847
"GET /user/level/list HTTP/1.1" 200 174
"GET /user/post/list HTTP/1.1" 200 1344
"GET /user/action?id=49 HTTP/1.1" 200 696
"POST /user/save HTTP/1.1" 200 13
"POST /user/search HTTP/1.1" 200 8275
"GET /user/dept/list HTTP/1.1" 200 847
"GET /user/level/list HTTP/1.1" 200 174
"GET /user/post/list HTTP/1.1" 200 1344
"GET /user/action?id=50 HTTP/1.1" 200 682
"POST /user/save HTTP/1.1" 200 13
"POST /user/search HTTP/1.1" 200 8275
"GET /user/post/list HTTP/1.1" 200 1344
"GET /user/dept/list HTTP/1.1" 200 847
"GET /user/level/list HTTP/1.1" 200 174
"GET /user/action?id=52 HTTP/1.1" 200 694
"POST /user/save HTTP/1.1" 200 13
"POST /user/search HTTP/1.1" 200 8293
"POST /user/status HTTP/1.1" 200 13
"GET /user/dept/list HTTP/1.1" 200 847
"GET /user/level/list HTTP/1.1" 200 174
"GET /user/post/list HTTP/1.1" 200 1344
"GET /user/action?id=53 HTTP/1.1" 200 681
"POST /user/save HTTP/1.1" 200 13
"POST /user/search HTTP/1.1" 200 8300
"GET /user/level/list HTTP/1.1" 200 174
"GET /user/dept/list HTTP/1.1" 200 847
"GET /user/post/list HTTP/1.1" 200 1344
"GET /user/action?id=55 HTTP/1.1" 200 701
"POST /user/save HTTP/1.1" 200 13
"POST /user/search HTTP/1.1" 200 8318
"GET /user/post/list HTTP/1.1" 200 1344
"GET /user/level/list HTTP/1.1" 200 174
"GET /user/dept/list HTTP/1.1" 200 847
"GET /user/action?id=61 HTTP/1.1" 200 686
"POST /user/save HTTP/1.1" 200 13
"POST /user/search HTTP/1.1" 200 8318
"GET /user/dept/list HTTP/1.1" 200 847
"GET /user/level/list HTTP/1.1" 200 174
"GET /user/post/list HTTP/1.1" 200 1344
"GET /user/action?id=65 HTTP/1.1" 200 685
"POST /user/save HTTP/1.1" 200 13
"POST /user/search HTTP/1.1" 200 8330
"GET /user/post/list HTTP/1.1" 200 1344
"GET /user/level/list HTTP/1.1" 200 174
"GET /user/dept/list HTTP/1.1" 200 847
"GET /user/action?id=66 HTTP/1.1" 200 695
"POST /user/save HTTP/1.1" 200 13
"POST /user/search HTTP/1.1" 200 8349
"POST /user/search HTTP/1.1" 200 5143
"GET /user/dept/list HTTP/1.1" 200 847
"GET /user/post/list HTTP/1.1" 200 1344
"GET /user/level/list HTTP/1.1" 200 174
"GET /user/action?id=67 HTTP/1.1" 200 689
"POST /user/save HTTP/1.1" 200 13
"POST /user/search HTTP/1.1" 200 5144
"GET /user/dept/list HTTP/1.1" 200 847
"GET /user/level/list HTTP/1.1" 200 174
"GET /user/post/list HTTP/1.1" 200 1344
"GET /user/action?id=70 HTTP/1.1" 200 686
"POST /user/save HTTP/1.1" 200 13
"POST /user/search HTTP/1.1" 200 5144
"GET /user/level/list HTTP/1.1" 200 174
"GET /user/post/list HTTP/1.1" 200 1344
"GET /user/dept/list HTTP/1.1" 200 847
"GET /user/action?id=71 HTTP/1.1" 200 682
"POST /user/save HTTP/1.1" 200 13
"POST /user/search HTTP/1.1" 200 5145
"GET /user/post/list HTTP/1.1" 200 1344
"GET /user/dept/list HTTP/1.1" 200 847
"GET /user/level/list HTTP/1.1" 200 174
"GET /user/action?id=73 HTTP/1.1" 200 700
"POST /user/save HTTP/1.1" 200 13
"POST /user/search HTTP/1.1" 200 5163
"GET /user/dept/list HTTP/1.1" 200 847
"GET /user/level/list HTTP/1.1" 200 174
"GET /user/post/list HTTP/1.1" 200 1344
"GET /user/action?id=74 HTTP/1.1" 200 691
"POST /user/save HTTP/1.1" 200 13
"POST /user/search HTTP/1.1" 200 5163
"GET /user/level/list HTTP/1.1" 200 174
"GET /user/post/list HTTP/1.1" 200 1344
"GET /user/dept/list HTTP/1.1" 200 847
"GET /user/action?id=75 HTTP/1.1" 200 715
"POST /user/save HTTP/1.1" 200 13
"POST /user/search HTTP/1.1" 200 5163
"POST /repository/search HTTP/1.1" 200 57256
"GET /repository/history?id=105 HTTP/1.1" 200 899
"GET /repository/history?id=106 HTTP/1.1" 200 968
"GET /repository/history?id=101 HTTP/1.1" 200 391
"GET /repository/history?id=103 HTTP/1.1" 200 958
"GET /repository/history?id=102 HTTP/1.1" 200 853
"GET /repository/history?id=104 HTTP/1.1" 200 659
"GET /repository/history?id=99 HTTP/1.1" 200 819
"GET /repository/history?id=100 HTTP/1.1" 200 546
"GET /repository/history?id=56 HTTP/1.1" 200 924
"GET /repository/history?id=92 HTTP/1.1" 200 552
"POST /manhour/search HTTP/1.1" 200 14094
"POST /manhour/search HTTP/1.1" 200 14094
D:\my_project\Django_admin\jj_system\post\apps.py changed, reloading.
Adding job tentatively -- it will be properly scheduled when the scheduler starts
Added job "岗位同步" to job store "default"
Scheduler started
岗位同步调度器已启动 - 每天凌晨3:00执行
Adding job tentatively -- it will be properly scheduled when the scheduler starts
Added job "企业微信部门同步" to job store "default"
Scheduler started
[OK] 定时任务调度器已启动 - 每天凌晨2点执行部门同步
[OK] 部门同步定时任务已启动
Watching for file changes with StatReloader
"POST /manhour/search HTTP/1.1" 200 14094
"POST /manhour/search HTTP/1.1" 200 29468
"GET /manhour/user/list HTTP/1.1" 200 1594
"GET /manhour/dept/list HTTP/1.1" 200 843
"GET /manhour/items/list HTTP/1.1" 200 1240
Adding job tentatively -- it will be properly scheduled when the scheduler starts
Added job "岗位同步" to job store "default"
Scheduler started
岗位同步调度器已启动 - 每天凌晨3:00执行
D:\my_project\Django_admin\jj_system\manhour\views.py changed, reloading.
Adding job tentatively -- it will be properly scheduled when the scheduler starts
Added job "岗位同步" to job store "default"
Scheduler started
岗位同步调度器已启动 - 每天凌晨3:00执行
Adding job tentatively -- it will be properly scheduled when the scheduler starts
Added job "企业微信部门同步" to job store "default"
Scheduler started
[OK] 定时任务调度器已启动 - 每天凌晨2点执行部门同步
[OK] 部门同步定时任务已启动
Watching for file changes with StatReloader
D:\my_project\Django_admin\jj_system\manhour\views.py changed, reloading.
Adding job tentatively -- it will be properly scheduled when the scheduler starts
Added job "岗位同步" to job store "default"
Scheduler started
岗位同步调度器已启动 - 每天凌晨3:00执行
Adding job tentatively -- it will be properly scheduled when the scheduler starts
Added job "企业微信部门同步" to job store "default"
Scheduler started
[OK] 定时任务调度器已启动 - 每天凌晨2点执行部门同步
[OK] 部门同步定时任务已启动
Watching for file changes with StatReloader
D:\my_project\Django_admin\jj_system\manhour\views.py changed, reloading.
Adding job tentatively -- it will be properly scheduled when the scheduler starts
Added job "岗位同步" to job store "default"
Scheduler started
岗位同步调度器已启动 - 每天凌晨3:00执行
Adding job tentatively -- it will be properly scheduled when the scheduler starts
Added job "企业微信部门同步" to job store "default"
Scheduler started
[OK] 定时任务调度器已启动 - 每天凌晨2点执行部门同步
[OK] 部门同步定时任务已启动
Watching for file changes with StatReloader
D:\my_project\Django_admin\jj_system\manhour\views.py changed, reloading.
Adding job tentatively -- it will be properly scheduled when the scheduler starts
Added job "岗位同步" to job store "default"
Scheduler started
岗位同步调度器已启动 - 每天凌晨3:00执行
Adding job tentatively -- it will be properly scheduled when the scheduler starts
Added job "企业微信部门同步" to job store "default"
Scheduler started
[OK] 定时任务调度器已启动 - 每天凌晨2点执行部门同步
[OK] 部门同步定时任务已启动
Watching for file changes with StatReloader
登录请求 - 用户名: fangzheng, 请求方法: POST
找到用户: fangzheng, 用户ID: 33, 用户状态: 1
密码验证结果: False
登录失败 - 用户 fangzheng 密码错误
"POST /user/login?username=fangzheng&password=123456&rememberMe=true HTTP/1.1" 200 85
登录请求 - 用户名: fangzheng, 请求方法: POST
找到用户: fangzheng, 用户ID: 33, 用户状态: 1
密码验证结果: False
登录失败 - 用户 fangzheng 密码错误
"POST /user/login?username=fangzheng&password=123456&rememberMe=true HTTP/1.1" 200 85
登录请求 - 用户名: fangzheng, 请求方法: POST
找到用户: fangzheng, 用户ID: 33, 用户状态: 1
密码验证结果: False
登录失败 - 用户 fangzheng 密码错误
"POST /user/login?username=fangzheng&password=1234567&rememberMe=true HTTP/1.1" 200 85
登录请求 - 用户名: lixiang, 请求方法: POST
找到用户: lixiang, 用户ID: 34, 用户状态: 1
密码验证结果: False
登录失败 - 用户 lixiang 密码错误
"POST /user/login?username=lixiang&password=1234567&rememberMe=true HTTP/1.1" 200 85
登录请求 - 用户名: lixiang, 请求方法: POST
找到用户: lixiang, 用户ID: 34, 用户状态: 1
密码验证结果: False
登录失败 - 用户 lixiang 密码错误
"POST /user/login?username=lixiang&password=123456&rememberMe=true HTTP/1.1" 200 85
登录请求 - 用户名: wangchao, 请求方法: POST
找到用户: wangchao, 用户ID: 35, 用户状态: 1
密码验证结果: False
登录失败 - 用户 wangchao 密码错误
"POST /user/login?username=wangchao&password=123456&rememberMe=true HTTP/1.1" 200 85
登录请求 - 用户名: admin, 请求方法: POST
找到用户: admin, 用户ID: 1, 用户状态: 1
密码验证结果: True
"POST /user/login?username=admin&password=1234567&rememberMe=true HTTP/1.1" 200 7602
D:\my_project\Django_admin\jj_system\manhour\views.py changed, reloading.
Adding job tentatively -- it will be properly scheduled when the scheduler starts
Added job "岗位同步" to job store "default"
Scheduler started
岗位同步调度器已启动 - 每天凌晨3:00执行
Adding job tentatively -- it will be properly scheduled when the scheduler starts
Added job "企业微信部门同步" to job store "default"
Scheduler started
[OK] 定时任务调度器已启动 - 每天凌晨2点执行部门同步
[OK] 部门同步定时任务已启动
Watching for file changes with StatReloader
D:\my_project\Django_admin\jj_system\manhour\views.py changed, reloading.
Adding job tentatively -- it will be properly scheduled when the scheduler starts
Added job "岗位同步" to job store "default"
Scheduler started
岗位同步调度器已启动 - 每天凌晨3:00执行
Adding job tentatively -- it will be properly scheduled when the scheduler starts
Added job "企业微信部门同步" to job store "default"
Scheduler started
[OK] 定时任务调度器已启动 - 每天凌晨2点执行部门同步
[OK] 部门同步定时任务已启动
Watching for file changes with StatReloader
D:\my_project\Django_admin\jj_system\manhour\views.py changed, reloading.
Adding job tentatively -- it will be properly scheduled when the scheduler starts
Added job "岗位同步" to job store "default"
Scheduler started
岗位同步调度器已启动 - 每天凌晨3:00执行
Adding job tentatively -- it will be properly scheduled when the scheduler starts
Added job "企业微信部门同步" to job store "default"
Scheduler started
[OK] 定时任务调度器已启动 - 每天凌晨2点执行部门同步
[OK] 部门同步定时任务已启动
Watching for file changes with StatReloader
D:\my_project\Django_admin\jj_system\manhour\views.py changed, reloading.
Adding job tentatively -- it will be properly scheduled when the scheduler starts
Added job "岗位同步" to job store "default"
Scheduler started
岗位同步调度器已启动 - 每天凌晨3:00执行
Adding job tentatively -- it will be properly scheduled when the scheduler starts
Added job "企业微信部门同步" to job store "default"
Scheduler started
[OK] 定时任务调度器已启动 - 每天凌晨2点执行部门同步
[OK] 部门同步定时任务已启动
Watching for file changes with StatReloader
Adding job tentatively -- it will be properly scheduled when the scheduler starts
Added job "岗位同步" to job store "default"
Scheduler started
岗位同步调度器已启动 - 每天凌晨3:00执行
D:\my_project\Django_admin\jj_system\user\views.py changed, reloading.
Adding job tentatively -- it will be properly scheduled when the scheduler starts
Added job "岗位同步" to job store "default"
Scheduler started
岗位同步调度器已启动 - 每天凌晨3:00执行
Adding job tentatively -- it will be properly scheduled when the scheduler starts
Added job "企业微信部门同步" to job store "default"
Scheduler started
[OK] 定时任务调度器已启动 - 每天凌晨2点执行部门同步
[OK] 部门同步定时任务已启动
Watching for file changes with StatReloader
D:\my_project\Django_admin\jj_system\user\views.py changed, reloading.
Adding job tentatively -- it will be properly scheduled when the scheduler starts
Added job "岗位同步" to job store "default"
Scheduler started
岗位同步调度器已启动 - 每天凌晨3:00执行
Adding job tentatively -- it will be properly scheduled when the scheduler starts
Added job "企业微信部门同步" to job store "default"
Scheduler started
[OK] 定时任务调度器已启动 - 每天凌晨2点执行部门同步
[OK] 部门同步定时任务已启动
Watching for file changes with StatReloader
D:\my_project\Django_admin\jj_system\user\views.py changed, reloading.
Adding job tentatively -- it will be properly scheduled when the scheduler starts
Added job "岗位同步" to job store "default"
Scheduler started
岗位同步调度器已启动 - 每天凌晨3:00执行
Adding job tentatively -- it will be properly scheduled when the scheduler starts
Added job "企业微信部门同步" to job store "default"
Scheduler started
[OK] 定时任务调度器已启动 - 每天凌晨2点执行部门同步
[OK] 部门同步定时任务已启动
Watching for file changes with StatReloader
D:\my_project\Django_admin\jj_system\user\views.py changed, reloading.
Adding job tentatively -- it will be properly scheduled when the scheduler starts
Added job "岗位同步" to job store "default"
Scheduler started
岗位同步调度器已启动 - 每天凌晨3:00执行
Adding job tentatively -- it will be properly scheduled when the scheduler starts
Added job "企业微信部门同步" to job store "default"
Scheduler started
[OK] 定时任务调度器已启动 - 每天凌晨2点执行部门同步
[OK] 部门同步定时任务已启动
Watching for file changes with StatReloader
Adding job tentatively -- it will be properly scheduled when the scheduler starts
Added job "岗位同步" to job store "default"
Scheduler started
岗位同步调度器已启动 - 每天凌晨3:00执行
Adding job tentatively -- it will be properly scheduled when the scheduler starts
Added job "岗位同步" to job store "default"
Scheduler started
岗位同步调度器已启动 - 每天凌晨3:00执行
Adding job tentatively -- it will be properly scheduled when the scheduler starts
Added job "企业微信部门同步" to job store "default"
Scheduler started
[OK] 定时任务调度器已启动 - 每天凌晨2点执行部门同步
[OK] 部门同步定时任务已启动
Watching for file changes with StatReloader
登录请求 - 用户名: admin, 请求方法: POST
找到用户: admin, 用户ID: 1, 用户状态: 1
密码验证结果: True
"POST /user/login?username=admin&password=123456&rememberMe=true HTTP/1.1" 200 7519
"POST /user/search HTTP/1.1" 200 8044
"GET /user/level/list HTTP/1.1" 200 174
"GET /user/post/list HTTP/1.1" 200 1440
"GET /user/dept/list HTTP/1.1" 200 847
"GET /user/action?id=29 HTTP/1.1" 200 614
"POST /user/save HTTP/1.1" 200 13
"POST /user/search HTTP/1.1" 200 8139
"POST /user/search HTTP/1.1" 200 7405
"GET /user/level/list HTTP/1.1" 200 174
"GET /user/dept/list HTTP/1.1" 200 847
"GET /user/post/list HTTP/1.1" 200 1440
"GET /user/action?id=38 HTTP/1.1" 200 613
"POST /user/save HTTP/1.1" 200 13
"POST /user/search HTTP/1.1" 200 7500
"GET /user/level/list HTTP/1.1" 200 174
"GET /user/dept/list HTTP/1.1" 200 847
"GET /user/post/list HTTP/1.1" 200 1440
"GET /user/action?id=45 HTTP/1.1" 200 598
"POST /user/save HTTP/1.1" 200 13
"POST /user/search HTTP/1.1" 200 7595
"POST /user/search HTTP/1.1" 200 7519
"POST /user/search HTTP/1.1" 200 4665
登录请求 - 用户名: fangzheng, 请求方法: POST
找到用户: fangzheng, 用户ID: 33, 用户状态: 1
密码验证结果: True
"POST /user/login?username=fangzheng&password=123456&rememberMe=true HTTP/1.1" 200 3093
"POST /manhour/search HTTP/1.1" 200 11092
"POST /manhour/search HTTP/1.1" 200 12227
"POST /user/search HTTP/1.1" 200 8139
"POST /level/search HTTP/1.1" 200 634
"POST /manhour/search HTTP/1.1" 200 14184
"POST /level/search HTTP/1.1" 200 634
Adding job tentatively -- it will be properly scheduled when the scheduler starts
Added job "岗位同步" to job store "default"
Scheduler started
岗位同步调度器已启动 - 每天凌晨3:00执行
D:\my_project\Django_admin\jj_system\manhour\views.py changed, reloading.
Adding job tentatively -- it will be properly scheduled when the scheduler starts
Added job "岗位同步" to job store "default"
Scheduler started
岗位同步调度器已启动 - 每天凌晨3:00执行
Adding job tentatively -- it will be properly scheduled when the scheduler starts
Added job "企业微信部门同步" to job store "default"
Scheduler started
[OK] 定时任务调度器已启动 - 每天凌晨2点执行部门同步
[OK] 部门同步定时任务已启动
Watching for file changes with StatReloader
D:\my_project\Django_admin\jj_system\manhour\views.py changed, reloading.
Adding job tentatively -- it will be properly scheduled when the scheduler starts
Added job "岗位同步" to job store "default"
Scheduler started
岗位同步调度器已启动 - 每天凌晨3:00执行
Adding job tentatively -- it will be properly scheduled when the scheduler starts
Added job "企业微信部门同步" to job store "default"
Scheduler started
[OK] 定时任务调度器已启动 - 每天凌晨2点执行部门同步
[OK] 部门同步定时任务已启动
Watching for file changes with StatReloader
Adding job tentatively -- it will be properly scheduled when the scheduler starts
Added job "岗位同步" to job store "default"
Scheduler started
岗位同步调度器已启动 - 每天凌晨3:00执行
Adding job tentatively -- it will be properly scheduled when the scheduler starts
Added job "岗位同步" to job store "default"
Scheduler started
岗位同步调度器已启动 - 每天凌晨3:00执行
Adding job tentatively -- it will be properly scheduled when the scheduler starts
Added job "企业微信部门同步" to job store "default"
Scheduler started
[OK] 定时任务调度器已启动 - 每天凌晨2点执行部门同步
[OK] 部门同步定时任务已启动
Watching for file changes with StatReloader
"POST /level/search HTTP/1.1" 200 634
"POST /manhour/search HTTP/1.1" 200 16926
"POST /manhour/search HTTP/1.1" 200 14184
"POST /repository/search HTTP/1.1" 200 57256
"GET /repository/history?id=105 HTTP/1.1" 200 899
"GET /repository/history?id=101 HTTP/1.1" 200 391
"GET /repository/history?id=103 HTTP/1.1" 200 958
"GET /repository/history?id=106 HTTP/1.1" 200 968
"GET /repository/history?id=104 HTTP/1.1" 200 659
"GET /repository/history?id=102 HTTP/1.1" 200 853
"GET /repository/history?id=100 HTTP/1.1" 200 546
"GET /repository/history?id=99 HTTP/1.1" 200 819
"GET /repository/history?id=56 HTTP/1.1" 200 924
"GET /repository/history?id=92 HTTP/1.1" 200 552
"POST /manhour/search HTTP/1.1" 200 14184
"POST /blacklist/search HTTP/1.1" 200 3855
"POST /manhour/search HTTP/1.1" 200 14184
"POST /manhour/search HTTP/1.1" 200 14785
"POST /manhour/search HTTP/1.1" 200 28520
"POST /manhour/search HTTP/1.1" 200 12395
"POST /manhour/search HTTP/1.1" 200 14785
"POST /manhour/search HTTP/1.1" 200 28520
登录请求 - 用户名: admin, 请求方法: POST
找到用户: admin, 用户ID: 1, 用户状态: 1
密码验证结果: True
"POST /user/login?username=admin&password=123456&rememberMe=true HTTP/1.1" 200 7519
"POST /manhour/search HTTP/1.1" 200 14238
"POST /manhour/search HTTP/1.1" 200 14238
"POST /manhour/search HTTP/1.1" 200 29612
登录请求 - 用户名: chenyong, 请求方法: POST
找到用户: chenyong, 用户ID: 27, 用户状态: 1
密码验证结果: True
"POST /user/login?username=chenyong&password=123456&rememberMe=true HTTP/1.1" 200 2033
"POST /repository/search HTTP/1.1" 200 58136
"GET /repository/history?id=103 HTTP/1.1" 200 958
"GET /repository/history?id=102 HTTP/1.1" 200 853
"GET /repository/history?id=104 HTTP/1.1" 200 659
"GET /repository/history?id=106 HTTP/1.1" 200 968
"GET /repository/history?id=60 HTTP/1.1" 200 839
"GET /repository/history?id=105 HTTP/1.1" 200 899
"GET /repository/history?id=100 HTTP/1.1" 200 546
"GET /repository/history?id=101 HTTP/1.1" 200 391
"GET /repository/history?id=99 HTTP/1.1" 200 819
"GET /repository/history?id=92 HTTP/1.1" 200 552
"GET /files/list/?page=1&page_size=10 HTTP/1.1" 200 5165
登录请求 - 用户名: lidanfen, 请求方法: POST
找到用户: lidanfen, 用户ID: 28, 用户状态: 1
密码验证结果: True
"POST /user/login?username=lidanfen&password=123456&rememberMe=true HTTP/1.1" 200 7032
"POST /approval/list HTTP/1.1" 200 551
"POST /manhour/search HTTP/1.1" 200 14238
"POST /manhour/search HTTP/1.1" 200 29612
"POST /blacklist/search HTTP/1.1" 200 3855
"POST /manhour/search HTTP/1.1" 200 14238
"POST /blacklist/search HTTP/1.1" 200 3855
"POST /manhour/search HTTP/1.1" 200 14238
"POST /repository/search HTTP/1.1" 200 58136
"GET /repository/history?id=105 HTTP/1.1" 200 899
"GET /repository/history?id=102 HTTP/1.1" 200 853
"GET /repository/history?id=101 HTTP/1.1" 200 391
"GET /repository/history?id=103 HTTP/1.1" 200 958
"GET /repository/history?id=106 HTTP/1.1" 200 968
"GET /repository/history?id=104 HTTP/1.1" 200 659
"GET /repository/history?id=99 HTTP/1.1" 200 819
"GET /repository/history?id=92 HTTP/1.1" 200 552
"GET /repository/history?id=100 HTTP/1.1" 200 546
"GET /repository/history?id=60 HTTP/1.1" 200 839
"POST /items/search HTTP/1.1" 200 2016
"GET /files/list/?page=1&page_size=10 HTTP/1.1" 200 5165
"POST /items/search HTTP/1.1" 200 2016
"POST /repository/search HTTP/1.1" 200 58136
"GET /repository/history?id=103 HTTP/1.1" 200 958
"GET /repository/history?id=101 HTTP/1.1" 200 391
"GET /repository/history?id=102 HTTP/1.1" 200 853
"GET /repository/history?id=105 HTTP/1.1" 200 899
"GET /repository/history?id=106 HTTP/1.1" 200 968
"GET /repository/history?id=104 HTTP/1.1" 200 659
"GET /repository/history?id=100 HTTP/1.1" 200 546
"GET /repository/history?id=99 HTTP/1.1" 200 819
"GET /repository/history?id=60 HTTP/1.1" 200 839
"GET /repository/history?id=92 HTTP/1.1" 200 552
"POST /manhour/search HTTP/1.1" 200 14238
"POST /manhour/search HTTP/1.1" 200 14238
"POST /manhour/search HTTP/1.1" 200 14238
"POST /manhour/search HTTP/1.1" 200 14238
"POST /manhour/search HTTP/1.1" 200 14238
"POST /manhour/search HTTP/1.1" 200 14238
"POST /manhour/search HTTP/1.1" 200 14238
"POST /manhour/search HTTP/1.1" 200 14238
"POST /manhour/search HTTP/1.1" 200 14238
登录请求 - 用户名: admin, 请求方法: POST
找到用户: admin, 用户ID: 1, 用户状态: 1
密码验证结果: True
"POST /user/login?username=admin&password=123456&rememberMe=true HTTP/1.1" 200 7519
"POST /manhour/search HTTP/1.1" 200 14238
登录请求 - 用户名: fangzheng, 请求方法: POST
找到用户: fangzheng, 用户ID: 33, 用户状态: 1
密码验证结果: True
"POST /user/login?username=fangzheng&password=123456&rememberMe=true HTTP/1.1" 200 3093
"POST /manhour/search HTTP/1.1" 200 14785
"POST /manhour/search HTTP/1.1" 200 14785
"POST /manhour/search HTTP/1.1" 200 14238
"POST /manhour/search HTTP/1.1" 200 14785
"POST /manhour/search HTTP/1.1" 200 14238
"GET /manhour/items/list HTTP/1.1" 200 1240
"GET /manhour/dept/list HTTP/1.1" 200 843
"GET /manhour/user/list HTTP/1.1" 200 1594
"GET /manhour/action?id=1753 HTTP/1.1" 200 948
"GET /manhour/action?id=1753 HTTP/1.1" 200 948
登录请求 - 用户名: lidanfen, 请求方法: POST
找到用户: lidanfen, 用户ID: 28, 用户状态: 1
密码验证结果: True
"POST /user/login?username=lidanfen&password=123456&rememberMe=true HTTP/1.1" 200 7032
"POST /manhour/search HTTP/1.1" 200 14238
登录请求 - 用户名: xiexiang, 请求方法: POST
找到用户: xiexiang, 用户ID: 29, 用户状态: 1
密码验证结果: False
登录失败 - 用户 xiexiang 密码错误
"POST /user/login?username=xiexiang&password=123456&rememberMe=true HTTP/1.1" 200 85
"POST /manhour/search HTTP/1.1" 200 14238
登录请求 - 用户名: xiexiang, 请求方法: POST
找到用户: xiexiang, 用户ID: 29, 用户状态: 1
密码验证结果: False
登录失败 - 用户 xiexiang 密码错误
"POST /user/login?username=xiexiang&password=123456&rememberMe=true HTTP/1.1" 200 85
登录请求 - 用户名: xiexiang, 请求方法: POST
找到用户: xiexiang, 用户ID: 29, 用户状态: 1
密码验证结果: True
"POST /user/login?username=xiexiang&password=123456&rememberMe=true HTTP/1.1" 200 2735
"POST /repository/search HTTP/1.1" 200 58136
"GET /repository/history?id=106 HTTP/1.1" 200 968
"GET /repository/history?id=105 HTTP/1.1" 200 899
"GET /repository/history?id=104 HTTP/1.1" 200 659
"GET /repository/history?id=101 HTTP/1.1" 200 391
"GET /repository/history?id=103 HTTP/1.1" 200 958
"GET /repository/history?id=102 HTTP/1.1" 200 853
"GET /repository/history?id=100 HTTP/1.1" 200 546
"GET /repository/history?id=60 HTTP/1.1" 200 839
"GET /repository/history?id=99 HTTP/1.1" 200 819
"GET /repository/history?id=92 HTTP/1.1" 200 552
"GET /files/list/?page=1&page_size=10 HTTP/1.1" 200 5165
"POST /event/search HTTP/1.1" 200 1248
登录请求 - 用户名: liangdongdong, 请求方法: POST
找到用户: liangdongdong, 用户ID: 30, 用户状态: 1
密码验证结果: True
"POST /user/login?username=liangdongdong&password=123456&rememberMe=true HTTP/1.1" 200 2411
"POST /blacklist/search HTTP/1.1" 200 3855
"POST /repository/search HTTP/1.1" 200 57258
"GET /repository/history?id=101 HTTP/1.1" 200 391
"GET /repository/history?id=102 HTTP/1.1" 200 853
"GET /repository/history?id=103 HTTP/1.1" 200 958
"GET /repository/history?id=104 HTTP/1.1" 200 659
"GET /repository/history?id=106 HTTP/1.1" 200 968
"GET /repository/history?id=105 HTTP/1.1" 200 899
"GET /repository/history?id=100 HTTP/1.1" 200 546
"GET /repository/history?id=92 HTTP/1.1" 200 552
"GET /repository/history?id=56 HTTP/1.1" 200 924
"GET /repository/history?id=99 HTTP/1.1" 200 819
"GET /files/list/?page=1&page_size=10 HTTP/1.1" 200 5165
登录请求 - 用户名: wangchengjie, 请求方法: POST
找到用户: wangchengjie, 用户ID: 31, 用户状态: 1
密码验证结果: True
"POST /user/login?username=wangchengjie&password=123456&rememberMe=true HTTP/1.1" 200 3101
"POST /event/search HTTP/1.1" 200 1248
"POST /blacklist/search HTTP/1.1" 200 3855
"POST /repository/search HTTP/1.1" 200 58136
"GET /repository/history?id=102 HTTP/1.1" 200 853
"GET /repository/history?id=104 HTTP/1.1" 200 659
"GET /repository/history?id=103 HTTP/1.1" 200 958
"GET /repository/history?id=105 HTTP/1.1" 200 899
"GET /repository/history?id=106 HTTP/1.1" 200 968
"GET /repository/history?id=101 HTTP/1.1" 200 391
"GET /repository/history?id=100 HTTP/1.1" 200 546
"GET /repository/history?id=92 HTTP/1.1" 200 552
"GET /repository/history?id=99 HTTP/1.1" 200 819
"GET /repository/history?id=60 HTTP/1.1" 200 839
"GET /files/list/?page=1&page_size=10 HTTP/1.1" 200 5165
登录请求 - 用户名: fangzheng, 请求方法: POST
找到用户: fangzheng, 用户ID: 33, 用户状态: 1
密码验证结果: True
"POST /user/login?username=fangzheng&password=123456&rememberMe=true HTTP/1.1" 200 3093
"POST /manhour/search HTTP/1.1" 200 14785
"POST /manhour/search HTTP/1.1" 200 44
"POST /manhour/search HTTP/1.1" 200 14785
登录请求 - 用户名: lixiang, 请求方法: POST
找到用户: lixiang, 用户ID: 34, 用户状态: 1
密码验证结果: True
"POST /user/login?username=lixiang&password=123456&rememberMe=true HTTP/1.1" 200 2390
"POST /manhour/search HTTP/1.1" 200 15527
"POST /repository/search HTTP/1.1" 200 58136
"GET /repository/history?id=104 HTTP/1.1" 200 659
"GET /repository/history?id=106 HTTP/1.1" 200 968
"GET /repository/history?id=103 HTTP/1.1" 200 958
"GET /repository/history?id=101 HTTP/1.1" 200 391
"GET /repository/history?id=100 HTTP/1.1" 200 546
"GET /repository/history?id=105 HTTP/1.1" 200 899
"GET /repository/history?id=102 HTTP/1.1" 200 853
"GET /repository/history?id=60 HTTP/1.1" 200 839
"GET /repository/history?id=99 HTTP/1.1" 200 819
"GET /repository/history?id=92 HTTP/1.1" 200 552
"GET /files/list/?page=1&page_size=10 HTTP/1.1" 200 5165
"POST /manhour/search HTTP/1.1" 200 15527
登录请求 - 用户名: wangchao, 请求方法: POST
找到用户: wangchao, 用户ID: 35, 用户状态: 1
密码验证结果: True
"POST /user/login?username=wangchao&password=123456&rememberMe=true HTTP/1.1" 200 2392
"POST /manhour/search HTTP/1.1" 200 11587
登录请求 - 用户名: yangling, 请求方法: POST
找到用户: yangling, 用户ID: 36, 用户状态: 1
密码验证结果: True
"POST /user/login?username=yangling&password=123456&rememberMe=true HTTP/1.1" 200 2380
"POST /manhour/search HTTP/1.1" 200 13136
登录请求 - 用户名: zhangyongpeng, 请求方法: POST
找到用户: zhangyongpeng, 用户ID: 37, 用户状态: 1
密码验证结果: True
"POST /user/login?username=zhangyongpeng&password=123456&rememberMe=true HTTP/1.1" 200 2414
"POST /manhour/search HTTP/1.1" 200 9811
登录请求 - 用户名: gaodi, 请求方法: POST
找到用户: gaodi, 用户ID: 42, 用户状态: 1
密码验证结果: True
"POST /user/login?username=gaodi&password=123456&rememberMe=true HTTP/1.1" 200 6537
"POST /blacklist/search HTTP/1.1" 200 3855
"POST /manhour/search HTTP/1.1" 200 14238
"POST /repository/search HTTP/1.1" 200 58136
"GET /repository/history?id=105 HTTP/1.1" 200 899
"GET /repository/history?id=102 HTTP/1.1" 200 853
"GET /repository/history?id=106 HTTP/1.1" 200 968
"GET /repository/history?id=103 HTTP/1.1" 200 958
"GET /repository/history?id=101 HTTP/1.1" 200 391
"GET /repository/history?id=104 HTTP/1.1" 200 659
"GET /repository/history?id=100 HTTP/1.1" 200 546
"GET /repository/history?id=92 HTTP/1.1" 200 552
"GET /repository/history?id=60 HTTP/1.1" 200 839
"GET /repository/history?id=99 HTTP/1.1" 200 819
"POST /items/search HTTP/1.1" 200 2016
"GET /files/list/?page=1&page_size=10 HTTP/1.1" 200 5165
登录请求 - 用户名: lixiaolin, 请求方法: POST
找到用户: lixiaolin, 用户ID: 47, 用户状态: 1
密码验证结果: True
"POST /user/login?username=lixiaolin&password=123456&rememberMe=true HTTP/1.1" 200 2744
"POST /repository/search HTTP/1.1" 200 58136
"GET /repository/history?id=102 HTTP/1.1" 200 853
"GET /repository/history?id=101 HTTP/1.1" 200 391
"GET /repository/history?id=106 HTTP/1.1" 200 968
"GET /repository/history?id=105 HTTP/1.1" 200 899
"GET /repository/history?id=104 HTTP/1.1" 200 659
"GET /repository/history?id=103 HTTP/1.1" 200 958
"GET /repository/history?id=100 HTTP/1.1" 200 546
"GET /repository/history?id=60 HTTP/1.1" 200 839
"GET /repository/history?id=92 HTTP/1.1" 200 552
"GET /repository/history?id=99 HTTP/1.1" 200 819
"GET /files/list/?page=1&page_size=10 HTTP/1.1" 200 5165
"POST /event/search HTTP/1.1" 200 1248
登录请求 - 用户名: lizhenhua, 请求方法: POST
找到用户: lizhenhua, 用户ID: 52, 用户状态: 1
密码验证结果: True
"POST /user/login?username=lizhenhua&password=123456&rememberMe=true HTTP/1.1" 200 2388
"POST /manhour/search HTTP/1.1" 200 17311
登录请求 - 用户名: zhangbingyan, 请求方法: POST
找到用户: zhangbingyan, 用户ID: 55, 用户状态: 1
密码验证结果: True
"POST /user/login?username=zhangbingyan&password=123456&rememberMe=true HTTP/1.1" 200 2395
"POST /manhour/search HTTP/1.1" 200 31383
登录请求 - 用户名: huangkunlong, 请求方法: POST
找到用户: huangkunlong, 用户ID: 73, 用户状态: 1
密码验证结果: True
"POST /user/login?username=huangkunlong&password=123456&rememberMe=true HTTP/1.1" 200 2394
"POST /manhour/search HTTP/1.1" 200 12490
登录请求 - 用户名: pengyuqi, 请求方法: POST
找到用户: pengyuqi, 用户ID: 74, 用户状态: 1
密码验证结果: True
"POST /user/login?username=pengyuqi&password=123456&rememberMe=true HTTP/1.1" 200 3411
"POST /items/search HTTP/1.1" 200 2016
"GET /files/list/?page=1&page_size=10 HTTP/1.1" 200 5165
"POST /repository/search HTTP/1.1" 200 58136
"GET /repository/history?id=104 HTTP/1.1" 200 659
"GET /repository/history?id=106 HTTP/1.1" 200 968
"GET /repository/history?id=102 HTTP/1.1" 200 853
"GET /repository/history?id=105 HTTP/1.1" 200 899
"GET /repository/history?id=103 HTTP/1.1" 200 958
"GET /repository/history?id=101 HTTP/1.1" 200 391
"GET /repository/history?id=92 HTTP/1.1" 200 552
"GET /repository/history?id=100 HTTP/1.1" 200 546
"GET /repository/history?id=99 HTTP/1.1" 200 819
"GET /repository/history?id=60 HTTP/1.1" 200 839
"POST /manhour/search HTTP/1.1" 200 12665
登录请求 - 用户名: xinxuecheng, 请求方法: POST
找到用户: xinxuecheng, 用户ID: 75, 用户状态: 1
密码验证结果: True
"POST /user/login?username=xinxuecheng&password=123456&rememberMe=true HTTP/1.1" 200 3435
"POST /manhour/search HTTP/1.1" 200 12665
登录请求 - 用户名: admin, 请求方法: POST
找到用户: admin, 用户ID: 1, 用户状态: 1
密码验证结果: True
"POST /user/login?username=admin&password=123456&rememberMe=true HTTP/1.1" 200 7519
"POST /manhour/search HTTP/1.1" 200 14238
"POST /manhour/search HTTP/1.1" 200 14238
"POST /manhour/search HTTP/1.1" 200 14238
"POST /user/search HTTP/1.1" 200 8056
"POST /user/search HTTP/1.1" 200 7429
"GET /user/resetPassword?id=42 HTTP/1.1" 200 13
"POST /user/search HTTP/1.1" 200 7512
D:\my_project\Django_admin\jj_system\user\views.py changed, reloading.
Adding job tentatively -- it will be properly scheduled when the scheduler starts
Added job "岗位同步" to job store "default"
Scheduler started
岗位同步调度器已启动 - 每天凌晨3:00执行
Adding job tentatively -- it will be properly scheduled when the scheduler starts
Added job "企业微信部门同步" to job store "default"
Scheduler started
[OK] 定时任务调度器已启动 - 每天凌晨2点执行部门同步
[OK] 部门同步定时任务已启动
Watching for file changes with StatReloader
D:\my_project\Django_admin\jj_system\user\views.py changed, reloading.
Adding job tentatively -- it will be properly scheduled when the scheduler starts
Added job "岗位同步" to job store "default"
Scheduler started
岗位同步调度器已启动 - 每天凌晨3:00执行
Adding job tentatively -- it will be properly scheduled when the scheduler starts
Added job "企业微信部门同步" to job store "default"
Scheduler started
[OK] 定时任务调度器已启动 - 每天凌晨2点执行部门同步
[OK] 部门同步定时任务已启动
Watching for file changes with StatReloader
D:\my_project\Django_admin\jj_system\user\views.py changed, reloading.
Adding job tentatively -- it will be properly scheduled when the scheduler starts
Added job "岗位同步" to job store "default"
Scheduler started
岗位同步调度器已启动 - 每天凌晨3:00执行
Adding job tentatively -- it will be properly scheduled when the scheduler starts
Added job "企业微信部门同步" to job store "default"
Scheduler started
[OK] 定时任务调度器已启动 - 每天凌晨2点执行部门同步
[OK] 部门同步定时任务已启动
Watching for file changes with StatReloader
D:\my_project\Django_admin\jj_system\user\views.py changed, reloading.
Adding job tentatively -- it will be properly scheduled when the scheduler starts
Added job "岗位同步" to job store "default"
Scheduler started
岗位同步调度器已启动 - 每天凌晨3:00执行
Adding job tentatively -- it will be properly scheduled when the scheduler starts
Added job "企业微信部门同步" to job store "default"
Scheduler started
[OK] 定时任务调度器已启动 - 每天凌晨2点执行部门同步
[OK] 部门同步定时任务已启动
Watching for file changes with StatReloader
"POST /manhour/search HTTP/1.1" 200 14238
"POST /blacklist/search HTTP/1.1" 200 3855
"POST /manhour/search HTTP/1.1" 200 14238
"POST /approval/list HTTP/1.1" 200 1750
"POST /manhour/search HTTP/1.1" 200 14238
D:\my_project\Django_admin\jj_system\user\views.py changed, reloading.
Adding job tentatively -- it will be properly scheduled when the scheduler starts
Added job "岗位同步" to job store "default"
Scheduler started
岗位同步调度器已启动 - 每天凌晨3:00执行
Adding job tentatively -- it will be properly scheduled when the scheduler starts
Added job "企业微信部门同步" to job store "default"
Scheduler started
[OK] 定时任务调度器已启动 - 每天凌晨2点执行部门同步
[OK] 部门同步定时任务已启动
Watching for file changes with StatReloader
Adding job tentatively -- it will be properly scheduled when the scheduler starts
Added job "岗位同步" to job store "default"
Scheduler started
岗位同步调度器已启动 - 每天凌晨3:00执行
Adding job tentatively -- it will be properly scheduled when the scheduler starts
Added job "岗位同步" to job store "default"
Scheduler started
岗位同步调度器已启动 - 每天凌晨3:00执行
Adding job tentatively -- it will be properly scheduled when the scheduler starts
Added job "企业微信部门同步" to job store "default"
Scheduler started
[OK] 定时任务调度器已启动 - 每天凌晨2点执行部门同步
[OK] 部门同步定时任务已启动
Watching for file changes with StatReloader
"POST /manhour/search HTTP/1.1" 200 14238
"POST /manhour/search HTTP/1.1" 200 14238
"POST /user/search HTTP/1.1" 200 8056
"POST /user/search HTTP/1.1" 200 7431
"GET /user/resetPassword?id=42 HTTP/1.1" 200 13
"POST /user/search HTTP/1.1" 200 7429
"POST /manhour/search HTTP/1.1" 200 14238
"POST /manhour/search HTTP/1.1" 200 14238
登录请求 - 用户名: admin, 请求方法: POST
找到用户: admin, 用户ID: 1, 用户状态: 1
密码验证结果: False
登录失败 - 用户 admin 密码错误
"POST /user/login?username=admin&password=1234567&rememberMe=true HTTP/1.1" 200 85
登录请求 - 用户名: admin, 请求方法: POST
找到用户: admin, 用户ID: 1, 用户状态: 1
密码验证结果: True
"POST /user/login?username=admin&password=123456&rememberMe=true HTTP/1.1" 200 7519
"POST /manhour/search HTTP/1.1" 200 14238
"POST /manhour/search HTTP/1.1" 200 14238
"POST /manhour/search HTTP/1.1" 200 14238
"POST /manhour/search HTTP/1.1" 200 14238
"POST /manhour/search HTTP/1.1" 200 14238
"POST /manhour/search HTTP/1.1" 200 14238
"POST /manhour/search HTTP/1.1" 200 14238
"POST /manhour/search HTTP/1.1" 200 14238
"POST /manhour/search HTTP/1.1" 200 14238
"POST /manhour/search HTTP/1.1" 200 14238
"POST /manhour/search HTTP/1.1" 200 14238
"POST /manhour/search HTTP/1.1" 200 14238
"POST /manhour/search HTTP/1.1" 200 14238
"POST /manhour/search HTTP/1.1" 200 14238
"POST /manhour/search HTTP/1.1" 200 14238
"POST /manhour/search HTTP/1.1" 200 14238
"POST /manhour/search HTTP/1.1" 200 14238
"GET /manhour/dept/list HTTP/1.1" 200 843
"GET /manhour/user/list HTTP/1.1" 200 1594
"GET /manhour/items/list HTTP/1.1" 200 1240
登录请求 - 用户名: fangzheng, 请求方法: POST
找到用户: fangzheng, 用户ID: 33, 用户状态: 1
密码验证结果: True
"POST /user/login?username=fangzheng&password=123456&rememberMe=true HTTP/1.1" 200 3093
"POST /manhour/search HTTP/1.1" 200 14785
"GET /manhour/items/list HTTP/1.1" 200 1240
"GET /manhour/dept/list HTTP/1.1" 200 843
"GET /manhour/user/list HTTP/1.1" 200 1594
"POST /manhour/search HTTP/1.1" 200 14785
"POST /manhour/search HTTP/1.1" 200 14238
"POST /manhour/search HTTP/1.1" 200 14785
"POST /manhour/search HTTP/1.1" 200 14238
"POST /manhour/search HTTP/1.1" 200 14785
"POST /manhour/search HTTP/1.1" 200 14238
"POST /manhour/search HTTP/1.1" 200 14785
"POST /manhour/search HTTP/1.1" 200 14238
"POST /manhour/search HTTP/1.1" 200 14785
"POST /manhour/search HTTP/1.1" 200 14238
"POST /manhour/search HTTP/1.1" 200 14785
"POST /manhour/search HTTP/1.1" 200 14238
"POST /manhour/search HTTP/1.1" 200 14785
"POST /manhour/search HTTP/1.1" 200 14238
"GET /manhour/items/list HTTP/1.1" 200 1240
"GET /manhour/dept/list HTTP/1.1" 200 843
"GET /manhour/user/list HTTP/1.1" 200 1594
"GET /manhour/user/list HTTP/1.1" 200 1594
"GET /manhour/dept/list HTTP/1.1" 200 843
"GET /manhour/items/list HTTP/1.1" 200 1240
"GET /files/list/?page=1&page_size=10 HTTP/1.1" 200 5165
"POST /manhour/search HTTP/1.1" 200 14785
"GET /manhour/user/list HTTP/1.1" 200 1594
"GET /manhour/items/list HTTP/1.1" 200 1240
"GET /manhour/dept/list HTTP/1.1" 200 843
"GET /manhour/dept/list HTTP/1.1" 200 843
"GET /manhour/items/list HTTP/1.1" 200 1240
"GET /manhour/user/list HTTP/1.1" 200 1594
"POST /manhour/search HTTP/1.1" 200 14785
"POST /manhour/search HTTP/1.1" 200 14785
"GET /manhour/items/list HTTP/1.1" 200 1240
"GET /manhour/dept/list HTTP/1.1" 200 843
"GET /manhour/user/list HTTP/1.1" 200 1594
"POST /manhour/search HTTP/1.1" 200 14785
"POST /manhour/search HTTP/1.1" 200 14238
"GET /manhour/user/list HTTP/1.1" 200 1594
"GET /manhour/items/list HTTP/1.1" 200 1240
"GET /manhour/dept/list HTTP/1.1" 200 843
"POST /manhour/search HTTP/1.1" 200 14238
"POST /manhour/search HTTP/1.1" 200 14238
"POST /manhour/search HTTP/1.1" 200 14238
"POST /manhour/search HTTP/1.1" 200 14785
"GET /manhour/dept/list HTTP/1.1" 200 843
"GET /manhour/items/list HTTP/1.1" 200 1240
"GET /manhour/user/list HTTP/1.1" 200 1594
"POST /manhour/search HTTP/1.1" 200 14238
"POST /manhour/search HTTP/1.1" 200 14785
"POST /event/search HTTP/1.1" 200 1248
"POST /classify/search HTTP/1.1" 200 2033
"POST /level/search HTTP/1.1" 200 634
"POST /post/search HTTP/1.1" 200 1638
"GET /department/treeList HTTP/1.1" 200 4110
菜单查询集: <QuerySet [<SysMenu: SysMenu object (3)>, <SysMenu: SysMenu object (31)>, <SysMenu: SysMenu object (27)>, <SysMenu: SysMenu object (22)>, <SysMenu: SysMenu object (11)>, <SysMenu: SysMenu object (1)>, <SysMenu: SysMenu object (2)>, <SysMenu: SysMenu object (32)>, <SysMenu: SysMenu object (28)>, <SysMenu: SysMenu object (23)>, <SysMenu: SysMenu object (4)>, <SysMenu: SysMenu object (29)>, <SysMenu: SysMenu object (5)>, <SysMenu: SysMenu object (14)>, <SysMenu: SysMenu object (33)>, <SysMenu: SysMenu object (24)>, <SysMenu: SysMenu object (17)>, <SysMenu: SysMenu object (6)>, <SysMenu: SysMenu object (25)>, <SysMenu: SysMenu object (7)>, '...(remaining elements truncated)...']>
菜单树结果: [<SysMenu: SysMenu object (1)>, <SysMenu: SysMenu object (2)>, <SysMenu: SysMenu object (30)>]
"GET /menu/treeList HTTP/1.1" 200 9072
页面大小: 10, 页码: 1
"POST /role/search HTTP/1.1" 200 1819
"POST /user/search HTTP/1.1" 200 8056
"POST /items/search HTTP/1.1" 200 2016
D:\my_project\Django_admin\jj_system\items\models.py changed, reloading.
Adding job tentatively -- it will be properly scheduled when the scheduler starts
Added job "岗位同步" to job store "default"
Scheduler started
岗位同步调度器已启动 - 每天凌晨3:00执行
Adding job tentatively -- it will be properly scheduled when the scheduler starts
Added job "企业微信部门同步" to job store "default"
Scheduler started
[OK] 定时任务调度器已启动 - 每天凌晨2点执行部门同步
[OK] 部门同步定时任务已启动
Watching for file changes with StatReloader
Adding job tentatively -- it will be properly scheduled when the scheduler starts
Added job "岗位同步" to job store "default"
Scheduler started
岗位同步调度器已启动 - 每天凌晨3:00执行
"POST /repository/search HTTP/1.1" 200 57256
"GET /repository/history?id=99 HTTP/1.1" 200 819
"GET /repository/history?id=105 HTTP/1.1" 200 899
"GET /repository/history?id=56 HTTP/1.1" 200 924
"GET /repository/history?id=106 HTTP/1.1" 200 968
"GET /repository/history?id=104 HTTP/1.1" 200 659
"GET /repository/history?id=102 HTTP/1.1" 200 853
"GET /repository/history?id=103 HTTP/1.1" 200 958
"GET /repository/history?id=100 HTTP/1.1" 200 546
"GET /repository/history?id=101 HTTP/1.1" 200 391
"GET /repository/history?id=92 HTTP/1.1" 200 552
Adding job tentatively -- it will be properly scheduled when the scheduler starts
Added job "岗位同步" to job store "default"
Scheduler started
岗位同步调度器已启动 - 每天凌晨3:00执行
D:\my_project\Django_admin\jj_system\items\views.py changed, reloading.
Adding job tentatively -- it will be properly scheduled when the scheduler starts
Added job "岗位同步" to job store "default"
Scheduler started
岗位同步调度器已启动 - 每天凌晨3:00执行
Adding job tentatively -- it will be properly scheduled when the scheduler starts
Added job "企业微信部门同步" to job store "default"
Scheduler started
[OK] 定时任务调度器已启动 - 每天凌晨2点执行部门同步
[OK] 部门同步定时任务已启动
Watching for file changes with StatReloader
"POST /approval/list HTTP/1.1" 200 1750
D:\my_project\Django_admin\jj_system\items\views.py changed, reloading.
Adding job tentatively -- it will be properly scheduled when the scheduler starts
Added job "岗位同步" to job store "default"
Scheduler started
岗位同步调度器已启动 - 每天凌晨3:00执行
Adding job tentatively -- it will be properly scheduled when the scheduler starts
Added job "企业微信部门同步" to job store "default"
Scheduler started
[OK] 定时任务调度器已启动 - 每天凌晨2点执行部门同步
[OK] 部门同步定时任务已启动
Watching for file changes with StatReloader
D:\my_project\Django_admin\jj_system\items\views.py changed, reloading.
Adding job tentatively -- it will be properly scheduled when the scheduler starts
Added job "岗位同步" to job store "default"
Scheduler started
岗位同步调度器已启动 - 每天凌晨3:00执行
Adding job tentatively -- it will be properly scheduled when the scheduler starts
Added job "企业微信部门同步" to job store "default"
Scheduler started
[OK] 定时任务调度器已启动 - 每天凌晨2点执行部门同步
[OK] 部门同步定时任务已启动
Watching for file changes with StatReloader
"POST /items/search HTTP/1.1" 200 2326
"POST /classify/search HTTP/1.1" 200 2033
"POST /level/search HTTP/1.1" 200 634
"POST /post/search HTTP/1.1" 200 1638
"GET /department/treeList HTTP/1.1" 200 4110
菜单查询集: <QuerySet [<SysMenu: SysMenu object (3)>, <SysMenu: SysMenu object (31)>, <SysMenu: SysMenu object (27)>, <SysMenu: SysMenu object (22)>, <SysMenu: SysMenu object (11)>, <SysMenu: SysMenu object (1)>, <SysMenu: SysMenu object (2)>, <SysMenu: SysMenu object (32)>, <SysMenu: SysMenu object (28)>, <SysMenu: SysMenu object (23)>, <SysMenu: SysMenu object (4)>, <SysMenu: SysMenu object (29)>, <SysMenu: SysMenu object (5)>, <SysMenu: SysMenu object (14)>, <SysMenu: SysMenu object (33)>, <SysMenu: SysMenu object (24)>, <SysMenu: SysMenu object (17)>, <SysMenu: SysMenu object (6)>, <SysMenu: SysMenu object (25)>, <SysMenu: SysMenu object (7)>, '...(remaining elements truncated)...']>
菜单树结果: [<SysMenu: SysMenu object (1)>, <SysMenu: SysMenu object (2)>, <SysMenu: SysMenu object (30)>]
"GET /menu/treeList HTTP/1.1" 200 9072
页面大小: 10, 页码: 1
"POST /role/search HTTP/1.1" 200 1819
"POST /user/search HTTP/1.1" 200 8056
"POST /items/search HTTP/1.1" 200 2516
"POST /repository/search HTTP/1.1" 200 57256
"GET /repository/history?id=104 HTTP/1.1" 200 659
"GET /repository/history?id=102 HTTP/1.1" 200 853
"GET /repository/history?id=106 HTTP/1.1" 200 968
"GET /repository/history?id=105 HTTP/1.1" 200 899
"GET /repository/history?id=101 HTTP/1.1" 200 391
"GET /repository/history?id=103 HTTP/1.1" 200 958
"GET /repository/history?id=100 HTTP/1.1" 200 546
"GET /repository/history?id=92 HTTP/1.1" 200 552
"GET /repository/history?id=99 HTTP/1.1" 200 819
"GET /repository/history?id=56 HTTP/1.1" 200 924
"POST /approval/list HTTP/1.1" 200 1750
"POST /user/search HTTP/1.1" 200 8056
页面大小: 10, 页码: 1
"POST /role/search HTTP/1.1" 200 1819
菜单查询集: <QuerySet [<SysMenu: SysMenu object (3)>, <SysMenu: SysMenu object (31)>, <SysMenu: SysMenu object (27)>, <SysMenu: SysMenu object (22)>, <SysMenu: SysMenu object (11)>, <SysMenu: SysMenu object (1)>, <SysMenu: SysMenu object (2)>, <SysMenu: SysMenu object (32)>, <SysMenu: SysMenu object (28)>, <SysMenu: SysMenu object (23)>, <SysMenu: SysMenu object (4)>, <SysMenu: SysMenu object (29)>, <SysMenu: SysMenu object (5)>, <SysMenu: SysMenu object (14)>, <SysMenu: SysMenu object (33)>, <SysMenu: SysMenu object (24)>, <SysMenu: SysMenu object (17)>, <SysMenu: SysMenu object (6)>, <SysMenu: SysMenu object (25)>, <SysMenu: SysMenu object (7)>, '...(remaining elements truncated)...']>
菜单树结果: [<SysMenu: SysMenu object (1)>, <SysMenu: SysMenu object (2)>, <SysMenu: SysMenu object (30)>]
"GET /menu/treeList HTTP/1.1" 200 9072
"GET /role/menus?id=1 HTTP/1.1" 200 101
角色ID: 1, 菜单ID列表: [1, 3, 22, 23, 24, 25, 26, 4, 5, 6, 34, 7, 8, 18, 19, 2, 11, 14, 17, 16, 20, 27, 28, 29, 30, 31, 32, 33]
"POST /role/grant HTTP/1.1" 200 13
页面大小: 10, 页码: 1
菜单查询集: <QuerySet [<SysMenu: SysMenu object (3)>, <SysMenu: SysMenu object (31)>, <SysMenu: SysMenu object (27)>, <SysMenu: SysMenu object (22)>, <SysMenu: SysMenu object (11)>, <SysMenu: SysMenu object (1)>, <SysMenu: SysMenu object (2)>, <SysMenu: SysMenu object (32)>, <SysMenu: SysMenu object (28)>, <SysMenu: SysMenu object (23)>, <SysMenu: SysMenu object (4)>, <SysMenu: SysMenu object (29)>, <SysMenu: SysMenu object (5)>, <SysMenu: SysMenu object (14)>, <SysMenu: SysMenu object (33)>, <SysMenu: SysMenu object (24)>, <SysMenu: SysMenu object (17)>, <SysMenu: SysMenu object (6)>, <SysMenu: SysMenu object (25)>, <SysMenu: SysMenu object (7)>, '...(remaining elements truncated)...']>
菜单树结果: [<SysMenu: SysMenu object (1)>, <SysMenu: SysMenu object (2)>, <SysMenu: SysMenu object (30)>]
"POST /role/search HTTP/1.1" 200 1819
"GET /menu/treeList HTTP/1.1" 200 9072
"GET /role/menus?id=1 HTTP/1.1" 200 133
菜单查询集: <QuerySet [<SysMenu: SysMenu object (3)>, <SysMenu: SysMenu object (31)>, <SysMenu: SysMenu object (27)>, <SysMenu: SysMenu object (22)>, <SysMenu: SysMenu object (11)>, <SysMenu: SysMenu object (1)>, <SysMenu: SysMenu object (2)>, <SysMenu: SysMenu object (32)>, <SysMenu: SysMenu object (28)>, <SysMenu: SysMenu object (23)>, <SysMenu: SysMenu object (4)>, <SysMenu: SysMenu object (29)>, <SysMenu: SysMenu object (5)>, <SysMenu: SysMenu object (14)>, <SysMenu: SysMenu object (33)>, <SysMenu: SysMenu object (24)>, <SysMenu: SysMenu object (17)>, <SysMenu: SysMenu object (6)>, <SysMenu: SysMenu object (25)>, <SysMenu: SysMenu object (7)>, '...(remaining elements truncated)...']>
菜单树结果: [<SysMenu: SysMenu object (1)>, <SysMenu: SysMenu object (2)>, <SysMenu: SysMenu object (30)>]
"GET /menu/treeList HTTP/1.1" 200 9072
"GET /role/menus?id=34 HTTP/1.1" 200 97
角色ID: 34, 菜单ID列表: [1, 3, 4, 5, 6, 34, 7, 8, 18, 19, 2, 11, 14, 17, 16, 20, 27, 28, 29, 30, 31, 32, 33]
"POST /role/grant HTTP/1.1" 200 13
页面大小: 10, 页码: 1
菜单查询集: <QuerySet [<SysMenu: SysMenu object (3)>, <SysMenu: SysMenu object (31)>, <SysMenu: SysMenu object (27)>, <SysMenu: SysMenu object (22)>, <SysMenu: SysMenu object (11)>, <SysMenu: SysMenu object (1)>, <SysMenu: SysMenu object (2)>, <SysMenu: SysMenu object (32)>, <SysMenu: SysMenu object (28)>, <SysMenu: SysMenu object (23)>, <SysMenu: SysMenu object (4)>, <SysMenu: SysMenu object (29)>, <SysMenu: SysMenu object (5)>, <SysMenu: SysMenu object (14)>, <SysMenu: SysMenu object (33)>, <SysMenu: SysMenu object (24)>, <SysMenu: SysMenu object (17)>, <SysMenu: SysMenu object (6)>, <SysMenu: SysMenu object (25)>, <SysMenu: SysMenu object (7)>, '...(remaining elements truncated)...']>
菜单树结果: [<SysMenu: SysMenu object (1)>, <SysMenu: SysMenu object (2)>, <SysMenu: SysMenu object (30)>]
"POST /role/search HTTP/1.1" 200 1819
"GET /menu/treeList HTTP/1.1" 200 9072
"GET /role/menus?id=34 HTTP/1.1" 200 113
菜单查询集: <QuerySet [<SysMenu: SysMenu object (3)>, <SysMenu: SysMenu object (31)>, <SysMenu: SysMenu object (27)>, <SysMenu: SysMenu object (22)>, <SysMenu: SysMenu object (11)>, <SysMenu: SysMenu object (1)>, <SysMenu: SysMenu object (2)>, <SysMenu: SysMenu object (32)>, <SysMenu: SysMenu object (28)>, <SysMenu: SysMenu object (23)>, <SysMenu: SysMenu object (4)>, <SysMenu: SysMenu object (29)>, <SysMenu: SysMenu object (5)>, <SysMenu: SysMenu object (14)>, <SysMenu: SysMenu object (33)>, <SysMenu: SysMenu object (24)>, <SysMenu: SysMenu object (17)>, <SysMenu: SysMenu object (6)>, <SysMenu: SysMenu object (25)>, <SysMenu: SysMenu object (7)>, '...(remaining elements truncated)...']>
菜单树结果: [<SysMenu: SysMenu object (1)>, <SysMenu: SysMenu object (2)>, <SysMenu: SysMenu object (30)>]
"GET /menu/treeList HTTP/1.1" 200 9072
"GET /role/menus?id=2 HTTP/1.1" 200 40
角色ID: 2, 菜单ID列表: [2, 17, 20, 27, 28]
"POST /role/grant HTTP/1.1" 200 13
页面大小: 10, 页码: 1
菜单查询集: <QuerySet [<SysMenu: SysMenu object (3)>, <SysMenu: SysMenu object (31)>, <SysMenu: SysMenu object (27)>, <SysMenu: SysMenu object (22)>, <SysMenu: SysMenu object (11)>, <SysMenu: SysMenu object (1)>, <SysMenu: SysMenu object (2)>, <SysMenu: SysMenu object (32)>, <SysMenu: SysMenu object (28)>, <SysMenu: SysMenu object (23)>, <SysMenu: SysMenu object (4)>, <SysMenu: SysMenu object (29)>, <SysMenu: SysMenu object (5)>, <SysMenu: SysMenu object (14)>, <SysMenu: SysMenu object (33)>, <SysMenu: SysMenu object (24)>, <SysMenu: SysMenu object (17)>, <SysMenu: SysMenu object (6)>, <SysMenu: SysMenu object (25)>, <SysMenu: SysMenu object (7)>, '...(remaining elements truncated)...']>
"POST /role/search HTTP/1.1" 200 1819
菜单树结果: [<SysMenu: SysMenu object (1)>, <SysMenu: SysMenu object (2)>, <SysMenu: SysMenu object (30)>]
"GET /menu/treeList HTTP/1.1" 200 9072
"GET /role/menus?id=2 HTTP/1.1" 200 48
菜单查询集: <QuerySet [<SysMenu: SysMenu object (3)>, <SysMenu: SysMenu object (31)>, <SysMenu: SysMenu object (27)>, <SysMenu: SysMenu object (22)>, <SysMenu: SysMenu object (11)>, <SysMenu: SysMenu object (1)>, <SysMenu: SysMenu object (2)>, <SysMenu: SysMenu object (32)>, <SysMenu: SysMenu object (28)>, <SysMenu: SysMenu object (23)>, <SysMenu: SysMenu object (4)>, <SysMenu: SysMenu object (29)>, <SysMenu: SysMenu object (5)>, <SysMenu: SysMenu object (14)>, <SysMenu: SysMenu object (33)>, <SysMenu: SysMenu object (24)>, <SysMenu: SysMenu object (17)>, <SysMenu: SysMenu object (6)>, <SysMenu: SysMenu object (25)>, <SysMenu: SysMenu object (7)>, '...(remaining elements truncated)...']>
菜单树结果: [<SysMenu: SysMenu object (1)>, <SysMenu: SysMenu object (2)>, <SysMenu: SysMenu object (30)>]
"GET /menu/treeList HTTP/1.1" 200 9072
"GET /role/menus?id=36 HTTP/1.1" 200 36
菜单查询集: <QuerySet [<SysMenu: SysMenu object (3)>, <SysMenu: SysMenu object (31)>, <SysMenu: SysMenu object (27)>, <SysMenu: SysMenu object (22)>, <SysMenu: SysMenu object (11)>, <SysMenu: SysMenu object (1)>, <SysMenu: SysMenu object (2)>, <SysMenu: SysMenu object (32)>, <SysMenu: SysMenu object (28)>, <SysMenu: SysMenu object (23)>, <SysMenu: SysMenu object (4)>, <SysMenu: SysMenu object (29)>, <SysMenu: SysMenu object (5)>, <SysMenu: SysMenu object (14)>, <SysMenu: SysMenu object (33)>, <SysMenu: SysMenu object (24)>, <SysMenu: SysMenu object (17)>, <SysMenu: SysMenu object (6)>, <SysMenu: SysMenu object (25)>, <SysMenu: SysMenu object (7)>, '...(remaining elements truncated)...']>
菜单树结果: [<SysMenu: SysMenu object (1)>, <SysMenu: SysMenu object (2)>, <SysMenu: SysMenu object (30)>]
"GET /menu/treeList HTTP/1.1" 200 9072
"GET /role/menus?id=36 HTTP/1.1" 200 36
菜单查询集: <QuerySet [<SysMenu: SysMenu object (3)>, <SysMenu: SysMenu object (31)>, <SysMenu: SysMenu object (27)>, <SysMenu: SysMenu object (22)>, <SysMenu: SysMenu object (11)>, <SysMenu: SysMenu object (1)>, <SysMenu: SysMenu object (2)>, <SysMenu: SysMenu object (32)>, <SysMenu: SysMenu object (28)>, <SysMenu: SysMenu object (23)>, <SysMenu: SysMenu object (4)>, <SysMenu: SysMenu object (29)>, <SysMenu: SysMenu object (5)>, <SysMenu: SysMenu object (14)>, <SysMenu: SysMenu object (33)>, <SysMenu: SysMenu object (24)>, <SysMenu: SysMenu object (17)>, <SysMenu: SysMenu object (6)>, <SysMenu: SysMenu object (25)>, <SysMenu: SysMenu object (7)>, '...(remaining elements truncated)...']>
菜单树结果: [<SysMenu: SysMenu object (1)>, <SysMenu: SysMenu object (2)>, <SysMenu: SysMenu object (30)>]
"GET /menu/treeList HTTP/1.1" 200 9072
菜单查询集: <QuerySet [<SysMenu: SysMenu object (3)>, <SysMenu: SysMenu object (31)>, <SysMenu: SysMenu object (27)>, <SysMenu: SysMenu object (22)>, <SysMenu: SysMenu object (11)>, <SysMenu: SysMenu object (1)>, <SysMenu: SysMenu object (2)>, <SysMenu: SysMenu object (32)>, <SysMenu: SysMenu object (28)>, <SysMenu: SysMenu object (23)>, <SysMenu: SysMenu object (4)>, <SysMenu: SysMenu object (29)>, <SysMenu: SysMenu object (5)>, <SysMenu: SysMenu object (14)>, <SysMenu: SysMenu object (33)>, <SysMenu: SysMenu object (24)>, <SysMenu: SysMenu object (17)>, <SysMenu: SysMenu object (6)>, <SysMenu: SysMenu object (25)>, <SysMenu: SysMenu object (7)>, '...(remaining elements truncated)...']>
菜单树结果: [<SysMenu: SysMenu object (1)>, <SysMenu: SysMenu object (2)>, <SysMenu: SysMenu object (30)>]
"GET /menu/treeList HTTP/1.1" 200 9072
"POST /manhour/search HTTP/1.1" 200 14785
"GET /department/treeList HTTP/1.1" 200 4110
"POST /post/search HTTP/1.1" 200 1638
"POST /level/search HTTP/1.1" 200 634
"POST /classify/search HTTP/1.1" 200 2033
"POST /event/search HTTP/1.1" 200 1248
"POST /event/search HTTP/1.1" 200 1248
"POST /manhour/search HTTP/1.1" 200 14785
"POST /event/search HTTP/1.1" 200 1248
Adding job tentatively -- it will be properly scheduled when the scheduler starts
Added job "岗位同步" to job store "default"
Scheduler started
岗位同步调度器已启动 - 每天凌晨3:00执行
Adding job tentatively -- it will be properly scheduled when the scheduler starts
Added job "岗位同步" to job store "default"
Scheduler started
岗位同步调度器已启动 - 每天凌晨3:00执行
Adding job tentatively -- it will be properly scheduled when the scheduler starts
Added job "企业微信部门同步" to job store "default"
Scheduler started
[OK] 定时任务调度器已启动 - 每天凌晨2点执行部门同步
[OK] 部门同步定时任务已启动
Watching for file changes with StatReloader
"POST /event/search HTTP/1.1" 200 1248
"POST /manhour/search HTTP/1.1" 200 14785
"POST /event/search HTTP/1.1" 200 1248
"POST /approval/list HTTP/1.1" 200 1750
"POST /approval/list HTTP/1.1" 200 1750
"POST /manhour/search HTTP/1.1" 200 14785
"POST /user/search HTTP/1.1" 200 8056
"GET /role/listAll HTTP/1.1" 200 1807
"GET /role/listAll HTTP/1.1" 200 1807
页面大小: 10, 页码: 1
"POST /role/search HTTP/1.1" 200 1819
菜单查询集: <QuerySet [<SysMenu: SysMenu object (3)>, <SysMenu: SysMenu object (31)>, <SysMenu: SysMenu object (27)>, <SysMenu: SysMenu object (22)>, <SysMenu: SysMenu object (11)>, <SysMenu: SysMenu object (1)>, <SysMenu: SysMenu object (2)>, <SysMenu: SysMenu object (32)>, <SysMenu: SysMenu object (28)>, <SysMenu: SysMenu object (23)>, <SysMenu: SysMenu object (4)>, <SysMenu: SysMenu object (29)>, <SysMenu: SysMenu object (5)>, <SysMenu: SysMenu object (14)>, <SysMenu: SysMenu object (33)>, <SysMenu: SysMenu object (24)>, <SysMenu: SysMenu object (17)>, <SysMenu: SysMenu object (6)>, <SysMenu: SysMenu object (25)>, <SysMenu: SysMenu object (7)>, '...(remaining elements truncated)...']>
菜单树结果: [<SysMenu: SysMenu object (1)>, <SysMenu: SysMenu object (2)>, <SysMenu: SysMenu object (30)>]
"GET /menu/treeList HTTP/1.1" 200 9072
"GET /role/menus?id=1 HTTP/1.1" 200 133
菜单查询集: <QuerySet [<SysMenu: SysMenu object (3)>, <SysMenu: SysMenu object (31)>, <SysMenu: SysMenu object (27)>, <SysMenu: SysMenu object (22)>, <SysMenu: SysMenu object (11)>, <SysMenu: SysMenu object (1)>, <SysMenu: SysMenu object (2)>, <SysMenu: SysMenu object (32)>, <SysMenu: SysMenu object (28)>, <SysMenu: SysMenu object (23)>, <SysMenu: SysMenu object (4)>, <SysMenu: SysMenu object (29)>, <SysMenu: SysMenu object (5)>, <SysMenu: SysMenu object (14)>, <SysMenu: SysMenu object (33)>, <SysMenu: SysMenu object (24)>, <SysMenu: SysMenu object (17)>, <SysMenu: SysMenu object (6)>, <SysMenu: SysMenu object (25)>, <SysMenu: SysMenu object (7)>, '...(remaining elements truncated)...']>
菜单树结果: [<SysMenu: SysMenu object (1)>, <SysMenu: SysMenu object (2)>, <SysMenu: SysMenu object (30)>]
"GET /menu/treeList HTTP/1.1" 200 9072
"GET /role/menus?id=1 HTTP/1.1" 200 133
"POST /user/search HTTP/1.1" 200 8056
D:\my_project\Django_admin\jj_system\jj_system\urls.py changed, reloading.
Adding job tentatively -- it will be properly scheduled when the scheduler starts
Added job "岗位同步" to job store "default"
Scheduler started
岗位同步调度器已启动 - 每天凌晨3:00执行
Adding job tentatively -- it will be properly scheduled when the scheduler starts
Added job "企业微信部门同步" to job store "default"
Scheduler started
[OK] 定时任务调度器已启动 - 每天凌晨2点执行部门同步
[OK] 部门同步定时任务已启动
Watching for file changes with StatReloader
"POST /user/search HTTP/1.1" 200 4665
"POST /user/search HTTP/1.1" 200 7519
"POST /user/search HTTP/1.1" 200 8056
Adding job tentatively -- it will be properly scheduled when the scheduler starts
Added job "岗位同步" to job store "default"
Scheduler started
岗位同步调度器已启动 - 每天凌晨3:00执行
"POST /user/search HTTP/1.1" 200 8056
Adding job tentatively -- it will be properly scheduled when the scheduler starts
Added job "岗位同步" to job store "default"
Scheduler started
岗位同步调度器已启动 - 每天凌晨3:00执行
D:\my_project\Django_admin\jj_system\log\urls.py changed, reloading.
Adding job tentatively -- it will be properly scheduled when the scheduler starts
Added job "岗位同步" to job store "default"
Scheduler started
岗位同步调度器已启动 - 每天凌晨3:00执行
Adding job tentatively -- it will be properly scheduled when the scheduler starts
Added job "企业微信部门同步" to job store "default"
Scheduler started
[OK] 定时任务调度器已启动 - 每天凌晨2点执行部门同步
[OK] 部门同步定时任务已启动
Watching for file changes with StatReloader
登录请求 - 用户名: fangzheng, 请求方法: POST
找到用户: fangzheng, 用户ID: 33, 用户状态: 1
密码验证结果: True
"POST /user/login?username=fangzheng&password=123456&rememberMe=true HTTP/1.1" 200 3133
登录请求 - 用户名: admin, 请求方法: POST
找到用户: admin, 用户ID: 1, 用户状态: 1
密码验证结果: True
"POST /user/login?username=admin&password=123456&rememberMe=true HTTP/1.1" 200 7519
"POST /approval/list HTTP/1.1" 200 1750
Adding job tentatively -- it will be properly scheduled when the scheduler starts
Added job "岗位同步" to job store "default"
Scheduler started
岗位同步调度器已启动 - 每天凌晨3:00执行
Adding job tentatively -- it will be properly scheduled when the scheduler starts
Added job "岗位同步" to job store "default"
Scheduler started
岗位同步调度器已启动 - 每天凌晨3:00执行
Adding job tentatively -- it will be properly scheduled when the scheduler starts
Added job "企业微信部门同步" to job store "default"
Scheduler started
[OK] 定时任务调度器已启动 - 每天凌晨2点执行部门同步
[OK] 部门同步定时任务已启动
Watching for file changes with StatReloader
"POST /approval/list HTTP/1.1" 200 1750
"POST /approval/list HTTP/1.1" 200 1750
登录请求 - 用户名: admin, 请求方法: POST
找到用户: admin, 用户ID: 1, 用户状态: 1
密码验证结果: True
"POST /user/login?username=admin&password=123456&rememberMe=true HTTP/1.1" 200 7519
页面大小: 10, 页码: 1
"POST /role/search HTTP/1.1" 200 1819
菜单查询集: <QuerySet [<SysMenu: SysMenu object (3)>, <SysMenu: SysMenu object (31)>, <SysMenu: SysMenu object (27)>, <SysMenu: SysMenu object (22)>, <SysMenu: SysMenu object (11)>, <SysMenu: SysMenu object (1)>, <SysMenu: SysMenu object (2)>, <SysMenu: SysMenu object (32)>, <SysMenu: SysMenu object (28)>, <SysMenu: SysMenu object (23)>, <SysMenu: SysMenu object (4)>, <SysMenu: SysMenu object (29)>, <SysMenu: SysMenu object (5)>, <SysMenu: SysMenu object (33)>, <SysMenu: SysMenu object (14)>, <SysMenu: SysMenu object (24)>, <SysMenu: SysMenu object (17)>, <SysMenu: SysMenu object (6)>, <SysMenu: SysMenu object (25)>, <SysMenu: SysMenu object (7)>, '...(remaining elements truncated)...']>
菜单树结果: [<SysMenu: SysMenu object (1)>, <SysMenu: SysMenu object (2)>, <SysMenu: SysMenu object (30)>]
"GET /menu/treeList HTTP/1.1" 200 9072
"GET /role/menus?id=1 HTTP/1.1" 200 133
菜单查询集: <QuerySet [<SysMenu: SysMenu object (3)>, <SysMenu: SysMenu object (31)>, <SysMenu: SysMenu object (27)>, <SysMenu: SysMenu object (22)>, <SysMenu: SysMenu object (11)>, <SysMenu: SysMenu object (1)>, <SysMenu: SysMenu object (2)>, <SysMenu: SysMenu object (32)>, <SysMenu: SysMenu object (28)>, <SysMenu: SysMenu object (23)>, <SysMenu: SysMenu object (4)>, <SysMenu: SysMenu object (29)>, <SysMenu: SysMenu object (5)>, <SysMenu: SysMenu object (33)>, <SysMenu: SysMenu object (14)>, <SysMenu: SysMenu object (24)>, <SysMenu: SysMenu object (17)>, <SysMenu: SysMenu object (6)>, <SysMenu: SysMenu object (25)>, <SysMenu: SysMenu object (7)>, '...(remaining elements truncated)...']>
菜单树结果: [<SysMenu: SysMenu object (1)>, <SysMenu: SysMenu object (2)>, <SysMenu: SysMenu object (30)>]
"GET /menu/treeList HTTP/1.1" 200 9072
"GET /role/menus?id=1 HTTP/1.1" 200 133
页面大小: 10, 页码: 1
"POST /role/search HTTP/1.1" 200 1819
菜单查询集: <QuerySet [<SysMenu: SysMenu object (3)>, <SysMenu: SysMenu object (31)>, <SysMenu: SysMenu object (27)>, <SysMenu: SysMenu object (22)>, <SysMenu: SysMenu object (11)>, <SysMenu: SysMenu object (1)>, <SysMenu: SysMenu object (2)>, <SysMenu: SysMenu object (32)>, <SysMenu: SysMenu object (28)>, <SysMenu: SysMenu object (23)>, <SysMenu: SysMenu object (4)>, <SysMenu: SysMenu object (29)>, <SysMenu: SysMenu object (5)>, <SysMenu: SysMenu object (33)>, <SysMenu: SysMenu object (14)>, <SysMenu: SysMenu object (24)>, <SysMenu: SysMenu object (17)>, <SysMenu: SysMenu object (6)>, <SysMenu: SysMenu object (25)>, <SysMenu: SysMenu object (7)>, '...(remaining elements truncated)...']>
菜单树结果: [<SysMenu: SysMenu object (1)>, <SysMenu: SysMenu object (2)>, <SysMenu: SysMenu object (30)>]
"GET /menu/treeList HTTP/1.1" 200 9738
"GET /role/menus?id=1 HTTP/1.1" 200 133
角色ID: 1, 菜单ID列表: [1, 3, 22, 23, 24, 25, 26, 4, 21, 5, 35, 6, 34, 7, 8, 18, 19, 2, 11, 14, 17, 16, 20, 27, 28, 29, 30, 31, 32, 33]
"POST /role/grant HTTP/1.1" 200 13
页面大小: 10, 页码: 1
菜单查询集: <QuerySet [<SysMenu: SysMenu object (3)>, <SysMenu: SysMenu object (31)>, <SysMenu: SysMenu object (27)>, <SysMenu: SysMenu object (22)>, <SysMenu: SysMenu object (11)>, <SysMenu: SysMenu object (1)>, <SysMenu: SysMenu object (2)>, <SysMenu: SysMenu object (32)>, <SysMenu: SysMenu object (28)>, <SysMenu: SysMenu object (23)>, <SysMenu: SysMenu object (4)>, <SysMenu: SysMenu object (29)>, <SysMenu: SysMenu object (5)>, <SysMenu: SysMenu object (33)>, <SysMenu: SysMenu object (14)>, <SysMenu: SysMenu object (24)>, <SysMenu: SysMenu object (17)>, <SysMenu: SysMenu object (6)>, <SysMenu: SysMenu object (25)>, <SysMenu: SysMenu object (7)>, '...(remaining elements truncated)...']>
菜单树结果: [<SysMenu: SysMenu object (1)>, <SysMenu: SysMenu object (2)>, <SysMenu: SysMenu object (30)>]
"GET /menu/treeList HTTP/1.1" 200 9738
"POST /role/search HTTP/1.1" 200 1819
"GET /role/menus?id=1 HTTP/1.1" 200 141
页面大小: 10, 页码: 1
"POST /role/search HTTP/1.1" 200 1819
页面大小: 10, 页码: 1
"POST /role/search HTTP/1.1" 200 1819
页面大小: 10, 页码: 1
"POST /role/search HTTP/1.1" 200 1819
登录请求 - 用户名: admin, 请求方法: POST
找到用户: admin, 用户ID: 1, 用户状态: 1
密码验证结果: True
"POST /user/login?username=admin&password=123456&rememberMe=true HTTP/1.1" 200 8185
"POST /approval/list HTTP/1.1" 200 1750
"POST /user/search HTTP/1.1" 200 8056
页面大小: 10, 页码: 1
"POST /role/search HTTP/1.1" 200 1819
菜单查询集: <QuerySet [<SysMenu: SysMenu object (3)>, <SysMenu: SysMenu object (31)>, <SysMenu: SysMenu object (27)>, <SysMenu: SysMenu object (22)>, <SysMenu: SysMenu object (11)>, <SysMenu: SysMenu object (1)>, <SysMenu: SysMenu object (2)>, <SysMenu: SysMenu object (32)>, <SysMenu: SysMenu object (28)>, <SysMenu: SysMenu object (23)>, <SysMenu: SysMenu object (4)>, <SysMenu: SysMenu object (29)>, <SysMenu: SysMenu object (5)>, <SysMenu: SysMenu object (33)>, <SysMenu: SysMenu object (14)>, <SysMenu: SysMenu object (24)>, <SysMenu: SysMenu object (17)>, <SysMenu: SysMenu object (6)>, <SysMenu: SysMenu object (25)>, <SysMenu: SysMenu object (7)>, '...(remaining elements truncated)...']>
菜单树结果: [<SysMenu: SysMenu object (1)>, <SysMenu: SysMenu object (2)>, <SysMenu: SysMenu object (30)>]
"GET /menu/treeList HTTP/1.1" 200 9738
"GET /role/menus?id=1 HTTP/1.1" 200 141
菜单查询集: <QuerySet [<SysMenu: SysMenu object (3)>, <SysMenu: SysMenu object (31)>, <SysMenu: SysMenu object (27)>, <SysMenu: SysMenu object (22)>, <SysMenu: SysMenu object (11)>, <SysMenu: SysMenu object (1)>, <SysMenu: SysMenu object (2)>, <SysMenu: SysMenu object (32)>, <SysMenu: SysMenu object (28)>, <SysMenu: SysMenu object (23)>, <SysMenu: SysMenu object (4)>, <SysMenu: SysMenu object (29)>, <SysMenu: SysMenu object (5)>, <SysMenu: SysMenu object (33)>, <SysMenu: SysMenu object (14)>, <SysMenu: SysMenu object (24)>, <SysMenu: SysMenu object (17)>, <SysMenu: SysMenu object (6)>, <SysMenu: SysMenu object (25)>, <SysMenu: SysMenu object (7)>, '...(remaining elements truncated)...']>
菜单树结果: [<SysMenu: SysMenu object (1)>, <SysMenu: SysMenu object (2)>, <SysMenu: SysMenu object (30)>]
"GET /menu/treeList HTTP/1.1" 200 9738
"GET /role/menus?id=1 HTTP/1.1" 200 141
菜单查询集: <QuerySet [<SysMenu: SysMenu object (3)>, <SysMenu: SysMenu object (31)>, <SysMenu: SysMenu object (27)>, <SysMenu: SysMenu object (22)>, <SysMenu: SysMenu object (11)>, <SysMenu: SysMenu object (1)>, <SysMenu: SysMenu object (2)>, <SysMenu: SysMenu object (32)>, <SysMenu: SysMenu object (28)>, <SysMenu: SysMenu object (23)>, <SysMenu: SysMenu object (4)>, <SysMenu: SysMenu object (29)>, <SysMenu: SysMenu object (5)>, <SysMenu: SysMenu object (33)>, <SysMenu: SysMenu object (14)>, <SysMenu: SysMenu object (24)>, <SysMenu: SysMenu object (17)>, <SysMenu: SysMenu object (6)>, <SysMenu: SysMenu object (25)>, <SysMenu: SysMenu object (7)>, '...(remaining elements truncated)...']>
菜单树结果: [<SysMenu: SysMenu object (1)>, <SysMenu: SysMenu object (2)>, <SysMenu: SysMenu object (30)>]
"GET /menu/treeList HTTP/1.1" 200 9738
Adding job tentatively -- it will be properly scheduled when the scheduler starts
Added job "岗位同步" to job store "default"
Scheduler started
岗位同步调度器已启动 - 每天凌晨3:00执行
菜单查询集: <QuerySet [<SysMenu: SysMenu object (3)>, <SysMenu: SysMenu object (31)>, <SysMenu: SysMenu object (27)>, <SysMenu: SysMenu object (22)>, <SysMenu: SysMenu object (11)>, <SysMenu: SysMenu object (1)>, <SysMenu: SysMenu object (2)>, <SysMenu: SysMenu object (32)>, <SysMenu: SysMenu object (28)>, <SysMenu: SysMenu object (23)>, <SysMenu: SysMenu object (4)>, <SysMenu: SysMenu object (29)>, <SysMenu: SysMenu object (5)>, <SysMenu: SysMenu object (33)>, <SysMenu: SysMenu object (14)>, <SysMenu: SysMenu object (24)>, <SysMenu: SysMenu object (17)>, <SysMenu: SysMenu object (6)>, <SysMenu: SysMenu object (25)>, <SysMenu: SysMenu object (7)>, '...(remaining elements truncated)...']>
菜单树结果: [<SysMenu: SysMenu object (1)>, <SysMenu: SysMenu object (2)>, <SysMenu: SysMenu object (30)>]
"GET /menu/treeList HTTP/1.1" 200 9738
Adding job tentatively -- it will be properly scheduled when the scheduler starts
Added job "岗位同步" to job store "default"
Scheduler started
岗位同步调度器已启动 - 每天凌晨3:00执行
菜单查询集: <QuerySet [<SysMenu: SysMenu object (3)>, <SysMenu: SysMenu object (31)>, <SysMenu: SysMenu object (27)>, <SysMenu: SysMenu object (22)>, <SysMenu: SysMenu object (11)>, <SysMenu: SysMenu object (1)>, <SysMenu: SysMenu object (2)>, <SysMenu: SysMenu object (32)>, <SysMenu: SysMenu object (28)>, <SysMenu: SysMenu object (23)>, <SysMenu: SysMenu object (4)>, <SysMenu: SysMenu object (29)>, <SysMenu: SysMenu object (5)>, <SysMenu: SysMenu object (33)>, <SysMenu: SysMenu object (14)>, <SysMenu: SysMenu object (24)>, <SysMenu: SysMenu object (17)>, <SysMenu: SysMenu object (6)>, <SysMenu: SysMenu object (25)>, <SysMenu: SysMenu object (7)>, '...(remaining elements truncated)...']>
菜单树结果: [<SysMenu: SysMenu object (1)>, <SysMenu: SysMenu object (2)>, <SysMenu: SysMenu object (30)>]
"GET /menu/treeList HTTP/1.1" 200 9440
菜单查询集: <QuerySet [<SysMenu: SysMenu object (3)>, <SysMenu: SysMenu object (31)>, <SysMenu: SysMenu object (27)>, <SysMenu: SysMenu object (22)>, <SysMenu: SysMenu object (11)>, <SysMenu: SysMenu object (1)>, <SysMenu: SysMenu object (2)>, <SysMenu: SysMenu object (32)>, <SysMenu: SysMenu object (28)>, <SysMenu: SysMenu object (23)>, <SysMenu: SysMenu object (4)>, <SysMenu: SysMenu object (29)>, <SysMenu: SysMenu object (5)>, <SysMenu: SysMenu object (33)>, <SysMenu: SysMenu object (14)>, <SysMenu: SysMenu object (24)>, <SysMenu: SysMenu object (17)>, <SysMenu: SysMenu object (6)>, <SysMenu: SysMenu object (25)>, <SysMenu: SysMenu object (7)>, '...(remaining elements truncated)...']>
菜单树结果: [<SysMenu: SysMenu object (1)>, <SysMenu: SysMenu object (2)>, <SysMenu: SysMenu object (30)>]
"GET /menu/treeList HTTP/1.1" 200 9440
菜单查询集: <QuerySet [<SysMenu: SysMenu object (3)>, <SysMenu: SysMenu object (31)>, <SysMenu: SysMenu object (27)>, <SysMenu: SysMenu object (22)>, <SysMenu: SysMenu object (11)>, <SysMenu: SysMenu object (1)>, <SysMenu: SysMenu object (2)>, <SysMenu: SysMenu object (32)>, <SysMenu: SysMenu object (28)>, <SysMenu: SysMenu object (23)>, <SysMenu: SysMenu object (4)>, <SysMenu: SysMenu object (29)>, <SysMenu: SysMenu object (5)>, <SysMenu: SysMenu object (33)>, <SysMenu: SysMenu object (14)>, <SysMenu: SysMenu object (24)>, <SysMenu: SysMenu object (17)>, <SysMenu: SysMenu object (6)>, <SysMenu: SysMenu object (25)>, <SysMenu: SysMenu object (7)>, '...(remaining elements truncated)...']>
菜单树结果: [<SysMenu: SysMenu object (1)>, <SysMenu: SysMenu object (2)>, <SysMenu: SysMenu object (30)>]
"GET /menu/treeList HTTP/1.1" 200 9440
登录请求 - 用户名: admin, 请求方法: POST
找到用户: admin, 用户ID: 1, 用户状态: 1
密码验证结果: True
"POST /user/login?username=admin&password=123456&rememberMe=true HTTP/1.1" 200 7887
"POST /user/search HTTP/1.1" 200 8056
页面大小: 10, 页码: 1
"POST /role/search HTTP/1.1" 200 1819
菜单查询集: <QuerySet [<SysMenu: SysMenu object (3)>, <SysMenu: SysMenu object (31)>, <SysMenu: SysMenu object (27)>, <SysMenu: SysMenu object (22)>, <SysMenu: SysMenu object (11)>, <SysMenu: SysMenu object (1)>, <SysMenu: SysMenu object (2)>, <SysMenu: SysMenu object (32)>, <SysMenu: SysMenu object (28)>, <SysMenu: SysMenu object (23)>, <SysMenu: SysMenu object (4)>, <SysMenu: SysMenu object (29)>, <SysMenu: SysMenu object (5)>, <SysMenu: SysMenu object (33)>, <SysMenu: SysMenu object (14)>, <SysMenu: SysMenu object (24)>, <SysMenu: SysMenu object (17)>, <SysMenu: SysMenu object (6)>, <SysMenu: SysMenu object (25)>, <SysMenu: SysMenu object (7)>, '...(remaining elements truncated)...']>
菜单树结果: [<SysMenu: SysMenu object (1)>, <SysMenu: SysMenu object (2)>, <SysMenu: SysMenu object (30)>]
"GET /menu/treeList HTTP/1.1" 200 9440
"GET /role/menus?id=1 HTTP/1.1" 200 141
菜单查询集: <QuerySet [<SysMenu: SysMenu object (3)>, <SysMenu: SysMenu object (31)>, <SysMenu: SysMenu object (27)>, <SysMenu: SysMenu object (22)>, <SysMenu: SysMenu object (11)>, <SysMenu: SysMenu object (1)>, <SysMenu: SysMenu object (2)>, <SysMenu: SysMenu object (32)>, <SysMenu: SysMenu object (28)>, <SysMenu: SysMenu object (23)>, <SysMenu: SysMenu object (4)>, <SysMenu: SysMenu object (29)>, <SysMenu: SysMenu object (5)>, <SysMenu: SysMenu object (33)>, <SysMenu: SysMenu object (14)>, <SysMenu: SysMenu object (24)>, <SysMenu: SysMenu object (17)>, <SysMenu: SysMenu object (6)>, <SysMenu: SysMenu object (25)>, <SysMenu: SysMenu object (7)>, '...(remaining elements truncated)...']>
菜单树结果: [<SysMenu: SysMenu object (1)>, <SysMenu: SysMenu object (2)>, <SysMenu: SysMenu object (30)>]
"GET /menu/treeList HTTP/1.1" 200 9440
"GET /role/menus?id=1 HTTP/1.1" 200 141
页面大小: 10, 页码: 1
"POST /role/search HTTP/1.1" 200 1819
"POST /user/search HTTP/1.1" 200 8056
页面大小: 10, 页码: 1
"POST /role/search HTTP/1.1" 200 1819
菜单查询集: <QuerySet [<SysMenu: SysMenu object (3)>, <SysMenu: SysMenu object (31)>, <SysMenu: SysMenu object (27)>, <SysMenu: SysMenu object (22)>, <SysMenu: SysMenu object (11)>, <SysMenu: SysMenu object (1)>, <SysMenu: SysMenu object (2)>, <SysMenu: SysMenu object (32)>, <SysMenu: SysMenu object (28)>, <SysMenu: SysMenu object (23)>, <SysMenu: SysMenu object (4)>, <SysMenu: SysMenu object (29)>, <SysMenu: SysMenu object (5)>, <SysMenu: SysMenu object (33)>, <SysMenu: SysMenu object (14)>, <SysMenu: SysMenu object (24)>, <SysMenu: SysMenu object (17)>, <SysMenu: SysMenu object (6)>, <SysMenu: SysMenu object (25)>, <SysMenu: SysMenu object (7)>, '...(remaining elements truncated)...']>
菜单树结果: [<SysMenu: SysMenu object (1)>, <SysMenu: SysMenu object (2)>, <SysMenu: SysMenu object (30)>, <SysMenu: SysMenu object (35)>]
"GET /menu/treeList HTTP/1.1" 200 9742
"GET /role/menus?id=1 HTTP/1.1" 200 141
角色ID: 1, 菜单ID列表: [1, 3, 22, 23, 24, 25, 26, 4, 21, 5, 6, 34, 7, 8, 18, 19, 2, 11, 14, 17, 16, 20, 27, 28, 29, 30, 31, 32, 33, 35]
"POST /role/grant HTTP/1.1" 200 13
菜单查询集: <QuerySet [<SysMenu: SysMenu object (3)>, <SysMenu: SysMenu object (31)>, <SysMenu: SysMenu object (27)>, <SysMenu: SysMenu object (22)>, <SysMenu: SysMenu object (11)>, <SysMenu: SysMenu object (1)>, <SysMenu: SysMenu object (2)>, <SysMenu: SysMenu object (32)>, <SysMenu: SysMenu object (28)>, <SysMenu: SysMenu object (23)>, <SysMenu: SysMenu object (4)>, <SysMenu: SysMenu object (29)>, <SysMenu: SysMenu object (5)>, <SysMenu: SysMenu object (33)>, <SysMenu: SysMenu object (14)>, <SysMenu: SysMenu object (24)>, <SysMenu: SysMenu object (17)>, <SysMenu: SysMenu object (6)>, <SysMenu: SysMenu object (25)>, <SysMenu: SysMenu object (7)>, '...(remaining elements truncated)...']>
页面大小: 10, 页码: 1
菜单树结果: [<SysMenu: SysMenu object (1)>, <SysMenu: SysMenu object (2)>, <SysMenu: SysMenu object (30)>, <SysMenu: SysMenu object (35)>]
"GET /menu/treeList HTTP/1.1" 200 9742
"POST /role/search HTTP/1.1" 200 1819
"GET /role/menus?id=1 HTTP/1.1" 200 141
页面大小: 10, 页码: 1
"POST /role/search HTTP/1.1" 200 1819
页面大小: 10, 页码: 1
"POST /role/search HTTP/1.1" 200 1819
页面大小: 10, 页码: 1
"POST /role/search HTTP/1.1" 200 1819
登录请求 - 用户名: admin, 请求方法: POST
找到用户: admin, 用户ID: 1, 用户状态: 1
密码验证结果: True
"POST /user/login?username=admin&password=123456&rememberMe=true HTTP/1.1" 200 8189
D:\my_project\Django_admin\jj_system\log\urls.py changed, reloading.
Adding job tentatively -- it will be properly scheduled when the scheduler starts
Added job "岗位同步" to job store "default"
Scheduler started
岗位同步调度器已启动 - 每天凌晨3:00执行
Adding job tentatively -- it will be properly scheduled when the scheduler starts
Added job "企业微信部门同步" to job store "default"
Scheduler started
[OK] 定时任务调度器已启动 - 每天凌晨2点执行部门同步
[OK] 部门同步定时任务已启动
Watching for file changes with StatReloader
D:\my_project\Django_admin\jj_system\log\urls.py changed, reloading.
Adding job tentatively -- it will be properly scheduled when the scheduler starts
Added job "岗位同步" to job store "default"
Scheduler started
岗位同步调度器已启动 - 每天凌晨3:00执行
Adding job tentatively -- it will be properly scheduled when the scheduler starts
Added job "企业微信部门同步" to job store "default"
Scheduler started
[OK] 定时任务调度器已启动 - 每天凌晨2点执行部门同步
[OK] 部门同步定时任务已启动
Watching for file changes with StatReloader
Adding job tentatively -- it will be properly scheduled when the scheduler starts
Added job "岗位同步" to job store "default"
Scheduler started
岗位同步调度器已启动 - 每天凌晨3:00执行
Adding job tentatively -- it will be properly scheduled when the scheduler starts
Added job "岗位同步" to job store "default"
Scheduler started
岗位同步调度器已启动 - 每天凌晨3:00执行
Adding job tentatively -- it will be properly scheduled when the scheduler starts
Added job "企业微信部门同步" to job store "default"
Scheduler started
[OK] 定时任务调度器已启动 - 每天凌晨2点执行部门同步
[OK] 部门同步定时任务已启动
Watching for file changes with StatReloader
登录请求 - 用户名: admin, 请求方法: POST
找到用户: admin, 用户ID: 1, 用户状态: 1
密码验证结果: True
"POST /user/login?username=admin&password=123456&rememberMe=true HTTP/1.1" 200 8184
Adding job tentatively -- it will be properly scheduled when the scheduler starts
Added job "岗位同步" to job store "default"
Scheduler started
岗位同步调度器已启动 - 每天凌晨3:00执行
Adding job tentatively -- it will be properly scheduled when the scheduler starts
Added job "岗位同步" to job store "default"
Scheduler started
岗位同步调度器已启动 - 每天凌晨3:00执行
Adding job tentatively -- it will be properly scheduled when the scheduler starts
Added job "岗位同步" to job store "default"
Scheduler started
岗位同步调度器已启动 - 每天凌晨3:00执行
Adding job tentatively -- it will be properly scheduled when the scheduler starts
Added job "岗位同步" to job store "default"
Scheduler started
岗位同步调度器已启动 - 每天凌晨3:00执行
Adding job tentatively -- it will be properly scheduled when the scheduler starts
Added job "岗位同步" to job store "default"
Scheduler started
岗位同步调度器已启动 - 每天凌晨3:00执行
Adding job tentatively -- it will be properly scheduled when the scheduler starts
Added job "企业微信部门同步" to job store "default"
Scheduler started
[OK] 定时任务调度器已启动 - 每天凌晨2点执行部门同步
[OK] 部门同步定时任务已启动
Watching for file changes with StatReloader
登录请求 - 用户名: admin, 请求方法: POST
找到用户: admin, 用户ID: 1, 用户状态: 1
密码验证结果: True
"POST /user/login?username=admin&password=123456&rememberMe=true HTTP/1.1" 200 8184
D:\my_project\Django_admin\jj_system\log\urls.py changed, reloading.
Adding job tentatively -- it will be properly scheduled when the scheduler starts
Added job "岗位同步" to job store "default"
Scheduler started
岗位同步调度器已启动 - 每天凌晨3:00执行
Adding job tentatively -- it will be properly scheduled when the scheduler starts
Added job "企业微信部门同步" to job store "default"
Scheduler started
[OK] 定时任务调度器已启动 - 每天凌晨2点执行部门同步
[OK] 部门同步定时任务已启动
Watching for file changes with StatReloader
D:\my_project\Django_admin\jj_system\log\urls.py changed, reloading.
Adding job tentatively -- it will be properly scheduled when the scheduler starts
Added job "岗位同步" to job store "default"
Scheduler started
岗位同步调度器已启动 - 每天凌晨3:00执行
Adding job tentatively -- it will be properly scheduled when the scheduler starts
Added job "企业微信部门同步" to job store "default"
Scheduler started
[OK] 定时任务调度器已启动 - 每天凌晨2点执行部门同步
[OK] 部门同步定时任务已启动
Watching for file changes with StatReloader
D:\my_project\Django_admin\jj_system\log\urls.py changed, reloading.
Adding job tentatively -- it will be properly scheduled when the scheduler starts
Added job "岗位同步" to job store "default"
Scheduler started
岗位同步调度器已启动 - 每天凌晨3:00执行
Adding job tentatively -- it will be properly scheduled when the scheduler starts
Added job "企业微信部门同步" to job store "default"
Scheduler started
[OK] 定时任务调度器已启动 - 每天凌晨2点执行部门同步
[OK] 部门同步定时任务已启动
Watching for file changes with StatReloader
D:\my_project\Django_admin\jj_system\log\urls.py changed, reloading.
Adding job tentatively -- it will be properly scheduled when the scheduler starts
Added job "岗位同步" to job store "default"
Scheduler started
岗位同步调度器已启动 - 每天凌晨3:00执行
Adding job tentatively -- it will be properly scheduled when the scheduler starts
Added job "企业微信部门同步" to job store "default"
Scheduler started
[OK] 定时任务调度器已启动 - 每天凌晨2点执行部门同步
[OK] 部门同步定时任务已启动
Watching for file changes with StatReloader
Adding job tentatively -- it will be properly scheduled when the scheduler starts
Added job "岗位同步" to job store "default"
Scheduler started
岗位同步调度器已启动 - 每天凌晨3:00执行
Adding job tentatively -- it will be properly scheduled when the scheduler starts
Added job "岗位同步" to job store "default"
Scheduler started
岗位同步调度器已启动 - 每天凌晨3:00执行
Adding job tentatively -- it will be properly scheduled when the scheduler starts
Added job "企业微信部门同步" to job store "default"
Scheduler started
[OK] 定时任务调度器已启动 - 每天凌晨2点执行部门同步
[OK] 部门同步定时任务已启动
Watching for file changes with StatReloader
登录请求 - 用户名: admin, 请求方法: POST
找到用户: admin, 用户ID: 1, 用户状态: 1
密码验证结果: True
"POST /user/login?username=admin&password=123456&rememberMe=true HTTP/1.1" 200 8184
"POST /approval/list HTTP/1.1" 200 1750
Adding job tentatively -- it will be properly scheduled when the scheduler starts
Added job "岗位同步" to job store "default"
Scheduler started
岗位同步调度器已启动 - 每天凌晨3:00执行
Adding job tentatively -- it will be properly scheduled when the scheduler starts
Added job "岗位同步" to job store "default"
Scheduler started
岗位同步调度器已启动 - 每天凌晨3:00执行
D:\my_project\Django_admin\jj_system\log\urls.py changed, reloading.
Adding job tentatively -- it will be properly scheduled when the scheduler starts
Added job "岗位同步" to job store "default"
Scheduler started
岗位同步调度器已启动 - 每天凌晨3:00执行
Adding job tentatively -- it will be properly scheduled when the scheduler starts
Added job "企业微信部门同步" to job store "default"
Scheduler started
[OK] 定时任务调度器已启动 - 每天凌晨2点执行部门同步
[OK] 部门同步定时任务已启动
Watching for file changes with StatReloader
登录请求 - 用户名: admin, 请求方法: POST
找到用户: admin, 用户ID: 1, 用户状态: 1
密码验证结果: True
"POST /user/login?username=admin&password=123456&rememberMe=true HTTP/1.1" 200 8184
D:\my_project\Django_admin\jj_system\log\urls.py changed, reloading.
Adding job tentatively -- it will be properly scheduled when the scheduler starts
Added job "岗位同步" to job store "default"
Scheduler started
岗位同步调度器已启动 - 每天凌晨3:00执行
Adding job tentatively -- it will be properly scheduled when the scheduler starts
Added job "企业微信部门同步" to job store "default"
Scheduler started
[OK] 定时任务调度器已启动 - 每天凌晨2点执行部门同步
[OK] 部门同步定时任务已启动
Watching for file changes with StatReloader
登录请求 - 用户名: admin, 请求方法: POST
找到用户: admin, 用户ID: 1, 用户状态: 1
密码验证结果: True
"POST /user/login?username=admin&password=123456&rememberMe=true HTTP/1.1" 200 8184
Adding job tentatively -- it will be properly scheduled when the scheduler starts
Added job "岗位同步" to job store "default"
Scheduler started
岗位同步调度器已启动 - 每天凌晨3:00执行
Adding job tentatively -- it will be properly scheduled when the scheduler starts
Added job "岗位同步" to job store "default"
Scheduler started
岗位同步调度器已启动 - 每天凌晨3:00执行
Adding job tentatively -- it will be properly scheduled when the scheduler starts
Added job "企业微信部门同步" to job store "default"
Scheduler started
[OK] 定时任务调度器已启动 - 每天凌晨2点执行部门同步
[OK] 部门同步定时任务已启动
Watching for file changes with StatReloader
登录请求 - 用户名: admin, 请求方法: POST
找到用户: admin, 用户ID: 1, 用户状态: 1
密码验证结果: True
"POST /user/login?username=admin&password=123456&rememberMe=true HTTP/1.1" 200 8184
"POST /approval/list HTTP/1.1" 200 1750
Adding job tentatively -- it will be properly scheduled when the scheduler starts
Added job "岗位同步" to job store "default"
Scheduler started
岗位同步调度器已启动 - 每天凌晨3:00执行
Adding job tentatively -- it will be properly scheduled when the scheduler starts
Added job "岗位同步" to job store "default"
Scheduler started
岗位同步调度器已启动 - 每天凌晨3:00执行
Adding job tentatively -- it will be properly scheduled when the scheduler starts
Added job "岗位同步" to job store "default"
Scheduler started
岗位同步调度器已启动 - 每天凌晨3:00执行
Adding job tentatively -- it will be properly scheduled when the scheduler starts
Added job "岗位同步" to job store "default"
Scheduler started
岗位同步调度器已启动 - 每天凌晨3:00执行
Adding job tentatively -- it will be properly scheduled when the scheduler starts
Added job "企业微信部门同步" to job store "default"
Scheduler started
[OK] 定时任务调度器已启动 - 每天凌晨2点执行部门同步
[OK] 部门同步定时任务已启动
Watching for file changes with StatReloader
登录请求 - 用户名: admin, 请求方法: POST
找到用户: admin, 用户ID: 1, 用户状态: 1
密码验证结果: True
"POST /user/login?username=admin&password=123456&rememberMe=true HTTP/1.1" 200 8184
Adding job tentatively -- it will be properly scheduled when the scheduler starts
Added job "岗位同步" to job store "default"
Scheduler started
岗位同步调度器已启动 - 每天凌晨3:00执行
Adding job tentatively -- it will be properly scheduled when the scheduler starts
Added job "岗位同步" to job store "default"
Scheduler started
岗位同步调度器已启动 - 每天凌晨3:00执行
Adding job tentatively -- it will be properly scheduled when the scheduler starts
Added job "企业微信部门同步" to job store "default"
Scheduler started
[OK] 定时任务调度器已启动 - 每天凌晨2点执行部门同步
[OK] 部门同步定时任务已启动
Watching for file changes with StatReloader
"POST /log/log/ HTTP/1.1" 200 2431
"POST /log/log/ HTTP/1.1" 200 2422
"POST /log/log/ HTTP/1.1" 200 2434
"POST /log/log/ HTTP/1.1" 200 2423
"POST /log/log/ HTTP/1.1" 200 2423
"POST /log/log/ HTTP/1.1" 200 2437
"POST /log/log/ HTTP/1.1" 200 2430
"POST /log/log/ HTTP/1.1" 200 2458
"POST /log/log/ HTTP/1.1" 200 2418
"POST /log/log/ HTTP/1.1" 200 2501
"POST /log/log/ HTTP/1.1" 200 2505
"POST /log/log/ HTTP/1.1" 200 2475
"POST /log/log/ HTTP/1.1" 200 1757
"POST /log/log/ HTTP/1.1" 200 2362
"POST /approval/list HTTP/1.1" 200 1750
"POST /log/log/ HTTP/1.1" 200 2372
D:\my_project\Django_admin\jj_system\log\views.py changed, reloading.
Adding job tentatively -- it will be properly scheduled when the scheduler starts
Added job "岗位同步" to job store "default"
Scheduler started
岗位同步调度器已启动 - 每天凌晨3:00执行
Adding job tentatively -- it will be properly scheduled when the scheduler starts
Added job "企业微信部门同步" to job store "default"
Scheduler started
[OK] 定时任务调度器已启动 - 每天凌晨2点执行部门同步
[OK] 部门同步定时任务已启动
Watching for file changes with StatReloader
D:\my_project\Django_admin\jj_system\log\views.py changed, reloading.
Adding job tentatively -- it will be properly scheduled when the scheduler starts
Added job "岗位同步" to job store "default"
Scheduler started
岗位同步调度器已启动 - 每天凌晨3:00执行
Adding job tentatively -- it will be properly scheduled when the scheduler starts
Added job "企业微信部门同步" to job store "default"
Scheduler started
[OK] 定时任务调度器已启动 - 每天凌晨2点执行部门同步
[OK] 部门同步定时任务已启动
Watching for file changes with StatReloader
"POST /log/log/ HTTP/1.1" 200 2372
"POST /log/log/ HTTP/1.1" 200 2372
Adding job tentatively -- it will be properly scheduled when the scheduler starts
Added job "岗位同步" to job store "default"
Scheduler started
岗位同步调度器已启动 - 每天凌晨3:00执行
Adding job tentatively -- it will be properly scheduled when the scheduler starts
Added job "岗位同步" to job store "default"
Scheduler started
岗位同步调度器已启动 - 每天凌晨3:00执行
Adding job tentatively -- it will be properly scheduled when the scheduler starts
Added job "企业微信部门同步" to job store "default"
Scheduler started
[OK] 定时任务调度器已启动 - 每天凌晨2点执行部门同步
[OK] 部门同步定时任务已启动
Watching for file changes with StatReloader
"POST /log/log/ HTTP/1.1" 200 2372
"POST /log/log/ HTTP/1.1" 200 2372
登录请求 - 用户名: admin, 请求方法: POST
找到用户: admin, 用户ID: 1, 用户状态: 1
密码验证结果: True
"POST /user/login?username=admin&password=123456&rememberMe=true HTTP/1.1" 200 8184
"POST /log/log/ HTTP/1.1" 200 2372
D:\my_project\Django_admin\jj_system\log\views.py changed, reloading.
Adding job tentatively -- it will be properly scheduled when the scheduler starts
Added job "岗位同步" to job store "default"
Scheduler started
岗位同步调度器已启动 - 每天凌晨3:00执行
Adding job tentatively -- it will be properly scheduled when the scheduler starts
Added job "企业微信部门同步" to job store "default"
Scheduler started
[OK] 定时任务调度器已启动 - 每天凌晨2点执行部门同步
[OK] 部门同步定时任务已启动
Watching for file changes with StatReloader
D:\my_project\Django_admin\jj_system\log\views.py changed, reloading.
Adding job tentatively -- it will be properly scheduled when the scheduler starts
Added job "岗位同步" to job store "default"
Scheduler started
岗位同步调度器已启动 - 每天凌晨3:00执行
Adding job tentatively -- it will be properly scheduled when the scheduler starts
Added job "企业微信部门同步" to job store "default"
Scheduler started
[OK] 定时任务调度器已启动 - 每天凌晨2点执行部门同步
[OK] 部门同步定时任务已启动
Watching for file changes with StatReloader
Adding job tentatively -- it will be properly scheduled when the scheduler starts
Added job "岗位同步" to job store "default"
Scheduler started
岗位同步调度器已启动 - 每天凌晨3:00执行
Adding job tentatively -- it will be properly scheduled when the scheduler starts
Added job "岗位同步" to job store "default"
Scheduler started
岗位同步调度器已启动 - 每天凌晨3:00执行
Adding job tentatively -- it will be properly scheduled when the scheduler starts
Added job "企业微信部门同步" to job store "default"
Scheduler started
[OK] 定时任务调度器已启动 - 每天凌晨2点执行部门同步
[OK] 部门同步定时任务已启动
Watching for file changes with StatReloader
"POST /log/log/ HTTP/1.1" 200 2372
"POST /log/log/ HTTP/1.1" 200 2372
"POST /log/log/ HTTP/1.1" 200 2362
"POST /log/log/ HTTP/1.1" 200 2409
"POST /log/log/ HTTP/1.1" 200 2423
"POST /log/log/ HTTP/1.1" 200 2420
"POST /log/log/ HTTP/1.1" 200 2431
D:\my_project\Django_admin\jj_system\log\middleware.py changed, reloading.
Adding job tentatively -- it will be properly scheduled when the scheduler starts
Added job "岗位同步" to job store "default"
Scheduler started
岗位同步调度器已启动 - 每天凌晨3:00执行
Adding job tentatively -- it will be properly scheduled when the scheduler starts
Added job "企业微信部门同步" to job store "default"
Scheduler started
[OK] 定时任务调度器已启动 - 每天凌晨2点执行部门同步
[OK] 部门同步定时任务已启动
Watching for file changes with StatReloader
D:\my_project\Django_admin\jj_system\log\middleware.py changed, reloading.
Adding job tentatively -- it will be properly scheduled when the scheduler starts
Added job "岗位同步" to job store "default"
Scheduler started
岗位同步调度器已启动 - 每天凌晨3:00执行
Adding job tentatively -- it will be properly scheduled when the scheduler starts
Added job "企业微信部门同步" to job store "default"
Scheduler started
[OK] 定时任务调度器已启动 - 每天凌晨2点执行部门同步
[OK] 部门同步定时任务已启动
Watching for file changes with StatReloader
"POST /log/log/ HTTP/1.1" 200 2362
"POST /log/log/ HTTP/1.1" 200 2377
Adding job tentatively -- it will be properly scheduled when the scheduler starts
Added job "岗位同步" to job store "default"
Scheduler started
岗位同步调度器已启动 - 每天凌晨3:00执行
Adding job tentatively -- it will be properly scheduled when the scheduler starts
Added job "岗位同步" to job store "default"
Scheduler started
岗位同步调度器已启动 - 每天凌晨3:00执行
Adding job tentatively -- it will be properly scheduled when the scheduler starts
Added job "企业微信部门同步" to job store "default"
Scheduler started
[OK] 定时任务调度器已启动 - 每天凌晨2点执行部门同步
[OK] 部门同步定时任务已启动
Watching for file changes with StatReloader
"POST /log/log/ HTTP/1.1" 200 2392
"POST /log/log/ HTTP/1.1" 200 2407
"POST /log/log/ HTTP/1.1" 200 2422
"POST /log/log/ HTTP/1.1" 200 2437
"POST /log/log/ HTTP/1.1" 200 2452
"POST /log/log/ HTTP/1.1" 200 2467
"POST /log/log/ HTTP/1.1" 200 2482
"POST /log/log/ HTTP/1.1" 200 2497
"POST /log/log/ HTTP/1.1" 200 2512
登录请求 - 用户名: admin, 请求方法: POST
找到用户: admin, 用户ID: 1, 用户状态: 1
密码验证结果: True
"POST /user/login?username=admin&password=123456&rememberMe=true HTTP/1.1" 200 8184
"POST /log/log/ HTTP/1.1" 200 2512
"POST /log/log/ HTTP/1.1" 200 2392
"POST /log/log/ HTTP/1.1" 200 2512
"POST /log/log/ HTTP/1.1" 200 2422
"POST /log/log/ HTTP/1.1" 200 2362
"POST /log/log/ HTTP/1.1" 200 2404
"POST /log/log/ HTTP/1.1" 200 2417
"POST /log/log/ HTTP/1.1" 200 2429
"POST /log/log/ HTTP/1.1" 200 2431
"POST /log/log/ HTTP/1.1" 200 2512
"POST /log/log/ HTTP/1.1" 200 2512
"POST /log/log/ HTTP/1.1" 200 2362
"POST /log/log/ HTTP/1.1" 200 2422
"POST /log/log/ HTTP/1.1" 200 2418
"POST /log/log/ HTTP/1.1" 200 2420
"POST /log/log/ HTTP/1.1" 200 2432
Adding job tentatively -- it will be properly scheduled when the scheduler starts
Added job "岗位同步" to job store "default"
Scheduler started
岗位同步调度器已启动 - 每天凌晨3:00执行
Adding job tentatively -- it will be properly scheduled when the scheduler starts
Added job "岗位同步" to job store "default"
Scheduler started
岗位同步调度器已启动 - 每天凌晨3:00执行
D:\my_project\Django_admin\jj_system\log\middleware.py changed, reloading.
Adding job tentatively -- it will be properly scheduled when the scheduler starts
Added job "岗位同步" to job store "default"
Scheduler started
岗位同步调度器已启动 - 每天凌晨3:00执行
Adding job tentatively -- it will be properly scheduled when the scheduler starts
Added job "企业微信部门同步" to job store "default"
Scheduler started
[OK] 定时任务调度器已启动 - 每天凌晨2点执行部门同步
[OK] 部门同步定时任务已启动
Watching for file changes with StatReloader
D:\my_project\Django_admin\jj_system\log\views.py changed, reloading.
Adding job tentatively -- it will be properly scheduled when the scheduler starts
Added job "岗位同步" to job store "default"
Scheduler started
岗位同步调度器已启动 - 每天凌晨3:00执行
Adding job tentatively -- it will be properly scheduled when the scheduler starts
Added job "企业微信部门同步" to job store "default"
Scheduler started
[OK] 定时任务调度器已启动 - 每天凌晨2点执行部门同步
[OK] 部门同步定时任务已启动
Watching for file changes with StatReloader
D:\my_project\Django_admin\jj_system\log\views.py changed, reloading.
Adding job tentatively -- it will be properly scheduled when the scheduler starts
Added job "岗位同步" to job store "default"
Scheduler started
岗位同步调度器已启动 - 每天凌晨3:00执行
Adding job tentatively -- it will be properly scheduled when the scheduler starts
Added job "企业微信部门同步" to job store "default"
Scheduler started
[OK] 定时任务调度器已启动 - 每天凌晨2点执行部门同步
[OK] 部门同步定时任务已启动
Watching for file changes with StatReloader
"POST /log/log/ HTTP/1.1" 200 2571
D:\my_project\Django_admin\jj_system\log\middleware.py changed, reloading.
Adding job tentatively -- it will be properly scheduled when the scheduler starts
Added job "岗位同步" to job store "default"
Scheduler started
岗位同步调度器已启动 - 每天凌晨3:00执行
Adding job tentatively -- it will be properly scheduled when the scheduler starts
Added job "企业微信部门同步" to job store "default"
Scheduler started
[OK] 定时任务调度器已启动 - 每天凌晨2点执行部门同步
[OK] 部门同步定时任务已启动
Watching for file changes with StatReloader
D:\my_project\Django_admin\jj_system\log\middleware.py changed, reloading.
Adding job tentatively -- it will be properly scheduled when the scheduler starts
Added job "岗位同步" to job store "default"
Scheduler started
岗位同步调度器已启动 - 每天凌晨3:00执行
Adding job tentatively -- it will be properly scheduled when the scheduler starts
Added job "企业微信部门同步" to job store "default"
Scheduler started
[OK] 定时任务调度器已启动 - 每天凌晨2点执行部门同步
[OK] 部门同步定时任务已启动
Watching for file changes with StatReloader
"POST /log/log/ HTTP/1.1" 200 40
"POST /user/search HTTP/1.1" 200 8056
"POST /user/search HTTP/1.1" 200 8056
"POST /manhour/search HTTP/1.1" 200 14238
"POST /repository/search HTTP/1.1" 200 57256
"GET /repository/history?id=101 HTTP/1.1" 200 391
"GET /repository/history?id=104 HTTP/1.1" 200 659
"GET /repository/history?id=106 HTTP/1.1" 200 968
"GET /repository/history?id=102 HTTP/1.1" 200 853
"GET /repository/history?id=105 HTTP/1.1" 200 899
"GET /repository/history?id=103 HTTP/1.1" 200 958
"GET /repository/history?id=56 HTTP/1.1" 200 924
"GET /repository/history?id=100 HTTP/1.1" 200 546
"GET /repository/history?id=99 HTTP/1.1" 200 819
"GET /repository/history?id=92 HTTP/1.1" 200 552
"POST /manhour/search HTTP/1.1" 200 14238
D:\my_project\Django_admin\jj_system\jj_system\settings.py changed, reloading.
Adding job tentatively -- it will be properly scheduled when the scheduler starts
Added job "岗位同步" to job store "default"
Scheduler started
岗位同步调度器已启动 - 每天凌晨3:00执行
Adding job tentatively -- it will be properly scheduled when the scheduler starts
Added job "企业微信部门同步" to job store "default"
Scheduler started
[OK] 定时任务调度器已启动 - 每天凌晨2点执行部门同步
[OK] 部门同步定时任务已启动
Watching for file changes with StatReloader
Adding job tentatively -- it will be properly scheduled when the scheduler starts
Added job "岗位同步" to job store "default"
Scheduler started
岗位同步调度器已启动 - 每天凌晨3:00执行
Adding job tentatively -- it will be properly scheduled when the scheduler starts
Added job "岗位同步" to job store "default"
Scheduler started
岗位同步调度器已启动 - 每天凌晨3:00执行
Adding job tentatively -- it will be properly scheduled when the scheduler starts
Added job "企业微信部门同步" to job store "default"
Scheduler started
[OK] 定时任务调度器已启动 - 每天凌晨2点执行部门同步
[OK] 部门同步定时任务已启动
Watching for file changes with StatReloader
登录请求 - 用户名: admin, 请求方法: POST
找到用户: admin, 用户ID: 1, 用户状态: 1
密码验证结果: True
"POST /user/login?username=admin&password=123456&rememberMe=true HTTP/1.1" 200 8184
"POST /log/log/ HTTP/1.1" 200 1815
"POST /approval/list HTTP/1.1" 200 1750
"GET /files/list/?page=1&page_size=10 HTTP/1.1" 200 82
"POST /items/search HTTP/1.1" 200 2516
"POST /repository/search HTTP/1.1" 200 57256
"GET /repository/history?id=102 HTTP/1.1" 200 853
"GET /repository/history?id=106 HTTP/1.1" 200 968
"GET /repository/history?id=103 HTTP/1.1" 200 958
"GET /repository/history?id=101 HTTP/1.1" 200 391
"GET /repository/history?id=104 HTTP/1.1" 200 659
"GET /repository/history?id=105 HTTP/1.1" 200 899
"GET /repository/history?id=100 HTTP/1.1" 200 546
"GET /repository/history?id=56 HTTP/1.1" 200 924
"GET /repository/history?id=99 HTTP/1.1" 200 819
"GET /repository/history?id=92 HTTP/1.1" 200 552
"POST /repository/search HTTP/1.1" 200 57256
"GET /repository/history?id=105 HTTP/1.1" 200 899
"GET /repository/history?id=103 HTTP/1.1" 200 958
"GET /repository/history?id=106 HTTP/1.1" 200 968
"GET /repository/history?id=101 HTTP/1.1" 200 391
"GET /repository/history?id=104 HTTP/1.1" 200 659
"GET /repository/history?id=102 HTTP/1.1" 200 853
"GET /repository/history?id=100 HTTP/1.1" 200 546
"GET /repository/history?id=92 HTTP/1.1" 200 552
"GET /repository/history?id=99 HTTP/1.1" 200 819
"GET /repository/history?id=56 HTTP/1.1" 200 924
"POST /repository/search HTTP/1.1" 200 57256
"GET /repository/history?id=106 HTTP/1.1" 200 968
"GET /repository/history?id=101 HTTP/1.1" 200 391
"GET /repository/history?id=103 HTTP/1.1" 200 958
"GET /repository/history?id=102 HTTP/1.1" 200 853
"GET /repository/history?id=105 HTTP/1.1" 200 899
"GET /repository/history?id=104 HTTP/1.1" 200 659
"GET /repository/history?id=100 HTTP/1.1" 200 546
"GET /repository/history?id=99 HTTP/1.1" 200 819
"GET /repository/history?id=92 HTTP/1.1" 200 552
"GET /repository/history?id=56 HTTP/1.1" 200 924
"POST /repository/search HTTP/1.1" 200 57256
"GET /repository/history?id=103 HTTP/1.1" 200 958
"GET /repository/history?id=106 HTTP/1.1" 200 968
"GET /repository/history?id=102 HTTP/1.1" 200 853
"GET /repository/history?id=105 HTTP/1.1" 200 899
"GET /repository/history?id=104 HTTP/1.1" 200 659
"GET /repository/history?id=101 HTTP/1.1" 200 391
"GET /repository/history?id=100 HTTP/1.1" 200 546
"GET /repository/history?id=56 HTTP/1.1" 200 924
"GET /repository/history?id=99 HTTP/1.1" 200 819
"GET /repository/history?id=92 HTTP/1.1" 200 552
尝试获取知识库 106 的复盘列表，页码: 1, 每页: 10
总共找到 0 条复盘记录
返回复盘列表，当前页: 1, 每页: 10, 总数: 0
"GET /repository/review/list?id=106&page=1&page_size=10 HTTP/1.1" 200 90
"GET /repository/comment/list?id=106&role_id=1&user_id=1&page=1&page_size=10 HTTP/1.1" 200 91
"GET /repository/detail?id=106 HTTP/1.1" 200 7896
"GET /repository/associated-events?id=106 HTTP/1.1" 200 286
"POST /repository/search HTTP/1.1" 200 57256
"GET /repository/history?id=101 HTTP/1.1" 200 391
"GET /repository/history?id=105 HTTP/1.1" 200 899
"GET /repository/history?id=103 HTTP/1.1" 200 958
"GET /repository/history?id=106 HTTP/1.1" 200 968
"GET /repository/history?id=104 HTTP/1.1" 200 659
"GET /repository/history?id=102 HTTP/1.1" 200 853
"GET /repository/history?id=100 HTTP/1.1" 200 546
"GET /repository/history?id=92 HTTP/1.1" 200 552
"GET /repository/history?id=56 HTTP/1.1" 200 924
"GET /repository/history?id=99 HTTP/1.1" 200 819
"POST /user/search HTTP/1.1" 200 8057
页面大小: 10, 页码: 1
"POST /role/search HTTP/1.1" 200 1819
"POST /user/search HTTP/1.1" 200 8057
页面大小: 10, 页码: 1
"POST /role/search HTTP/1.1" 200 1819
页面大小: 10, 页码: 1
"POST /role/search HTTP/1.1" 200 1819
菜单查询集: <QuerySet [<SysMenu: SysMenu object (3)>, <SysMenu: SysMenu object (31)>, <SysMenu: SysMenu object (27)>, <SysMenu: SysMenu object (22)>, <SysMenu: SysMenu object (11)>, <SysMenu: SysMenu object (1)>, <SysMenu: SysMenu object (2)>, <SysMenu: SysMenu object (32)>, <SysMenu: SysMenu object (28)>, <SysMenu: SysMenu object (23)>, <SysMenu: SysMenu object (4)>, <SysMenu: SysMenu object (29)>, <SysMenu: SysMenu object (5)>, <SysMenu: SysMenu object (33)>, <SysMenu: SysMenu object (14)>, <SysMenu: SysMenu object (24)>, <SysMenu: SysMenu object (17)>, <SysMenu: SysMenu object (6)>, <SysMenu: SysMenu object (25)>, <SysMenu: SysMenu object (7)>, '...(remaining elements truncated)...']>
菜单树结果: [<SysMenu: SysMenu object (1)>, <SysMenu: SysMenu object (2)>, <SysMenu: SysMenu object (30)>, <SysMenu: SysMenu object (35)>]
"GET /menu/treeList HTTP/1.1" 200 9737
"GET /department/treeList HTTP/1.1" 200 4110
"POST /post/search HTTP/1.1" 200 1638
"POST /post/search HTTP/1.1" 200 1638
"POST /level/search HTTP/1.1" 200 634
"POST /level/search HTTP/1.1" 200 634
"POST /classify/search HTTP/1.1" 200 2033
"POST /event/search HTTP/1.1" 200 1248
"POST /blacklist/search HTTP/1.1" 200 3855
"POST /manhour/search HTTP/1.1" 200 13186
"POST /repository/search HTTP/1.1" 200 57256
"GET /repository/history?id=106 HTTP/1.1" 200 968
"GET /repository/history?id=102 HTTP/1.1" 200 853
"GET /repository/history?id=103 HTTP/1.1" 200 958
"GET /repository/history?id=105 HTTP/1.1" 200 899
"GET /repository/history?id=101 HTTP/1.1" 200 391
"GET /repository/history?id=104 HTTP/1.1" 200 659
"GET /repository/history?id=99 HTTP/1.1" 200 819
"GET /repository/history?id=100 HTTP/1.1" 200 546
"GET /repository/history?id=92 HTTP/1.1" 200 552
"GET /repository/history?id=56 HTTP/1.1" 200 924
"POST /items/search HTTP/1.1" 200 2516
"POST /items/search HTTP/1.1" 200 2516
"GET /files/list/?page=1&page_size=10 HTTP/1.1" 200 82
"POST /files/upload/ HTTP/1.1" 201 551
"GET /files/list/?page=1&page_size=10 HTTP/1.1" 200 592
"GET /files/list/?page=1&page_size=10 HTTP/1.1" 200 592
"GET /files/list/?page=1&page_size=10 HTTP/1.1" 200 592
"GET /files/list/?page=1&page_size=10 HTTP/1.1" 200 592
"POST /blacklist/search HTTP/1.1" 200 3855
"POST /manhour/search HTTP/1.1" 200 13186
"POST /repository/search HTTP/1.1" 200 57256
"GET /repository/history?id=104 HTTP/1.1" 200 659
"GET /repository/history?id=102 HTTP/1.1" 200 853
"GET /repository/history?id=106 HTTP/1.1" 200 968
"GET /repository/history?id=101 HTTP/1.1" 200 391
"GET /repository/history?id=105 HTTP/1.1" 200 899
"GET /repository/history?id=103 HTTP/1.1" 200 958
"GET /repository/history?id=100 HTTP/1.1" 200 546
"GET /repository/history?id=99 HTTP/1.1" 200 819
"GET /repository/history?id=92 HTTP/1.1" 200 552
"GET /repository/history?id=56 HTTP/1.1" 200 924
"POST /items/search HTTP/1.1" 200 2516
"GET /files/list/?page=1&page_size=10 HTTP/1.1" 200 592
"POST /approval/list HTTP/1.1" 200 1750
"POST /log/log/ HTTP/1.1" 200 1815
"GET /files/list/?page=1&page_size=10 HTTP/1.1" 200 592
Adding job tentatively -- it will be properly scheduled when the scheduler starts
Added job "岗位同步" to job store "default"
Scheduler started
岗位同步调度器已启动 - 每天凌晨3:00执行
Adding job tentatively -- it will be properly scheduled when the scheduler starts
Added job "岗位同步" to job store "default"
Scheduler started
岗位同步调度器已启动 - 每天凌晨3:00执行
Adding job tentatively -- it will be properly scheduled when the scheduler starts
Added job "岗位同步" to job store "default"
Scheduler started
岗位同步调度器已启动 - 每天凌晨3:00执行
"GET /files/list/?page=1&page_size=10 HTTP/1.1" 200 592
"GET /files/list/?page=1&page_size=10 HTTP/1.1" 200 592
Adding job tentatively -- it will be properly scheduled when the scheduler starts
Added job "岗位同步" to job store "default"
Scheduler started
岗位同步调度器已启动 - 每天凌晨3:00执行
Adding job tentatively -- it will be properly scheduled when the scheduler starts
Added job "岗位同步" to job store "default"
Scheduler started
岗位同步调度器已启动 - 每天凌晨3:00执行
Adding job tentatively -- it will be properly scheduled when the scheduler starts
Added job "企业微信部门同步" to job store "default"
Scheduler started
[OK] 定时任务调度器已启动 - 每天凌晨2点执行部门同步
[OK] 部门同步定时任务已启动
Watching for file changes with StatReloader
"GET /files/list/?page=1&page_size=10 HTTP/1.1" 200 592
"GET /files/list/?page=1&page_size=10 HTTP/1.1" 200 592
登录请求 - 用户名: admin, 请求方法: POST
找到用户: admin, 用户ID: 1, 用户状态: 1
密码验证结果: True
"POST /user/login?username=admin&password=123456&rememberMe=true HTTP/1.1" 200 7816
"POST /user/search HTTP/1.1" 200 8057
页面大小: 10, 页码: 1
"POST /role/search HTTP/1.1" 200 1819
菜单查询集: <QuerySet [<SysMenu: SysMenu object (3)>, <SysMenu: SysMenu object (1)>, <SysMenu: SysMenu object (31)>, <SysMenu: SysMenu object (11)>, <SysMenu: SysMenu object (27)>, <SysMenu: SysMenu object (22)>, <SysMenu: SysMenu object (2)>, <SysMenu: SysMenu object (4)>, <SysMenu: SysMenu object (32)>, <SysMenu: SysMenu object (28)>, <SysMenu: SysMenu object (23)>, <SysMenu: SysMenu object (35)>, <SysMenu: SysMenu object (33)>, <SysMenu: SysMenu object (29)>, <SysMenu: SysMenu object (24)>, <SysMenu: SysMenu object (14)>, <SysMenu: SysMenu object (5)>, <SysMenu: SysMenu object (25)>, <SysMenu: SysMenu object (17)>, <SysMenu: SysMenu object (6)>, '...(remaining elements truncated)...']>
菜单树结果: [<SysMenu: SysMenu object (1)>, <SysMenu: SysMenu object (2)>, <SysMenu: SysMenu object (35)>, <SysMenu: SysMenu object (30)>]
"GET /menu/treeList HTTP/1.1" 200 9369
"GET /department/treeList HTTP/1.1" 200 4110
"POST /post/search HTTP/1.1" 200 1638
"POST /level/search HTTP/1.1" 200 634
"POST /classify/search HTTP/1.1" 200 2033
"POST /event/search HTTP/1.1" 200 1248
"POST /approval/list HTTP/1.1" 200 1750
"POST /log/log/ HTTP/1.1" 200 1815
"POST /blacklist/search HTTP/1.1" 200 3855
Adding job tentatively -- it will be properly scheduled when the scheduler starts
Added job "岗位同步" to job store "default"
Scheduler started
岗位同步调度器已启动 - 每天凌晨3:00执行
Adding job tentatively -- it will be properly scheduled when the scheduler starts
Added job "岗位同步" to job store "default"
Scheduler started
岗位同步调度器已启动 - 每天凌晨3:00执行
"POST /blacklist/search HTTP/1.1" 200 3855
"POST /blacklist/search HTTP/1.1" 200 3855
"POST /user/search HTTP/1.1" 200 8057
"GET /role/listAll HTTP/1.1" 200 1807
"GET /role/listAll HTTP/1.1" 200 1807
页面大小: 10, 页码: 1
"POST /role/search HTTP/1.1" 200 1819
菜单查询集: <QuerySet [<SysMenu: SysMenu object (1)>, <SysMenu: SysMenu object (3)>, <SysMenu: SysMenu object (34)>, <SysMenu: SysMenu object (31)>, <SysMenu: SysMenu object (27)>, <SysMenu: SysMenu object (11)>, <SysMenu: SysMenu object (22)>, <SysMenu: SysMenu object (2)>, <SysMenu: SysMenu object (32)>, <SysMenu: SysMenu object (28)>, <SysMenu: SysMenu object (23)>, <SysMenu: SysMenu object (4)>, <SysMenu: SysMenu object (35)>, <SysMenu: SysMenu object (14)>, <SysMenu: SysMenu object (24)>, <SysMenu: SysMenu object (29)>, <SysMenu: SysMenu object (5)>, <SysMenu: SysMenu object (33)>, <SysMenu: SysMenu object (37)>, <SysMenu: SysMenu object (25)>, '...(remaining elements truncated)...']>
菜单树结果: [<SysMenu: SysMenu object (1)>, <SysMenu: SysMenu object (2)>, <SysMenu: SysMenu object (35)>, <SysMenu: SysMenu object (37)>, <SysMenu: SysMenu object (30)>]
"GET /menu/treeList HTTP/1.1" 200 9692
"GET /role/menus?id=1 HTTP/1.1" 200 137
角色ID: 1, 菜单ID列表: [1, 3, 22, 23, 24, 25, 26, 4, 5, 6, 7, 8, 18, 19, 2, 11, 14, 17, 16, 20, 27, 28, 29, 35, 37, 34, 30, 31, 32, 33]
"POST /role/grant HTTP/1.1" 200 13
页面大小: 10, 页码: 1
菜单查询集: <QuerySet [<SysMenu: SysMenu object (1)>, <SysMenu: SysMenu object (3)>, <SysMenu: SysMenu object (34)>, <SysMenu: SysMenu object (31)>, <SysMenu: SysMenu object (27)>, <SysMenu: SysMenu object (11)>, <SysMenu: SysMenu object (22)>, <SysMenu: SysMenu object (2)>, <SysMenu: SysMenu object (32)>, <SysMenu: SysMenu object (28)>, <SysMenu: SysMenu object (23)>, <SysMenu: SysMenu object (4)>, <SysMenu: SysMenu object (35)>, <SysMenu: SysMenu object (14)>, <SysMenu: SysMenu object (24)>, <SysMenu: SysMenu object (29)>, <SysMenu: SysMenu object (5)>, <SysMenu: SysMenu object (33)>, <SysMenu: SysMenu object (37)>, <SysMenu: SysMenu object (25)>, '...(remaining elements truncated)...']>
菜单树结果: [<SysMenu: SysMenu object (1)>, <SysMenu: SysMenu object (2)>, <SysMenu: SysMenu object (35)>, <SysMenu: SysMenu object (37)>, <SysMenu: SysMenu object (30)>]
"GET /menu/treeList HTTP/1.1" 200 9692
"POST /role/search HTTP/1.1" 200 1819
"GET /role/menus?id=1 HTTP/1.1" 200 141
页面大小: 10, 页码: 1
"POST /role/search HTTP/1.1" 200 1819
页面大小: 10, 页码: 1
"POST /role/search HTTP/1.1" 200 1819
页面大小: 10, 页码: 1
"POST /role/search HTTP/1.1" 200 1819
页面大小: 10, 页码: 1
"POST /role/search HTTP/1.1" 200 1819
菜单查询集: <QuerySet [<SysMenu: SysMenu object (1)>, <SysMenu: SysMenu object (3)>, <SysMenu: SysMenu object (34)>, <SysMenu: SysMenu object (31)>, <SysMenu: SysMenu object (27)>, <SysMenu: SysMenu object (11)>, <SysMenu: SysMenu object (22)>, <SysMenu: SysMenu object (2)>, <SysMenu: SysMenu object (32)>, <SysMenu: SysMenu object (28)>, <SysMenu: SysMenu object (23)>, <SysMenu: SysMenu object (4)>, <SysMenu: SysMenu object (35)>, <SysMenu: SysMenu object (14)>, <SysMenu: SysMenu object (24)>, <SysMenu: SysMenu object (29)>, <SysMenu: SysMenu object (5)>, <SysMenu: SysMenu object (33)>, <SysMenu: SysMenu object (37)>, <SysMenu: SysMenu object (25)>, '...(remaining elements truncated)...']>
菜单树结果: [<SysMenu: SysMenu object (1)>, <SysMenu: SysMenu object (2)>, <SysMenu: SysMenu object (35)>, <SysMenu: SysMenu object (37)>, <SysMenu: SysMenu object (30)>]
"GET /menu/treeList HTTP/1.1" 200 9692
"GET /role/menus?id=1 HTTP/1.1" 200 141
角色ID: 1, 菜单ID列表: [1, 3, 22, 23, 24, 25, 26, 4, 5, 6, 7, 8, 18, 19, 2, 11, 14, 17, 16, 20, 27, 28, 29, 35, 37, 34, 30, 31, 32, 33]
"POST /role/grant HTTP/1.1" 200 13
页面大小: 10, 页码: 1
菜单查询集: <QuerySet [<SysMenu: SysMenu object (1)>, <SysMenu: SysMenu object (3)>, <SysMenu: SysMenu object (34)>, <SysMenu: SysMenu object (31)>, <SysMenu: SysMenu object (27)>, <SysMenu: SysMenu object (11)>, <SysMenu: SysMenu object (22)>, <SysMenu: SysMenu object (2)>, <SysMenu: SysMenu object (32)>, <SysMenu: SysMenu object (28)>, <SysMenu: SysMenu object (23)>, <SysMenu: SysMenu object (4)>, <SysMenu: SysMenu object (35)>, <SysMenu: SysMenu object (14)>, <SysMenu: SysMenu object (24)>, <SysMenu: SysMenu object (29)>, <SysMenu: SysMenu object (5)>, <SysMenu: SysMenu object (33)>, <SysMenu: SysMenu object (37)>, <SysMenu: SysMenu object (25)>, '...(remaining elements truncated)...']>
菜单树结果: [<SysMenu: SysMenu object (1)>, <SysMenu: SysMenu object (2)>, <SysMenu: SysMenu object (35)>, <SysMenu: SysMenu object (37)>, <SysMenu: SysMenu object (30)>]
"GET /menu/treeList HTTP/1.1" 200 9692
"POST /role/search HTTP/1.1" 200 1819
"GET /role/menus?id=1 HTTP/1.1" 200 141
页面大小: 10, 页码: 1
"POST /role/search HTTP/1.1" 200 1819
页面大小: 10, 页码: 1
"POST /role/search HTTP/1.1" 200 1819
"POST /role/search HTTP/1.1" 200 53
"POST /role/search HTTP/1.1" 200 53
"POST /role/search HTTP/1.1" 200 53
"POST /role/search HTTP/1.1" 200 53
登录请求 - 用户名: admin, 请求方法: POST
找到用户: admin, 用户ID: 1, 用户状态: 1
密码验证结果: True
"POST /user/login?username=admin&password=123456&rememberMe=true HTTP/1.1" 200 8139
"POST /log/log/ HTTP/1.1" 200 1815
"POST /approval/list HTTP/1.1" 200 1750
"GET /department/sync/logs?params%5Bpage%5D=1&params%5Bpage_size%5D=20 HTTP/1.1" 200 1074
"GET /department/sync/stats HTTP/1.1" 200 235
"GET /department/sync/logs?params%5Bpage%5D=1&params%5Bpage_size%5D=20 HTTP/1.1" 200 1074
Adding job tentatively -- it will be properly scheduled when the scheduler starts
Added job "岗位同步" to job store "default"
Scheduler started
岗位同步调度器已启动 - 每天凌晨3:00执行
Adding job tentatively -- it will be properly scheduled when the scheduler starts
Added job "岗位同步" to job store "default"
Scheduler started
岗位同步调度器已启动 - 每天凌晨3:00执行
"GET /department/sync/logs?params%5Bpage%5D=1&params%5Bpage_size%5D=20 HTTP/1.1" 200 1074
"GET /department/sync/stats HTTP/1.1" 200 235
"GET /department/sync/logs?params%5Bpage%5D=1&params%5Bpage_size%5D=20 HTTP/1.1" 200 1074
"GET /department/sync/stats HTTP/1.1" 200 235
"POST /blacklist/search HTTP/1.1" 200 3855
"GET /department/sync/logs?params%5Bpage%5D=1&params%5Bpage_size%5D=20 HTTP/1.1" 200 1074
"GET /department/sync/stats HTTP/1.1" 200 235
"GET /department/sync/logs?params%5Bpage%5D=1&params%5Bpage_size%5D=20 HTTP/1.1" 200 1074
"GET /department/sync/stats HTTP/1.1" 200 235
"GET /department/sync/logs?params%5Bpage%5D=1&params%5Bpage_size%5D=20 HTTP/1.1" 200 1074
"GET /department/sync/stats HTTP/1.1" 200 235
D:\my_project\Django_admin\jj_system\post\views.py changed, reloading.
Adding job tentatively -- it will be properly scheduled when the scheduler starts
Added job "岗位同步" to job store "default"
Scheduler started
岗位同步调度器已启动 - 每天凌晨3:00执行
Adding job tentatively -- it will be properly scheduled when the scheduler starts
Added job "企业微信部门同步" to job store "default"
Scheduler started
[OK] 定时任务调度器已启动 - 每天凌晨2点执行部门同步
[OK] 部门同步定时任务已启动
Watching for file changes with StatReloader
D:\my_project\Django_admin\jj_system\post\views.py changed, reloading.
Adding job tentatively -- it will be properly scheduled when the scheduler starts
Added job "岗位同步" to job store "default"
Scheduler started
岗位同步调度器已启动 - 每天凌晨3:00执行
Adding job tentatively -- it will be properly scheduled when the scheduler starts
Added job "企业微信部门同步" to job store "default"
Scheduler started
[OK] 定时任务调度器已启动 - 每天凌晨2点执行部门同步
[OK] 部门同步定时任务已启动
Watching for file changes with StatReloader
D:\my_project\Django_admin\jj_system\post\urls.py changed, reloading.
Adding job tentatively -- it will be properly scheduled when the scheduler starts
Added job "岗位同步" to job store "default"
Scheduler started
岗位同步调度器已启动 - 每天凌晨3:00执行
Adding job tentatively -- it will be properly scheduled when the scheduler starts
Added job "企业微信部门同步" to job store "default"
Scheduler started
[OK] 定时任务调度器已启动 - 每天凌晨2点执行部门同步
[OK] 部门同步定时任务已启动
Watching for file changes with StatReloader
"GET /department/sync/logs?params%5Bpage%5D=1&params%5Bpage_size%5D=20 HTTP/1.1" 200 1074
"GET /department/sync/stats HTTP/1.1" 200 235
D:\my_project\Django_admin\jj_system\post\views.py changed, reloading.
Adding job tentatively -- it will be properly scheduled when the scheduler starts
Added job "岗位同步" to job store "default"
Scheduler started
岗位同步调度器已启动 - 每天凌晨3:00执行
Adding job tentatively -- it will be properly scheduled when the scheduler starts
Added job "企业微信部门同步" to job store "default"
Scheduler started
[OK] 定时任务调度器已启动 - 每天凌晨2点执行部门同步
[OK] 部门同步定时任务已启动
Watching for file changes with StatReloader
D:\my_project\Django_admin\jj_system\post\urls.py changed, reloading.
Adding job tentatively -- it will be properly scheduled when the scheduler starts
Added job "岗位同步" to job store "default"
Scheduler started
岗位同步调度器已启动 - 每天凌晨3:00执行
Adding job tentatively -- it will be properly scheduled when the scheduler starts
Added job "企业微信部门同步" to job store "default"
Scheduler started
[OK] 定时任务调度器已启动 - 每天凌晨2点执行部门同步
[OK] 部门同步定时任务已启动
Watching for file changes with StatReloader
Adding job tentatively -- it will be properly scheduled when the scheduler starts
Added job "岗位同步" to job store "default"
Scheduler started
岗位同步调度器已启动 - 每天凌晨3:00执行
D:\my_project\Django_admin\jj_system\post\urls.py changed, reloading.
Adding job tentatively -- it will be properly scheduled when the scheduler starts
Added job "岗位同步" to job store "default"
Scheduler started
岗位同步调度器已启动 - 每天凌晨3:00执行
Adding job tentatively -- it will be properly scheduled when the scheduler starts
Added job "企业微信部门同步" to job store "default"
Scheduler started
[OK] 定时任务调度器已启动 - 每天凌晨2点执行部门同步
[OK] 部门同步定时任务已启动
Watching for file changes with StatReloader
"GET /department/sync/logs?params%5Bpage%5D=1&params%5Bpage_size%5D=20 HTTP/1.1" 200 1074
"GET /department/sync/stats HTTP/1.1" 200 235
"GET /department/sync/logs?params%5Bpage%5D=1&params%5Bpage_size%5D=20 HTTP/1.1" 200 1074
"GET /department/sync/stats HTTP/1.1" 200 235
"GET /department/sync/logs?params%5Bpage%5D=1&params%5Bpage_size%5D=20 HTTP/1.1" 200 1074
"GET /department/sync/stats HTTP/1.1" 200 235
Adding job tentatively -- it will be properly scheduled when the scheduler starts
Added job "岗位同步" to job store "default"
Scheduler started
岗位同步调度器已启动 - 每天凌晨3:00执行
Adding job tentatively -- it will be properly scheduled when the scheduler starts
Added job "岗位同步" to job store "default"
Scheduler started
岗位同步调度器已启动 - 每天凌晨3:00执行
Adding job tentatively -- it will be properly scheduled when the scheduler starts
Added job "企业微信部门同步" to job store "default"
Scheduler started
[OK] 定时任务调度器已启动 - 每天凌晨2点执行部门同步
[OK] 部门同步定时任务已启动
Watching for file changes with StatReloader
"GET /department/sync/logs?params%5Bpage%5D=1&params%5Bpage_size%5D=20 HTTP/1.1" 200 1074
"GET /department/sync/stats HTTP/1.1" 200 235
"GET /department/sync/logs?params%5Bpage%5D=1&params%5Bpage_size%5D=20 HTTP/1.1" 200 1074
"GET /department/sync/stats HTTP/1.1" 200 235
"GET /department/sync/logs?params%5Bpage%5D=1&params%5Bpage_size%5D=20 HTTP/1.1" 200 1074
"GET /department/sync/stats HTTP/1.1" 200 235
登录请求 - 用户名: admin, 请求方法: POST
找到用户: admin, 用户ID: 1, 用户状态: 1
密码验证结果: True
"POST /user/login?username=admin&password=123456&rememberMe=true HTTP/1.1" 200 8141
Adding job tentatively -- it will be properly scheduled when the scheduler starts
Added job "岗位同步" to job store "default"
Scheduler started
岗位同步调度器已启动 - 每天凌晨3:00执行
Adding job tentatively -- it will be properly scheduled when the scheduler starts
Added job "岗位同步" to job store "default"
Scheduler started
岗位同步调度器已启动 - 每天凌晨3:00执行
Adding job tentatively -- it will be properly scheduled when the scheduler starts
Added job "企业微信部门同步" to job store "default"
Scheduler started
[OK] 定时任务调度器已启动 - 每天凌晨2点执行部门同步
[OK] 部门同步定时任务已启动
Watching for file changes with StatReloader
登录请求 - 用户名: admin, 请求方法: POST
找到用户: admin, 用户ID: 1, 用户状态: 1
密码验证结果: True
"POST /user/login?username=admin&password=123456&rememberMe=false HTTP/1.1" 200 8141
"GET /department/sync/logs?params%5Bpage%5D=1&params%5Bpage_size%5D=20 HTTP/1.1" 200 1074
"GET /department/sync/stats HTTP/1.1" 200 235
Adding job tentatively -- it will be properly scheduled when the scheduler starts
Added job "岗位同步" to job store "default"
Scheduler started
岗位同步调度器已启动 - 每天凌晨3:00执行
"POST /user/search HTTP/1.1" 200 8057
页面大小: 10, 页码: 1
"POST /role/search HTTP/1.1" 200 1819
菜单查询集: <QuerySet [<SysMenu: SysMenu object (1)>, <SysMenu: SysMenu object (3)>, <SysMenu: SysMenu object (34)>, <SysMenu: SysMenu object (31)>, <SysMenu: SysMenu object (27)>, <SysMenu: SysMenu object (11)>, <SysMenu: SysMenu object (22)>, <SysMenu: SysMenu object (38)>, <SysMenu: SysMenu object (32)>, <SysMenu: SysMenu object (28)>, <SysMenu: SysMenu object (23)>, <SysMenu: SysMenu object (2)>, <SysMenu: SysMenu object (4)>, <SysMenu: SysMenu object (35)>, <SysMenu: SysMenu object (14)>, <SysMenu: SysMenu object (24)>, <SysMenu: SysMenu object (33)>, <SysMenu: SysMenu object (5)>, <SysMenu: SysMenu object (29)>, <SysMenu: SysMenu object (37)>, '...(remaining elements truncated)...']>
菜单树结果: [<SysMenu: SysMenu object (1)>, <SysMenu: SysMenu object (2)>, <SysMenu: SysMenu object (35)>, <SysMenu: SysMenu object (37)>, <SysMenu: SysMenu object (30)>]
"GET /menu/treeList HTTP/1.1" 200 10073
"GET /role/menus?id=1 HTTP/1.1" 200 141
角色ID: 1, 菜单ID列表: [1, 3, 22, 23, 24, 25, 26, 4, 5, 6, 7, 8, 18, 19, 2, 11, 14, 17, 16, 20, 27, 28, 29, 35, 37, 34, 38, 30, 31, 32, 33]
"POST /role/grant HTTP/1.1" 200 13
页面大小: 10, 页码: 1
菜单查询集: <QuerySet [<SysMenu: SysMenu object (1)>, <SysMenu: SysMenu object (3)>, <SysMenu: SysMenu object (34)>, <SysMenu: SysMenu object (31)>, <SysMenu: SysMenu object (27)>, <SysMenu: SysMenu object (11)>, <SysMenu: SysMenu object (22)>, <SysMenu: SysMenu object (38)>, <SysMenu: SysMenu object (32)>, <SysMenu: SysMenu object (28)>, <SysMenu: SysMenu object (23)>, <SysMenu: SysMenu object (2)>, <SysMenu: SysMenu object (4)>, <SysMenu: SysMenu object (35)>, <SysMenu: SysMenu object (14)>, <SysMenu: SysMenu object (24)>, <SysMenu: SysMenu object (33)>, <SysMenu: SysMenu object (5)>, <SysMenu: SysMenu object (29)>, <SysMenu: SysMenu object (37)>, '...(remaining elements truncated)...']>
菜单树结果: [<SysMenu: SysMenu object (1)>, <SysMenu: SysMenu object (2)>, <SysMenu: SysMenu object (35)>, <SysMenu: SysMenu object (37)>, <SysMenu: SysMenu object (30)>]
"POST /role/search HTTP/1.1" 200 1819
"GET /menu/treeList HTTP/1.1" 200 10073
"GET /role/menus?id=1 HTTP/1.1" 200 145
页面大小: 10, 页码: 1
"POST /role/search HTTP/1.1" 200 1819
页面大小: 10, 页码: 1
"POST /role/search HTTP/1.1" 200 1819
登录请求 - 用户名: admin, 请求方法: POST
找到用户: admin, 用户ID: 1, 用户状态: 1
密码验证结果: True
"POST /user/login?username=admin&password=123456&rememberMe=false HTTP/1.1" 200 8520
"GET /post/sync/logs?params%5Bpage%5D=1&params%5Bpage_size%5D=20 HTTP/1.1" 200 1071
"GET /post/sync/stats HTTP/1.1" 200 249
"GET /department/sync/logs?params%5Bpage%5D=1&params%5Bpage_size%5D=20 HTTP/1.1" 200 1074
"GET /department/sync/stats HTTP/1.1" 200 235
"GET /post/sync/logs?params%5Bpage%5D=1&params%5Bpage_size%5D=20 HTTP/1.1" 200 1071
"GET /post/sync/stats HTTP/1.1" 200 249
"GET /department/sync/logs?params%5Bpage%5D=1&params%5Bpage_size%5D=20 HTTP/1.1" 200 1074
"GET /department/sync/stats HTTP/1.1" 200 235
"GET /post/sync/logs?params%5Bpage%5D=1&params%5Bpage_size%5D=20 HTTP/1.1" 200 1071
"GET /post/sync/stats HTTP/1.1" 200 249
Adding job tentatively -- it will be properly scheduled when the scheduler starts
Added job "岗位同步" to job store "default"
Scheduler started
岗位同步调度器已启动 - 每天凌晨3:00执行
"GET /department/sync/logs?params%5Bpage%5D=1&params%5Bpage_size%5D=20 HTTP/1.1" 200 1074
"GET /department/sync/stats HTTP/1.1" 200 235
"GET /post/sync/logs?params%5Bpage%5D=1&params%5Bpage_size%5D=20 HTTP/1.1" 200 1071
"GET /post/sync/stats HTTP/1.1" 200 249
"GET /department/sync/logs?params%5Bpage%5D=1&params%5Bpage_size%5D=20 HTTP/1.1" 200 1074
"GET /department/sync/stats HTTP/1.1" 200 235
"GET /post/sync/logs?params%5Bpage%5D=1&params%5Bpage_size%5D=20 HTTP/1.1" 200 1071
"GET /post/sync/stats HTTP/1.1" 200 249
"GET /department/sync/logs?params%5Bpage%5D=1&params%5Bpage_size%5D=20 HTTP/1.1" 200 1074
"GET /department/sync/stats HTTP/1.1" 200 235
"GET /post/sync/logs?params%5Bpage%5D=1&params%5Bpage_size%5D=20 HTTP/1.1" 200 1071
"GET /post/sync/stats HTTP/1.1" 200 249
"GET /department/sync/logs?params%5Bpage%5D=1&params%5Bpage_size%5D=20 HTTP/1.1" 200 1074
"GET /department/sync/stats HTTP/1.1" 200 235
"GET /post/sync/logs?params%5Bpage%5D=1&params%5Bpage_size%5D=20 HTTP/1.1" 200 1071
"GET /post/sync/stats HTTP/1.1" 200 249
"GET /post/sync/logs?params%5Bpage%5D=1&params%5Bpage_size%5D=20 HTTP/1.1" 200 1071
"GET /post/sync/stats HTTP/1.1" 200 249
"GET /post/sync/logs?params%5Bpage%5D=1&params%5Bpage_size%5D=20 HTTP/1.1" 200 1071
"GET /post/sync/stats HTTP/1.1" 200 249
"GET /post/sync/logs?params%5Bpage%5D=1&params%5Bpage_size%5D=20 HTTP/1.1" 200 1071
"GET /post/sync/stats HTTP/1.1" 200 249
"GET /post/sync/logs?params%5Bpage%5D=1&params%5Bpage_size%5D=20 HTTP/1.1" 200 1071
"GET /post/sync/stats HTTP/1.1" 200 249
"GET /post/sync/logs?params%5Bpage%5D=1&params%5Bpage_size%5D=20 HTTP/1.1" 200 1071
"GET /post/sync/stats HTTP/1.1" 200 249
"GET /post/sync/stats HTTP/1.1" 200 249
"GET /post/sync/logs?params%5Bpage%5D=1&params%5Bpage_size%5D=20 HTTP/1.1" 200 1071
"GET /post/sync/logs?params%5Bpage%5D=1&params%5Bpage_size%5D=20 HTTP/1.1" 200 1071
"GET /post/sync/stats HTTP/1.1" 200 249
"GET /post/sync/logs?params%5Bpage%5D=1&params%5Bpage_size%5D=20 HTTP/1.1" 200 1071
"GET /post/sync/stats HTTP/1.1" 200 249
"GET /post/sync/logs?params%5Bpage%5D=1&params%5Bpage_size%5D=20 HTTP/1.1" 200 1071
"GET /post/sync/stats HTTP/1.1" 200 249
"GET /post/sync/logs?params%5Bpage%5D=1&params%5Bpage_size%5D=20 HTTP/1.1" 200 1071
"GET /post/sync/stats HTTP/1.1" 200 249
登录请求 - 用户名: admin, 请求方法: POST
找到用户: admin, 用户ID: 1, 用户状态: 1
密码验证结果: True
"POST /user/login?username=admin&password=123456&rememberMe=false HTTP/1.1" 200 8520
"GET /post/sync/logs?params%5Bpage%5D=1&params%5Bpage_size%5D=20 HTTP/1.1" 200 1071
"GET /post/sync/stats HTTP/1.1" 200 249
"GET /department/sync/logs?params%5Bpage%5D=1&params%5Bpage_size%5D=20 HTTP/1.1" 200 1074
"GET /department/sync/stats HTTP/1.1" 200 235
"GET /post/sync/logs?params%5Bpage%5D=1&params%5Bpage_size%5D=20 HTTP/1.1" 200 1071
"GET /post/sync/stats HTTP/1.1" 200 249
"GET /department/sync/logs?params%5Bpage%5D=1&params%5Bpage_size%5D=20 HTTP/1.1" 200 1074
"GET /department/sync/stats HTTP/1.1" 200 235
"GET /post/sync/logs?params%5Bpage%5D=1&params%5Bpage_size%5D=20 HTTP/1.1" 200 1071
"GET /post/sync/stats HTTP/1.1" 200 249
"GET /department/sync/logs?params%5Bpage%5D=1&params%5Bpage_size%5D=20 HTTP/1.1" 200 1074
"GET /department/sync/stats HTTP/1.1" 200 235
"POST /department/sync/manual HTTP/1.1" 200 196
"GET /post/sync/logs?params%5Bpage%5D=1&params%5Bpage_size%5D=20 HTTP/1.1" 200 1071
"GET /post/sync/stats HTTP/1.1" 200 249
Not Found: /post/sync/manual
"POST /post/sync/manual HTTP/1.1" 404 179
"GET /post/sync/logs?params%5Bpage%5D=1&params%5Bpage_size%5D=20 HTTP/1.1" 200 1071
"GET /post/sync/stats HTTP/1.1" 200 249
"GET /post/sync/logs?params%5Bpage%5D=1&params%5Bpage_size%5D=20 HTTP/1.1" 200 1071
"GET /post/sync/logs?params%5Bpage%5D=1&params%5Bpage_size%5D=20 HTTP/1.1" 200 1071
"GET /post/sync/stats HTTP/1.1" 200 249
"GET /post/sync/logs?params%5Bpage%5D=1&params%5Bpage_size%5D=20 HTTP/1.1" 200 1071
"GET /post/sync/stats HTTP/1.1" 200 249
"GET /post/sync/logs?params%5Bpage%5D=1&params%5Bpage_size%5D=20 HTTP/1.1" 200 1071
"GET /post/sync/stats HTTP/1.1" 200 249
"GET /post/sync/logs?params%5Bpage%5D=1&params%5Bpage_size%5D=20 HTTP/1.1" 200 1071
"GET /post/sync/stats HTTP/1.1" 200 249
"GET /department/sync/logs?params%5Bpage%5D=1&params%5Bpage_size%5D=20 HTTP/1.1" 200 1411
"GET /department/sync/stats HTTP/1.1" 200 234
"GET /post/sync/logs?params%5Bpage%5D=1&params%5Bpage_size%5D=20 HTTP/1.1" 200 1071
"GET /post/sync/stats HTTP/1.1" 200 249
"GET /department/sync/logs?params%5Bpage%5D=1&params%5Bpage_size%5D=20 HTTP/1.1" 200 1411
"GET /department/sync/stats HTTP/1.1" 200 234
"GET /department/sync/logs?params%5Bpage%5D=1&params%5Bpage_size%5D=20 HTTP/1.1" 200 1411
"GET /department/sync/stats HTTP/1.1" 200 234
"GET /department/sync/logs?params%5Bpage%5D=1&params%5Bpage_size%5D=20 HTTP/1.1" 200 1411
"GET /department/sync/stats HTTP/1.1" 200 234
"GET /post/sync/logs?params%5Bpage%5D=1&params%5Bpage_size%5D=20 HTTP/1.1" 200 1071
"GET /post/sync/stats HTTP/1.1" 200 249
"GET /department/sync/logs?params%5Bpage%5D=1&params%5Bpage_size%5D=20 HTTP/1.1" 200 1411
"GET /department/sync/stats HTTP/1.1" 200 234
"GET /post/sync/logs?params%5Bpage%5D=1&params%5Bpage_size%5D=20 HTTP/1.1" 200 1071
"GET /post/sync/stats HTTP/1.1" 200 249
"GET /department/sync/logs?params%5Bpage%5D=1&params%5Bpage_size%5D=20 HTTP/1.1" 200 1411
"GET /department/sync/stats HTTP/1.1" 200 234
"GET /post/sync/logs?params%5Bpage%5D=1&params%5Bpage_size%5D=20 HTTP/1.1" 200 1071
"GET /post/sync/stats HTTP/1.1" 200 249
"GET /department/sync/logs?params%5Bpage%5D=1&params%5Bpage_size%5D=20 HTTP/1.1" 200 1411
"GET /department/sync/stats HTTP/1.1" 200 234
"GET /post/sync/logs?params%5Bpage%5D=1&params%5Bpage_size%5D=20 HTTP/1.1" 200 1071
"GET /post/sync/stats HTTP/1.1" 200 249
"GET /post/sync/logs?params%5Bpage%5D=1&params%5Bpage_size%5D=20 HTTP/1.1" 200 1071
"GET /post/sync/stats HTTP/1.1" 200 249
"GET /department/sync/logs?params%5Bpage%5D=1&params%5Bpage_size%5D=20 HTTP/1.1" 200 1411
"GET /department/sync/stats HTTP/1.1" 200 234
"GET /post/sync/logs?params%5Bpage%5D=1&params%5Bpage_size%5D=20 HTTP/1.1" 200 1071
"GET /post/sync/stats HTTP/1.1" 200 249
"GET /post/sync/logs?params%5Bpage%5D=1&params%5Bpage_size%5D=20 HTTP/1.1" 200 1071
"GET /post/sync/stats HTTP/1.1" 200 249
"GET /post/sync/logs?params%5Bpage%5D=1&params%5Bpage_size%5D=20 HTTP/1.1" 200 1071
"GET /post/sync/stats HTTP/1.1" 200 249
登录请求 - 用户名: admin, 请求方法: POST
找到用户: admin, 用户ID: 1, 用户状态: 1
密码验证结果: False
登录失败 - 用户 admin 密码错误
"POST /user/login?username=admin&password=1213456&rememberMe=false HTTP/1.1" 200 85
登录请求 - 用户名: admin, 请求方法: POST
找到用户: admin, 用户ID: 1, 用户状态: 1
密码验证结果: True
"POST /user/login?username=admin&password=123456&rememberMe=false HTTP/1.1" 200 8520
"GET /department/sync/logs?params%5Bpage%5D=1&params%5Bpage_size%5D=20 HTTP/1.1" 200 1411
"GET /department/sync/stats HTTP/1.1" 200 234
"GET /post/sync/logs?params%5Bpage%5D=1&params%5Bpage_size%5D=20 HTTP/1.1" 200 1071
"GET /post/sync/stats HTTP/1.1" 200 249
"GET /post/sync/logs?params%5Bpage%5D=1&params%5Bpage_size%5D=20 HTTP/1.1" 200 1071
"GET /post/sync/stats HTTP/1.1" 200 249
"GET /department/sync/logs?params%5Bpage%5D=1&params%5Bpage_size%5D=20 HTTP/1.1" 200 1411
"GET /department/sync/stats HTTP/1.1" 200 234
"GET /post/sync/logs?params%5Bpage%5D=1&params%5Bpage_size%5D=20 HTTP/1.1" 200 1071
"GET /post/sync/stats HTTP/1.1" 200 249
"GET /post/sync/logs?params%5Bpage%5D=1&params%5Bpage_size%5D=20 HTTP/1.1" 200 1071
"GET /post/sync/stats HTTP/1.1" 200 249
"GET /post/sync/logs?params%5Bpage%5D=1&params%5Bpage_size%5D=20 HTTP/1.1" 200 1071
"GET /post/sync/stats HTTP/1.1" 200 249
"GET /post/sync/logs?params%5Bpage%5D=1&params%5Bpage_size%5D=20 HTTP/1.1" 200 1071
"GET /post/sync/stats HTTP/1.1" 200 249
"GET /post/sync/logs?params%5Bpage%5D=1&params%5Bpage_size%5D=20 HTTP/1.1" 200 1071
"GET /post/sync/stats HTTP/1.1" 200 249
Adding job tentatively -- it will be properly scheduled when the scheduler starts
Added job "岗位同步" to job store "default"
Scheduler started
岗位同步调度器已启动 - 每天凌晨3:00执行
Adding job tentatively -- it will be properly scheduled when the scheduler starts
Added job "岗位同步" to job store "default"
Scheduler started
岗位同步调度器已启动 - 每天凌晨3:00执行
Adding job tentatively -- it will be properly scheduled when the scheduler starts
Added job "企业微信部门同步" to job store "default"
Scheduler started
[OK] 定时任务调度器已启动 - 每天凌晨2点执行部门同步
[OK] 部门同步定时任务已启动
Watching for file changes with StatReloader
"GET /post/sync/logs?params%5Bpage%5D=1&params%5Bpage_size%5D=20 HTTP/1.1" 200 1071
"GET /post/sync/stats HTTP/1.1" 200 249
"GET /post/sync/logs?params%5Bpage%5D=1&params%5Bpage_size%5D=20 HTTP/1.1" 200 1071
"GET /post/sync/stats HTTP/1.1" 200 249
"GET /post/sync/logs?params%5Bpage%5D=1&params%5Bpage_size%5D=20 HTTP/1.1" 200 1071
"GET /post/sync/stats HTTP/1.1" 200 249
登录请求 - 用户名: admin, 请求方法: POST
找到用户: admin, 用户ID: 1, 用户状态: 1
密码验证结果: True
"POST /user/login?username=admin&password=123456&rememberMe=false HTTP/1.1" 200 8520
"GET /post/sync/logs?params%5Bpage%5D=1&params%5Bpage_size%5D=20 HTTP/1.1" 200 1071
"GET /post/sync/stats HTTP/1.1" 200 249
"GET /department/sync/logs?params%5Bpage%5D=1&params%5Bpage_size%5D=20 HTTP/1.1" 200 1411
"GET /department/sync/stats HTTP/1.1" 200 234
"GET /post/sync/logs?params%5Bpage%5D=1&params%5Bpage_size%5D=20 HTTP/1.1" 200 1071
"GET /post/sync/stats HTTP/1.1" 200 249
"GET /post/sync/logs?params%5Bpage%5D=1&params%5Bpage_size%5D=20 HTTP/1.1" 200 1071
"GET /post/sync/stats HTTP/1.1" 200 249
"GET /department/sync/logs?params%5Bpage%5D=1&params%5Bpage_size%5D=20 HTTP/1.1" 200 1411
"GET /department/sync/stats HTTP/1.1" 200 234
"GET /post/sync/logs?params%5Bpage%5D=1&params%5Bpage_size%5D=20 HTTP/1.1" 200 1071
"GET /post/sync/stats HTTP/1.1" 200 249
"GET /department/sync/logs?params%5Bpage%5D=1&params%5Bpage_size%5D=20 HTTP/1.1" 200 1411
"GET /department/sync/stats HTTP/1.1" 200 234
"GET /post/sync/logs?params%5Bpage%5D=1&params%5Bpage_size%5D=20 HTTP/1.1" 200 1071
"GET /post/sync/stats HTTP/1.1" 200 249
"GET /post/sync/logs?params%5Bpage%5D=1&params%5Bpage_size%5D=20 HTTP/1.1" 200 1071
"GET /post/sync/stats HTTP/1.1" 200 249
"GET /post/sync/logs?params%5Bpage%5D=1&params%5Bpage_size%5D=20 HTTP/1.1" 200 1071
"GET /post/sync/stats HTTP/1.1" 200 249
"GET /post/sync/logs?params%5Bpage%5D=1&params%5Bpage_size%5D=20 HTTP/1.1" 200 1071
"GET /post/sync/stats HTTP/1.1" 200 249
"GET /post/sync/logs?params%5Bpage%5D=1&params%5Bpage_size%5D=20 HTTP/1.1" 200 1071
"GET /post/sync/stats HTTP/1.1" 200 249
"GET /department/sync/logs?params%5Bpage%5D=1&params%5Bpage_size%5D=20 HTTP/1.1" 200 1411
"GET /department/sync/stats HTTP/1.1" 200 234
"GET /department/sync/logs?params%5Bpage%5D=1&params%5Bpage_size%5D=20 HTTP/1.1" 200 1411
"GET /department/sync/stats HTTP/1.1" 200 234
"GET /department/sync/logs?params%5Bpage%5D=1&params%5Bpage_size%5D=20 HTTP/1.1" 200 1411
"GET /department/sync/stats HTTP/1.1" 200 234
"GET /post/sync/logs?params%5Bpage%5D=1&params%5Bpage_size%5D=20 HTTP/1.1" 200 1071
"GET /post/sync/stats HTTP/1.1" 200 249
"GET /department/sync/logs?params%5Bpage%5D=1&params%5Bpage_size%5D=20 HTTP/1.1" 200 1411
"GET /department/sync/stats HTTP/1.1" 200 234
"POST /department/sync/manual HTTP/1.1" 200 196
"GET /department/sync/logs?params%5Bpage%5D=1&params%5Bpage_size%5D=20 HTTP/1.1" 200 1748
"POST /department/sync/manual HTTP/1.1" 200 196
"GET /department/sync/logs?params%5Bpage%5D=1&params%5Bpage_size%5D=20 HTTP/1.1" 200 2085
"POST /department/sync/manual HTTP/1.1" 200 196
"GET /department/sync/logs?params%5Bpage%5D=1&params%5Bpage_size%5D=20 HTTP/1.1" 200 2422
"GET /department/sync/stats HTTP/1.1" 200 234
"GET /department/sync/logs?params%5Bpage%5D=1&params%5Bpage_size%5D=20 HTTP/1.1" 200 2422
"GET /department/sync/stats HTTP/1.1" 200 234
"POST /department/sync/manual HTTP/1.1" 200 196
"GET /department/sync/stats HTTP/1.1" 200 234
"GET /department/sync/logs?params%5Bpage%5D=1&params%5Bpage_size%5D=20 HTTP/1.1" 200 2759
"GET /post/sync/logs?params%5Bpage%5D=1&params%5Bpage_size%5D=20 HTTP/1.1" 200 1071
"GET /post/sync/stats HTTP/1.1" 200 249
Not Found: /post/sync/manual
"POST /post/sync/manual HTTP/1.1" 404 179
Not Found: /post/sync/manual
"POST /post/sync/manual HTTP/1.1" 404 179
D:\my_project\Django_admin\jj_system\post\views.py changed, reloading.
Adding job tentatively -- it will be properly scheduled when the scheduler starts
Added job "岗位同步" to job store "default"
Scheduler started
岗位同步调度器已启动 - 每天凌晨3:00执行
Adding job tentatively -- it will be properly scheduled when the scheduler starts
Added job "企业微信部门同步" to job store "default"
Scheduler started
[OK] 定时任务调度器已启动 - 每天凌晨2点执行部门同步
[OK] 部门同步定时任务已启动
Watching for file changes with StatReloader
D:\my_project\Django_admin\jj_system\post\urls.py changed, reloading.
Adding job tentatively -- it will be properly scheduled when the scheduler starts
Added job "岗位同步" to job store "default"
Scheduler started
岗位同步调度器已启动 - 每天凌晨3:00执行
Adding job tentatively -- it will be properly scheduled when the scheduler starts
Added job "企业微信部门同步" to job store "default"
Scheduler started
[OK] 定时任务调度器已启动 - 每天凌晨2点执行部门同步
[OK] 部门同步定时任务已启动
Watching for file changes with StatReloader
D:\my_project\Django_admin\jj_system\post\urls.py changed, reloading.
Adding job tentatively -- it will be properly scheduled when the scheduler starts
Added job "岗位同步" to job store "default"
Scheduler started
岗位同步调度器已启动 - 每天凌晨3:00执行
Adding job tentatively -- it will be properly scheduled when the scheduler starts
Added job "企业微信部门同步" to job store "default"
Scheduler started
[OK] 定时任务调度器已启动 - 每天凌晨2点执行部门同步
[OK] 部门同步定时任务已启动
Watching for file changes with StatReloader
Adding job tentatively -- it will be properly scheduled when the scheduler starts
Added job "岗位同步" to job store "default"
Scheduler started
岗位同步调度器已启动 - 每天凌晨3:00执行
Adding job tentatively -- it will be properly scheduled when the scheduler starts
Added job "岗位同步" to job store "default"
Scheduler started
岗位同步调度器已启动 - 每天凌晨3:00执行
Adding job tentatively -- it will be properly scheduled when the scheduler starts
Added job "企业微信部门同步" to job store "default"
Scheduler started
[OK] 定时任务调度器已启动 - 每天凌晨2点执行部门同步
[OK] 部门同步定时任务已启动
Watching for file changes with StatReloader
"GET /post/sync/logs?params%5Bpage%5D=1&params%5Bpage_size%5D=20 HTTP/1.1" 200 1071
"GET /post/sync/stats HTTP/1.1" 200 249
"GET /department/sync/logs?params%5Bpage%5D=1&params%5Bpage_size%5D=20 HTTP/1.1" 200 2759
"GET /department/sync/stats HTTP/1.1" 200 234
"GET /post/sync/logs?params%5Bpage%5D=1&params%5Bpage_size%5D=20 HTTP/1.1" 200 1071
"GET /post/sync/stats HTTP/1.1" 200 249
"POST /post/sync/manual HTTP/1.1" 200 196
"GET /post/sync/stats HTTP/1.1" 200 249
"GET /post/sync/logs?params%5Bpage%5D=1&params%5Bpage_size%5D=20 HTTP/1.1" 200 1406
"GET /post/sync/logs?params%5Bpage%5D=1&params%5Bpage_size%5D=20 HTTP/1.1" 200 1406
"GET /post/sync/stats HTTP/1.1" 200 249
Adding job tentatively -- it will be properly scheduled when the scheduler starts
Added job "岗位同步" to job store "default"
Scheduler started
岗位同步调度器已启动 - 每天凌晨3:00执行
Adding job tentatively -- it will be properly scheduled when the scheduler starts
Added job "岗位同步" to job store "default"
Scheduler started
岗位同步调度器已启动 - 每天凌晨3:00执行
Adding job tentatively -- it will be properly scheduled when the scheduler starts
Added job "岗位同步" to job store "default"
Scheduler started
岗位同步调度器已启动 - 每天凌晨3:00执行
"GET /department/sync/stats HTTP/1.1" 200 83
"GET /department/sync/logs?params%5Bpage%5D=1&params%5Bpage_size%5D=20 HTTP/1.1" 200 83
"GET /post/sync/stats HTTP/1.1" 200 83
"GET /post/sync/logs?params%5Bpage%5D=1&params%5Bpage_size%5D=20 HTTP/1.1" 200 83
"GET /department/sync/stats HTTP/1.1" 200 83
"GET /department/sync/logs?params%5Bpage%5D=1&params%5Bpage_size%5D=20 HTTP/1.1" 200 83
"GET /post/sync/stats HTTP/1.1" 200 83
"GET /post/sync/logs?params%5Bpage%5D=1&params%5Bpage_size%5D=20 HTTP/1.1" 200 83
"GET /department/sync/stats HTTP/1.1" 200 83
"GET /department/sync/logs?params%5Bpage%5D=1&params%5Bpage_size%5D=20 HTTP/1.1" 200 83
登录请求 - 用户名: admin, 请求方法: POST
找到用户: admin, 用户ID: 1, 用户状态: 1
密码验证结果: True
"POST /user/login?username=admin&password=123456&rememberMe=false HTTP/1.1" 200 8520
Adding job tentatively -- it will be properly scheduled when the scheduler starts
Added job "岗位同步" to job store "default"
Scheduler started
岗位同步调度器已启动 - 每天凌晨3:00执行
Adding job tentatively -- it will be properly scheduled when the scheduler starts
Added job "岗位同步" to job store "default"
Scheduler started
岗位同步调度器已启动 - 每天凌晨3:00执行
Adding job tentatively -- it will be properly scheduled when the scheduler starts
Added job "企业微信部门同步" to job store "default"
Scheduler started
[OK] 定时任务调度器已启动 - 每天凌晨2点执行部门同步
[OK] 部门同步定时任务已启动
Watching for file changes with StatReloader
Run time of job "企业微信部门同步 (trigger: cron[hour='2', minute='0'], next run at: 2026-06-04 02:00:00 CST)" was missed by 0:00:01.935574
Run time of job "岗位同步 (trigger: cron[hour='3', minute='0'], next run at: 2026-06-04 03:00:00 CST)" was missed by 0:00:01.838521
Run time of job "岗位同步 (trigger: cron[hour='3', minute='0'], next run at: 2026-06-04 03:00:00 CST)" was missed by 0:00:01.875428
登录请求 - 用户名: admin, 请求方法: POST
找到用户: admin, 用户ID: 1, 用户状态: 1
密码验证结果: True
"POST /user/login?username=admin&password=123456&rememberMe=true HTTP/1.1" 200 8520
"POST /log/log/ HTTP/1.1" 200 2586
"GET /department/sync/logs?params%5Bpage%5D=1&params%5Bpage_size%5D=20 HTTP/1.1" 200 2759
"GET /department/sync/stats HTTP/1.1" 200 234
"GET /post/sync/logs?params%5Bpage%5D=1&params%5Bpage_size%5D=20 HTTP/1.1" 200 1744
"GET /post/sync/stats HTTP/1.1" 200 249
D:\my_project\Django_admin\jj_system\jj_system\settings.py changed, reloading.
Watching for file changes with StatReloader
Adding job tentatively -- it will be properly scheduled when the scheduler starts
Added job "岗位同步" to job store "default"
Scheduler started
岗位同步调度器已启动 - 每天凌晨3:00执行
Adding job tentatively -- it will be properly scheduled when the scheduler starts
Added job "岗位同步" to job store "default"
Scheduler started
岗位同步调度器已启动 - 每天凌晨3:00执行
Adding job tentatively -- it will be properly scheduled when the scheduler starts
Added job "岗位同步" to job store "default"
Scheduler started
岗位同步调度器已启动 - 每天凌晨3:00执行
Adding job tentatively -- it will be properly scheduled when the scheduler starts
Added job "岗位同步" to job store "default"
Scheduler started
岗位同步调度器已启动 - 每天凌晨3:00执行
Adding job tentatively -- it will be properly scheduled when the scheduler starts
Added job "岗位同步" to job store "default"
Scheduler started
岗位同步调度器已启动 - 每天凌晨3:00执行
Adding job tentatively -- it will be properly scheduled when the scheduler starts
Added job "岗位同步" to job store "default"
Scheduler started
岗位同步调度器已启动 - 每天凌晨3:00执行
Adding job tentatively -- it will be properly scheduled when the scheduler starts
Added job "岗位同步" to job store "default"
Scheduler started
岗位同步调度器已启动 - 每天凌晨3:00执行
Adding job tentatively -- it will be properly scheduled when the scheduler starts
Added job "岗位同步" to job store "default"
Scheduler started
岗位同步调度器已启动 - 每天凌晨3:00执行
Adding job tentatively -- it will be properly scheduled when the scheduler starts
岗位同步调度器已启动 - Cron: 0 3 * * *
Added job "岗位同步" to job store "default"
Scheduler started
Adding job tentatively -- it will be properly scheduled when the scheduler starts
岗位同步调度器已启动 - Cron: 0 3 * * *
Added job "岗位同步" to job store "default"
Scheduler started
Adding job tentatively -- it will be properly scheduled when the scheduler starts
岗位同步调度器已启动 - Cron: 0 3 * * *
Added job "岗位同步" to job store "default"
Scheduler started
Adding job tentatively -- it will be properly scheduled when the scheduler starts
Added job "企业微信部门同步" to job store "default"
Scheduler started
[OK] 部门同步定时任务已启动 - Cron: 0 2 * * *
[OK] 部门同步定时任务已启动
Watching for file changes with StatReloader
D:\my_project\Django_admin\jj_system\ops\apps.py changed, reloading.
Adding job tentatively -- it will be properly scheduled when the scheduler starts
岗位同步调度器已启动 - Cron: 0 3 * * *
Added job "岗位同步" to job store "default"
Scheduler started
Adding job tentatively -- it will be properly scheduled when the scheduler starts
Added job "企业微信部门同步" to job store "default"
Scheduler started
[OK] 部门同步定时任务已启动 - Cron: 0 2 * * *
[OK] 部门同步定时任务已启动
Watching for file changes with StatReloader
D:\my_project\Django_admin\jj_system\post\scheduler.py changed, reloading.
Adding job tentatively -- it will be properly scheduled when the scheduler starts
岗位同步调度器已启动 - Cron: 0 3 * * *
Added job "岗位同步" to job store "default"
Scheduler started
Adding job tentatively -- it will be properly scheduled when the scheduler starts
Added job "企业微信部门同步" to job store "default"
Scheduler started
[OK] 部门同步定时任务已启动 - Cron: 0 2 * * *
[OK] 部门同步定时任务已启动
Watching for file changes with StatReloader
登录请求 - 用户名: admin, 请求方法: POST
找到用户: admin, 用户ID: 1, 用户状态: 1
密码验证结果: True
"POST /user/login?username=admin&password=123456&rememberMe=true HTTP/1.1" 200 8893
"GET /ops/scheduled-tasks HTTP/1.1" 200 825
"POST /ops/scheduled-tasks/update HTTP/1.1" 200 54
"GET /ops/scheduled-tasks HTTP/1.1" 200 825
"POST /user/search HTTP/1.1" 200 8057
页面大小: 10, 页码: 1
"POST /role/search HTTP/1.1" 200 1819
菜单查询集: <QuerySet [<SysMenu: SysMenu object (1)>, <SysMenu: SysMenu object (3)>, <SysMenu: SysMenu object (34)>, <SysMenu: SysMenu object (31)>, <SysMenu: SysMenu object (11)>, <SysMenu: SysMenu object (27)>, <SysMenu: SysMenu object (22)>, <SysMenu: SysMenu object (2)>, <SysMenu: SysMenu object (38)>, <SysMenu: SysMenu object (32)>, <SysMenu: SysMenu object (28)>, <SysMenu: SysMenu object (23)>, <SysMenu: SysMenu object (4)>, <SysMenu: SysMenu object (29)>, <SysMenu: SysMenu object (39)>, <SysMenu: SysMenu object (35)>, <SysMenu: SysMenu object (5)>, <SysMenu: SysMenu object (33)>, <SysMenu: SysMenu object (14)>, <SysMenu: SysMenu object (24)>, '...(remaining elements truncated)...']>
菜单树结果: [<SysMenu: SysMenu object (1)>, <SysMenu: SysMenu object (2)>, <SysMenu: SysMenu object (35)>, <SysMenu: SysMenu object (37)>, <SysMenu: SysMenu object (30)>]
"GET /menu/treeList HTTP/1.1" 200 10446
"GET /role/menus?id=1 HTTP/1.1" 200 149
菜单查询集: <QuerySet [<SysMenu: SysMenu object (1)>, <SysMenu: SysMenu object (3)>, <SysMenu: SysMenu object (34)>, <SysMenu: SysMenu object (31)>, <SysMenu: SysMenu object (11)>, <SysMenu: SysMenu object (27)>, <SysMenu: SysMenu object (22)>, <SysMenu: SysMenu object (2)>, <SysMenu: SysMenu object (38)>, <SysMenu: SysMenu object (32)>, <SysMenu: SysMenu object (28)>, <SysMenu: SysMenu object (23)>, <SysMenu: SysMenu object (4)>, <SysMenu: SysMenu object (29)>, <SysMenu: SysMenu object (39)>, <SysMenu: SysMenu object (35)>, <SysMenu: SysMenu object (5)>, <SysMenu: SysMenu object (33)>, <SysMenu: SysMenu object (14)>, <SysMenu: SysMenu object (24)>, '...(remaining elements truncated)...']>
菜单树结果: [<SysMenu: SysMenu object (1)>, <SysMenu: SysMenu object (2)>, <SysMenu: SysMenu object (35)>, <SysMenu: SysMenu object (37)>, <SysMenu: SysMenu object (30)>]
"GET /menu/treeList HTTP/1.1" 200 10446
"GET /role/menus?id=1 HTTP/1.1" 200 149
"GET /ops/scheduled-tasks HTTP/1.1" 200 825
"POST /ops/scheduled-tasks/update HTTP/1.1" 200 54
"GET /ops/scheduled-tasks HTTP/1.1" 200 825
"POST /ops/scheduled-tasks/update HTTP/1.1" 200 54
"GET /ops/scheduled-tasks HTTP/1.1" 200 825
"POST /ops/scheduled-tasks/update HTTP/1.1" 200 54
"GET /ops/scheduled-tasks HTTP/1.1" 200 825
"GET /ops/scheduled-tasks HTTP/1.1" 200 825
"GET /ops/scheduled-tasks HTTP/1.1" 200 825
"POST /user/search HTTP/1.1" 200 8057
"GET /ops/scheduled-tasks HTTP/1.1" 200 825
"POST /ops/scheduled-tasks/update HTTP/1.1" 200 169
"POST /ops/scheduled-tasks/update HTTP/1.1" 200 169
"GET /ops/scheduled-tasks HTTP/1.1" 200 825
"GET /ops/scheduled-tasks HTTP/1.1" 200 825
"POST /ops/scheduled-tasks/update HTTP/1.1" 200 161
"POST /ops/scheduled-tasks/update HTTP/1.1" 200 161
"GET /ops/scheduled-tasks HTTP/1.1" 200 809
"GET /department/sync/logs?params%5Bpage%5D=1&params%5Bpage_size%5D=20 HTTP/1.1" 200 2759
"GET /department/sync/stats HTTP/1.1" 200 234
"GET /post/sync/logs?params%5Bpage%5D=1&params%5Bpage_size%5D=20 HTTP/1.1" 200 1744
"GET /post/sync/stats HTTP/1.1" 200 249
"GET /ops/scheduled-tasks HTTP/1.1" 200 809
"GET /post/sync/logs?params%5Bpage%5D=1&params%5Bpage_size%5D=20 HTTP/1.1" 200 1744
"GET /post/sync/stats HTTP/1.1" 200 249
"GET /department/sync/logs?params%5Bpage%5D=1&params%5Bpage_size%5D=20 HTTP/1.1" 200 2759
"GET /department/sync/stats HTTP/1.1" 200 234
"GET /post/sync/logs?params%5Bpage%5D=1&params%5Bpage_size%5D=20 HTTP/1.1" 200 1744
"GET /post/sync/stats HTTP/1.1" 200 249
"GET /ops/scheduled-tasks HTTP/1.1" 200 809
"GET /post/sync/logs?params%5Bpage%5D=1&params%5Bpage_size%5D=20 HTTP/1.1" 200 1744
"GET /post/sync/stats HTTP/1.1" 200 249
"GET /department/sync/logs?params%5Bpage%5D=1&params%5Bpage_size%5D=20 HTTP/1.1" 200 2759
"GET /department/sync/stats HTTP/1.1" 200 234
"GET /ops/scheduled-tasks HTTP/1.1" 200 809
"GET /post/sync/logs?params%5Bpage%5D=1&params%5Bpage_size%5D=20 HTTP/1.1" 200 1744
"GET /post/sync/stats HTTP/1.1" 200 249
"GET /department/sync/logs?params%5Bpage%5D=1&params%5Bpage_size%5D=20 HTTP/1.1" 200 2759
"GET /department/sync/stats HTTP/1.1" 200 234
"GET /ops/scheduled-tasks HTTP/1.1" 200 809
"GET /ops/scheduled-tasks HTTP/1.1" 200 809
"GET /department/sync/logs?params%5Bpage%5D=1&params%5Bpage_size%5D=20 HTTP/1.1" 200 2759
"GET /department/sync/stats HTTP/1.1" 200 234
"GET /department/sync/logs?params%5Bpage%5D=1&params%5Bpage_size%5D=20 HTTP/1.1" 200 2759
"GET /department/sync/stats HTTP/1.1" 200 234
"GET /post/sync/logs?params%5Bpage%5D=1&params%5Bpage_size%5D=20 HTTP/1.1" 200 1744
"GET /post/sync/stats HTTP/1.1" 200 249
D:\my_project\Django_admin\jj_system\ops\views.py changed, reloading.
Adding job tentatively -- it will be properly scheduled when the scheduler starts
岗位同步调度器已启动 - Cron: 0 13 * * *
Added job "岗位同步" to job store "default"
Scheduler started
Adding job tentatively -- it will be properly scheduled when the scheduler starts
Added job "企业微信部门同步" to job store "default"
Scheduler started
[OK] 部门同步定时任务已启动 - Cron: 0 13 * * *
[OK] 部门同步定时任务已启动
Watching for file changes with StatReloader
D:\my_project\Django_admin\jj_system\ops\views.py changed, reloading.
Adding job tentatively -- it will be properly scheduled when the scheduler starts
岗位同步调度器已启动 - Cron: 0 13 * * *
Added job "岗位同步" to job store "default"
Scheduler started
Adding job tentatively -- it will be properly scheduled when the scheduler starts
Added job "企业微信部门同步" to job store "default"
Scheduler started
[OK] 部门同步定时任务已启动 - Cron: 0 13 * * *
[OK] 部门同步定时任务已启动
Watching for file changes with StatReloader
Adding job tentatively -- it will be properly scheduled when the scheduler starts
岗位同步调度器已启动 - Cron: 0 13 * * *
Added job "岗位同步" to job store "default"
Scheduler started
Adding job tentatively -- it will be properly scheduled when the scheduler starts
岗位同步调度器已启动 - Cron: 0 13 * * *
Added job "岗位同步" to job store "default"
Scheduler started
Adding job tentatively -- it will be properly scheduled when the scheduler starts
Added job "企业微信部门同步" to job store "default"
Scheduler started
[OK] 部门同步定时任务已启动 - Cron: 0 13 * * *
[OK] 部门同步定时任务已启动
Watching for file changes with StatReloader
"GET /post/sync/logs?params%5Bpage%5D=1&params%5Bpage_size%5D=20 HTTP/1.1" 200 1744
"GET /post/sync/stats HTTP/1.1" 200 249
登录请求 - 用户名: admin, 请求方法: POST
找到用户: admin, 用户ID: 1, 用户状态: 1
密码验证结果: True
"POST /user/login?username=admin&password=123456&rememberMe=true HTTP/1.1" 200 8893
"GET /ops/scheduled-tasks HTTP/1.1" 200 809
Added job "企业微信部门同步" to job store "default"
已同步部门同步任务: 20 13 * * *
"POST /ops/scheduled-tasks/update HTTP/1.1" 200 162
Added job "岗位同步" to job store "default"
已同步岗位同步任务: 21 13 * * *
"POST /ops/scheduled-tasks/update HTTP/1.1" 200 162
"GET /post/sync/logs?params%5Bpage%5D=1&params%5Bpage_size%5D=20 HTTP/1.1" 200 1744
"GET /post/sync/stats HTTP/1.1" 200 249
"GET /department/sync/logs?params%5Bpage%5D=1&params%5Bpage_size%5D=20 HTTP/1.1" 200 2759
"GET /department/sync/stats HTTP/1.1" 200 234
"GET /department/sync/logs?params%5Bpage%5D=1&params%5Bpage_size%5D=20 HTTP/1.1" 200 2759
"GET /department/sync/stats HTTP/1.1" 200 234
"GET /ops/scheduled-tasks HTTP/1.1" 200 811
Added job "企业微信部门同步" to job store "default"
已同步部门同步任务: 21 13 * * *
"POST /ops/scheduled-tasks/update HTTP/1.1" 200 162
"GET /ops/scheduled-tasks HTTP/1.1" 200 811
"GET /department/sync/logs?params%5Bpage%5D=1&params%5Bpage_size%5D=20 HTTP/1.1" 200 2759
"GET /department/sync/stats HTTP/1.1" 200 234
"GET /post/sync/logs?params%5Bpage%5D=1&params%5Bpage_size%5D=20 HTTP/1.1" 200 1744
"GET /post/sync/stats HTTP/1.1" 200 249
"GET /department/sync/logs?params%5Bpage%5D=1&params%5Bpage_size%5D=20 HTTP/1.1" 200 2759
"GET /department/sync/stats HTTP/1.1" 200 234
"GET /post/sync/stats HTTP/1.1" 200 249
"GET /post/sync/logs?params%5Bpage%5D=1&params%5Bpage_size%5D=20 HTTP/1.1" 200 1744
Running job "企业微信部门同步 (trigger: cron[hour='13', minute='21'], next run at: 2026-06-04 13:21:00 CST)" (scheduled at 2026-06-03 13:21:00+08:00)
Running job "岗位同步 (trigger: cron[hour='13', minute='21'], next run at: 2026-06-04 13:21:00 CST)" (scheduled at 2026-06-03 13:21:00+08:00)
开始执行定时部门同步任务...
[定时任务] 岗位同步开始 - 2026-06-03 05:21:00
定时部门同步成功 - 新增:0, 更新:0, 跳过:18
Job "企业微信部门同步 (trigger: cron[hour='13', minute='21'], next run at: 2026-06-04 13:21:00 CST)" executed successfully
[定时任务] 岗位同步完成 - 新增:0, 跳过:28
Job "岗位同步 (trigger: cron[hour='13', minute='21'], next run at: 2026-06-04 13:21:00 CST)" executed successfully
"GET /ops/scheduled-tasks HTTP/1.1" 200 811
"GET /post/sync/logs?params%5Bpage%5D=1&params%5Bpage_size%5D=20 HTTP/1.1" 200 2082
"GET /post/sync/stats HTTP/1.1" 200 249
"GET /department/sync/stats HTTP/1.1" 200 234
"GET /department/sync/logs?params%5Bpage%5D=1&params%5Bpage_size%5D=20 HTTP/1.1" 200 3099
"POST /department/sync/manual HTTP/1.1" 200 196
"GET /department/sync/stats HTTP/1.1" 200 236
"GET /department/sync/logs?params%5Bpage%5D=1&params%5Bpage_size%5D=20 HTTP/1.1" 200 3438
"GET /department/sync/logs?params%5Bpage%5D=1&params%5Bpage_size%5D=20 HTTP/1.1" 200 3438
"GET /department/sync/stats HTTP/1.1" 200 236
"POST /log/log/ HTTP/1.1" 200 2586
"POST /approval/list HTTP/1.1" 200 1750
"POST /items/search HTTP/1.1" 200 2516
"POST /event/search HTTP/1.1" 200 1248
"GET /user/treeList HTTP/1.1" 200 22711
"GET /event/menus?id=33 HTTP/1.1" 200 38
"GET /event/dept/list HTTP/1.1" 200 843
"GET /event/user/list HTTP/1.1" 200 1594
"GET /event/action?id=33 HTTP/1.1" 200 484
D:\my_project\Django_admin\jj_system\jj_system\settings.py changed, reloading.
Watching for file changes with StatReloader
Adding job tentatively -- it will be properly scheduled when the scheduler starts
岗位同步调度器已启动 - Cron: 21 13 * * *
Added job "岗位同步" to job store "default"
Scheduler started
Adding job tentatively -- it will be properly scheduled when the scheduler starts
岗位同步调度器已启动 - Cron: 21 13 * * *
Added job "岗位同步" to job store "default"
Scheduler started
Adding job tentatively -- it will be properly scheduled when the scheduler starts
岗位同步调度器已启动 - Cron: 21 13 * * *
Added job "岗位同步" to job store "default"
Scheduler started
D:\my_project\Django_admin\jj_system\jj_system\settings.py changed, reloading.
Adding job tentatively -- it will be properly scheduled when the scheduler starts
岗位同步调度器已启动 - Cron: 21 13 * * *
Added job "岗位同步" to job store "default"
Scheduler started
Adding job tentatively -- it will be properly scheduled when the scheduler starts
Added job "企业微信部门同步" to job store "default"
Scheduler started
[OK] 部门同步定时任务已启动 - Cron: 21 13 * * *
[OK] 部门同步定时任务已启动
Watching for file changes with StatReloader
Adding job tentatively -- it will be properly scheduled when the scheduler starts
Added job "检查事件通知" to job store "default"
Scheduler started
通知调度器已启动 - 每5分钟检查一次
Adding job tentatively -- it will be properly scheduled when the scheduler starts
岗位同步调度器已启动 - Cron: 21 13 * * *
Added job "岗位同步" to job store "default"
Scheduler started
Adding job tentatively -- it will be properly scheduled when the scheduler starts
岗位同步调度器已启动 - Cron: 21 13 * * *
Added job "岗位同步" to job store "default"
Scheduler started
Adding job tentatively -- it will be properly scheduled when the scheduler starts
Added job "企业微信部门同步" to job store "default"
Scheduler started
[OK] 部门同步定时任务已启动 - Cron: 21 13 * * *
[OK] 部门同步定时任务已启动
Watching for file changes with StatReloader
Adding job tentatively -- it will be properly scheduled when the scheduler starts
Added job "检查事件通知" to job store "default"
Scheduler started
通知调度器已启动 - 每5分钟检查一次
"GET /notification/unread-count HTTP/1.1" 200 53
登录请求 - 用户名: admin, 请求方法: POST
找到用户: admin, 用户ID: 1, 用户状态: 1
密码验证结果: True
"POST /user/login?username=admin&password=123456&rememberMe=true HTTP/1.1" 200 9259
"GET /notification/unread-count HTTP/1.1" 200 35
"GET /notification/list?params%5Bpage%5D=1&params%5BpageSize%5D=10 HTTP/1.1" 200 37
"GET /notification/list?params%5Bpage%5D=1&params%5BpageSize%5D=10&params%5Bstatus%5D=0 HTTP/1.1" 200 37
"GET /notification/list?params%5Bpage%5D=1&params%5BpageSize%5D=10&params%5Bstatus%5D=1 HTTP/1.1" 200 37
"GET /notification/list?params%5Bpage%5D=1&params%5BpageSize%5D=10&params%5Bstatus%5D=0 HTTP/1.1" 200 37
"GET /notification/list?params%5Bpage%5D=1&params%5BpageSize%5D=10 HTTP/1.1" 200 37
"POST /event/search HTTP/1.1" 200 1248
"GET /event/dept/list HTTP/1.1" 200 843
"GET /event/user/list HTTP/1.1" 200 1594
"GET /notification/unread-count HTTP/1.1" 200 35
"GET /notification/unread-count HTTP/1.1" 200 35
开始处理事件保存请求
收到的数据: {'id': -1, 'dept_id': 18, 'user_id': 1, 'event_name': '测试', 'principal': 1, 'start_date': '2026-06-03', 'end_date': '2026-06-05', 'notification_time': '2026-06-03 14:10:00', 'remark': ''}
处理后的数据: id=-1, dept_id=18, user_id=1, event_name=测试
新增事件成功
"POST /event/save HTTP/1.1" 200 23
"GET /user/treeList HTTP/1.1" 200 22711
"POST /event/search HTTP/1.1" 200 1708
"GET /event/menus?id=34 HTTP/1.1" 200 32
事件数据: {'id': 34, 'menuIds': [42], 'current_role_id': 1, 'current_user_id': 1}
事件ID: 34
事件ID: 34, 用户ID列表: [42]
"POST /event/grant HTTP/1.1" 200 13
"POST /event/search HTTP/1.1" 200 1708
"POST /repository/search HTTP/1.1" 200 57256
"GET /repository/history?id=101 HTTP/1.1" 200 391
"GET /repository/history?id=106 HTTP/1.1" 200 968
"GET /repository/history?id=105 HTTP/1.1" 200 899
"GET /repository/history?id=104 HTTP/1.1" 200 659
"GET /repository/history?id=102 HTTP/1.1" 200 853
"GET /repository/history?id=92 HTTP/1.1" 200 552
"GET /repository/history?id=100 HTTP/1.1" 200 546
"GET /repository/history?id=56 HTTP/1.1" 200 924
"GET /repository/history?id=99 HTTP/1.1" 200 819
"GET /repository/history?id=103 HTTP/1.1" 200 958
"GET /notification/unread-count HTTP/1.1" 200 35
"POST /manhour/search HTTP/1.1" 200 11698
"POST /blacklist/search HTTP/1.1" 200 3855
"POST /repository/search HTTP/1.1" 200 57256
"GET /repository/history?id=101 HTTP/1.1" 200 391
"GET /repository/history?id=105 HTTP/1.1" 200 899
"GET /repository/history?id=106 HTTP/1.1" 200 968
"GET /repository/history?id=104 HTTP/1.1" 200 659
"GET /repository/history?id=102 HTTP/1.1" 200 853
"GET /repository/history?id=103 HTTP/1.1" 200 958
"GET /repository/history?id=100 HTTP/1.1" 200 546
"GET /repository/history?id=56 HTTP/1.1" 200 924
"GET /repository/history?id=99 HTTP/1.1" 200 819
"GET /repository/history?id=92 HTTP/1.1" 200 552
"POST /items/search HTTP/1.1" 200 2516
"GET /files/list/?page=1&page_size=10 HTTP/1.1" 200 592
"GET /notification/list?params%5Bpage%5D=1&params%5BpageSize%5D=10 HTTP/1.1" 200 37
"GET /notification/list?params%5Bpage%5D=1&params%5BpageSize%5D=10 HTTP/1.1" 200 37
"GET /notification/list?params%5Bpage%5D=1&params%5BpageSize%5D=10 HTTP/1.1" 200 37
"GET /notification/unread-count HTTP/1.1" 200 35
"GET /notification/list?params%5Bpage%5D=1&params%5BpageSize%5D=10&params%5Bstatus%5D=0 HTTP/1.1" 200 37
"GET /notification/list?params%5Bpage%5D=1&params%5BpageSize%5D=10&params%5Bstatus%5D=1 HTTP/1.1" 200 37
"GET /notification/list?params%5Bpage%5D=1&params%5BpageSize%5D=10 HTTP/1.1" 200 37
"GET /notification/unread-count HTTP/1.1" 200 35
"GET /notification/unread-count HTTP/1.1" 200 35
"GET /notification/unread-count HTTP/1.1" 200 35
"GET /notification/unread-count HTTP/1.1" 200 35
Running job "检查事件通知 (trigger: interval[0:05:00], next run at: 2026-06-03 14:17:11 CST)" (scheduled at 2026-06-03 14:12:11.776104+08:00)
已发送事件通知给用户 42: xxx-测试
已发送事件通知给用户 49: xxx-测试
已清除事件 xxx-测试 的通知时间
已发送事件通知给用户 42: 测试
已清除事件 测试 的通知时间
事件通知检查完成
Job "检查事件通知 (trigger: interval[0:05:00], next run at: 2026-06-03 14:17:11 CST)" executed successfully
"GET /notification/unread-count HTTP/1.1" 200 35
"GET /notification/unread-count HTTP/1.1" 200 35
"GET /notification/unread-count HTTP/1.1" 200 35
"GET /notification/unread-count HTTP/1.1" 200 35
"GET /notification/unread-count HTTP/1.1" 200 35
Running job "检查事件通知 (trigger: interval[0:05:00], next run at: 2026-06-03 14:22:11 CST)" (scheduled at 2026-06-03 14:17:11.776104+08:00)
事件通知检查完成
Job "检查事件通知 (trigger: interval[0:05:00], next run at: 2026-06-03 14:22:11 CST)" executed successfully
"GET /notification/unread-count HTTP/1.1" 200 35
"GET /notification/unread-count HTTP/1.1" 200 35
"GET /notification/unread-count HTTP/1.1" 200 35
"GET /notification/unread-count HTTP/1.1" 200 35
"GET /notification/unread-count HTTP/1.1" 200 35
Running job "检查事件通知 (trigger: interval[0:05:00], next run at: 2026-06-03 14:27:11 CST)" (scheduled at 2026-06-03 14:22:11.776104+08:00)
事件通知检查完成
Job "检查事件通知 (trigger: interval[0:05:00], next run at: 2026-06-03 14:27:11 CST)" executed successfully
"GET /notification/unread-count HTTP/1.1" 200 35
"GET /notification/unread-count HTTP/1.1" 200 35
"GET /notification/unread-count HTTP/1.1" 200 35
"GET /notification/unread-count HTTP/1.1" 200 35
"GET /notification/unread-count HTTP/1.1" 200 35
"GET /notification/unread-count HTTP/1.1" 200 35
"GET /notification/unread-count HTTP/1.1" 200 35
"GET /notification/unread-count HTTP/1.1" 200 35
Running job "检查事件通知 (trigger: interval[0:05:00], next run at: 2026-06-03 14:32:11 CST)" (scheduled at 2026-06-03 14:27:11.776104+08:00)
事件通知检查完成
Job "检查事件通知 (trigger: interval[0:05:00], next run at: 2026-06-03 14:32:11 CST)" executed successfully
"GET /notification/unread-count HTTP/1.1" 200 35
"GET /notification/unread-count HTTP/1.1" 200 35
"GET /notification/list?params%5Bpage%5D=1&params%5BpageSize%5D=10 HTTP/1.1" 200 37
"GET /notification/list?params%5Bpage%5D=1&params%5BpageSize%5D=10&params%5Bstatus%5D=0 HTTP/1.1" 200 37
"GET /notification/list?params%5Bpage%5D=1&params%5BpageSize%5D=10&params%5Bstatus%5D=1 HTTP/1.1" 200 37
"GET /notification/list?params%5Bpage%5D=1&params%5BpageSize%5D=10&params%5Bstatus%5D=0 HTTP/1.1" 200 37
"GET /notification/list?params%5Bpage%5D=1&params%5BpageSize%5D=10 HTTP/1.1" 200 37
"POST /event/search HTTP/1.1" 200 1674
"GET /event/user/list HTTP/1.1" 200 1594
"GET /event/dept/list HTTP/1.1" 200 843
"GET /event/action?id=34 HTTP/1.1" 200 486
"GET /notification/unread-count HTTP/1.1" 200 35
开始处理事件保存请求
收到的数据: {'id': 34, 'dept_id': 18, 'user_id': 1, 'event_number': 'JJ-2026-0603-140834', 'event_name': '测试', 'principal': 1, 'status': 1, 'start_date': '2026-06-03', 'end_date': '2026-06-05', 'notification_time': '2026-06-03 14:30:00', 'create_time': '2026-06-03T14:08:34.446+08:00', 'update_time': '2026-06-03T14:12:11.990+08:00', 'remark': '', 'current_role_id': 1}
处理后的数据: id=34, dept_id=18, user_id=1, event_name=测试
更新事件成功
"POST /event/save HTTP/1.1" 200 23
"GET /user/treeList HTTP/1.1" 200 22711
"POST /event/search HTTP/1.1" 200 1691
"GET /event/menus?id=34 HTTP/1.1" 200 34
事件数据: {'id': 34, 'menuIds': [42], 'current_role_id': 1, 'current_user_id': 1}
事件ID: 34
事件ID: 34, 用户ID列表: [42]
"POST /event/grant HTTP/1.1" 200 13
"POST /event/search HTTP/1.1" 200 1691
"GET /notification/unread-count HTTP/1.1" 200 35
登录请求 - 用户名: gaodi, 请求方法: POST
找到用户: gaodi, 用户ID: 42, 用户状态: 1
密码验证结果: True
"POST /user/login?username=gaodi&password=123456&rememberMe=true HTTP/1.1" 200 6623
"GET /notification/unread-count HTTP/1.1" 200 35
"GET /notification/list?params%5Bpage%5D=1&params%5BpageSize%5D=5 HTTP/1.1" 200 823
"GET /notification/unread-count HTTP/1.1" 200 35
"GET /notification/list?params%5Bpage%5D=1&params%5BpageSize%5D=5 HTTP/1.1" 200 823
"GET /notification/unread-count HTTP/1.1" 200 35
"GET /notification/list?params%5Bpage%5D=1&params%5BpageSize%5D=5 HTTP/1.1" 200 823
"POST /notification/mark-read HTTP/1.1" 200 48
"GET /notification/unread-count HTTP/1.1" 200 35
"GET /notification/list?params%5Bpage%5D=1&params%5BpageSize%5D=5 HTTP/1.1" 200 841
"GET /notification/list?params%5Bpage%5D=1&params%5BpageSize%5D=5 HTTP/1.1" 200 841
"GET /notification/list?params%5Bpage%5D=1&params%5BpageSize%5D=10 HTTP/1.1" 200 859
"POST /notification/mark-read HTTP/1.1" 200 48
"POST /notification/mark-read HTTP/1.1" 200 48
"GET /notification/unread-count HTTP/1.1" 200 35
"GET /notification/list?params%5Bpage%5D=1&params%5BpageSize%5D=5 HTTP/1.1" 200 859
"GET /notification/unread-count HTTP/1.1" 200 35
"GET /notification/list?params%5Bpage%5D=1&params%5BpageSize%5D=5 HTTP/1.1" 200 859
"GET /notification/unread-count HTTP/1.1" 200 35
"GET /notification/unread-count HTTP/1.1" 200 35
"GET /notification/unread-count HTTP/1.1" 200 35
"GET /notification/unread-count HTTP/1.1" 200 35
"GET /notification/list?params%5Bpage%5D=1&params%5BpageSize%5D=10 HTTP/1.1" 200 859
"GET /notification/list?params%5Bpage%5D=1&params%5BpageSize%5D=10&params%5Bstatus%5D=0 HTTP/1.1" 200 859
"GET /notification/list?params%5Bpage%5D=1&params%5BpageSize%5D=10&params%5Bstatus%5D=1 HTTP/1.1" 200 859
"GET /notification/list?params%5Bpage%5D=1&params%5BpageSize%5D=10&params%5Bstatus%5D=0 HTTP/1.1" 200 859
"GET /notification/list?params%5Bpage%5D=1&params%5BpageSize%5D=10 HTTP/1.1" 200 859
"GET /notification/list?params%5Bpage%5D=1&params%5BpageSize%5D=10&params%5Bstatus%5D=0 HTTP/1.1" 200 859
"GET /notification/list?params%5Bpage%5D=1&params%5BpageSize%5D=10&params%5Bstatus%5D=1 HTTP/1.1" 200 859
"GET /notification/list?params%5Bpage%5D=1&params%5BpageSize%5D=10 HTTP/1.1" 200 859
"GET /notification/list?params%5Bpage%5D=1&params%5BpageSize%5D=10&params%5Bstatus%5D=0 HTTP/1.1" 200 859
"GET /notification/list?params%5Bpage%5D=1&params%5BpageSize%5D=10 HTTP/1.1" 200 859
"GET /notification/list?params%5Bpage%5D=1&params%5BpageSize%5D=10&params%5Bstatus%5D=0 HTTP/1.1" 200 859
"GET /notification/list?params%5Bpage%5D=1&params%5BpageSize%5D=10&params%5Bstatus%5D=1 HTTP/1.1" 200 859
"GET /notification/list?params%5Bpage%5D=1&params%5BpageSize%5D=10&params%5Bstatus%5D=0 HTTP/1.1" 200 859
"GET /notification/list?params%5Bpage%5D=1&params%5BpageSize%5D=10 HTTP/1.1" 200 859
"GET /notification/list?params%5Bpage%5D=1&params%5BpageSize%5D=10&params%5Bstatus%5D=0 HTTP/1.1" 200 859
"GET /notification/list?params%5Bpage%5D=1&params%5BpageSize%5D=10&params%5Bstatus%5D=1 HTTP/1.1" 200 859
"GET /notification/unread-count HTTP/1.1" 200 35
登录请求 - 用户名: admin, 请求方法: POST
找到用户: admin, 用户ID: 1, 用户状态: 1
密码验证结果: True
"POST /user/login?username=admin&password=123456&rememberMe=true HTTP/1.1" 200 9259
"GET /notification/unread-count HTTP/1.1" 200 35
"GET /notification/list?params%5Bpage%5D=1&params%5BpageSize%5D=10 HTTP/1.1" 200 37
页面大小: 10, 页码: 1
"POST /role/search HTTP/1.1" 200 1819
菜单查询集: <QuerySet [<SysMenu: SysMenu object (1)>, <SysMenu: SysMenu object (3)>, <SysMenu: SysMenu object (34)>, <SysMenu: SysMenu object (31)>, <SysMenu: SysMenu object (11)>, <SysMenu: SysMenu object (27)>, <SysMenu: SysMenu object (22)>, <SysMenu: SysMenu object (2)>, <SysMenu: SysMenu object (38)>, <SysMenu: SysMenu object (32)>, <SysMenu: SysMenu object (28)>, <SysMenu: SysMenu object (23)>, <SysMenu: SysMenu object (4)>, <SysMenu: SysMenu object (29)>, <SysMenu: SysMenu object (39)>, <SysMenu: SysMenu object (35)>, <SysMenu: SysMenu object (5)>, <SysMenu: SysMenu object (33)>, <SysMenu: SysMenu object (14)>, <SysMenu: SysMenu object (24)>, '...(remaining elements truncated)...']>
菜单树结果: [<SysMenu: SysMenu object (1)>, <SysMenu: SysMenu object (2)>, <SysMenu: SysMenu object (35)>, <SysMenu: SysMenu object (37)>, <SysMenu: SysMenu object (30)>]
"GET /menu/treeList HTTP/1.1" 200 10812
"GET /role/menus?id=2 HTTP/1.1" 200 48
Running job "检查事件通知 (trigger: interval[0:05:00], next run at: 2026-06-03 14:37:11 CST)" (scheduled at 2026-06-03 14:32:11.776104+08:00)
已清除事件 测试 的通知时间
事件通知检查完成
Job "检查事件通知 (trigger: interval[0:05:00], next run at: 2026-06-03 14:37:11 CST)" executed successfully
角色ID: 2, 菜单ID列表: [1, 40, 2, 17, 20, 27, 28]
"POST /role/grant HTTP/1.1" 200 13
页面大小: 10, 页码: 1
菜单查询集: <QuerySet [<SysMenu: SysMenu object (1)>, <SysMenu: SysMenu object (3)>, <SysMenu: SysMenu object (34)>, <SysMenu: SysMenu object (31)>, <SysMenu: SysMenu object (11)>, <SysMenu: SysMenu object (27)>, <SysMenu: SysMenu object (22)>, <SysMenu: SysMenu object (2)>, <SysMenu: SysMenu object (38)>, <SysMenu: SysMenu object (32)>, <SysMenu: SysMenu object (28)>, <SysMenu: SysMenu object (23)>, <SysMenu: SysMenu object (4)>, <SysMenu: SysMenu object (29)>, <SysMenu: SysMenu object (39)>, <SysMenu: SysMenu object (35)>, <SysMenu: SysMenu object (5)>, <SysMenu: SysMenu object (33)>, <SysMenu: SysMenu object (14)>, <SysMenu: SysMenu object (24)>, '...(remaining elements truncated)...']>
菜单树结果: [<SysMenu: SysMenu object (1)>, <SysMenu: SysMenu object (2)>, <SysMenu: SysMenu object (35)>, <SysMenu: SysMenu object (37)>, <SysMenu: SysMenu object (30)>]
"POST /role/search HTTP/1.1" 200 1819
"GET /menu/treeList HTTP/1.1" 200 10812
"GET /role/menus?id=2 HTTP/1.1" 200 55
"GET /notification/unread-count HTTP/1.1" 200 35
登录请求 - 用户名: gaodi, 请求方法: POST
找到用户: gaodi, 用户ID: 42, 用户状态: 1
密码验证结果: True
"POST /user/login?username=gaodi&password=123456&rememberMe=true HTTP/1.1" 200 6623
"GET /notification/unread-count HTTP/1.1" 200 35
"POST /user/search HTTP/1.1" 200 8057
"GET /notification/unread-count HTTP/1.1" 200 35
"POST /user/search HTTP/1.1" 200 7429
"GET /notification/unread-count HTTP/1.1" 200 35
"GET /role/listAll HTTP/1.1" 200 1807
"POST /user/grantRole HTTP/1.1" 200 13
"GET /role/listAll HTTP/1.1" 200 1807
"POST /user/search HTTP/1.1" 200 7477
"GET /notification/unread-count HTTP/1.1" 200 35
"POST /user/search HTTP/1.1" 200 8057
登录请求 - 用户名: gaodi, 请求方法: POST
找到用户: gaodi, 用户ID: 42, 用户状态: 1
密码验证结果: True
"POST /user/login?username=gaodi&password=123456&rememberMe=true HTTP/1.1" 200 7015
"GET /notification/unread-count HTTP/1.1" 200 35
"GET /notification/list?params%5Bpage%5D=1&params%5BpageSize%5D=10 HTTP/1.1" 200 859
"GET /notification/list?params%5Bpage%5D=1&params%5BpageSize%5D=10&params%5Bstatus%5D=0 HTTP/1.1" 200 859
"GET /notification/list?params%5Bpage%5D=1&params%5BpageSize%5D=10&params%5Bstatus%5D=1 HTTP/1.1" 200 859
"GET /notification/list?params%5Bpage%5D=1&params%5BpageSize%5D=10&params%5Bstatus%5D=0 HTTP/1.1" 200 859
"GET /notification/list?params%5Bpage%5D=1&params%5BpageSize%5D=10 HTTP/1.1" 200 859
Running job "检查事件通知 (trigger: interval[0:05:00], next run at: 2026-06-03 14:42:11 CST)" (scheduled at 2026-06-03 14:37:11.776104+08:00)
事件通知检查完成
Job "检查事件通知 (trigger: interval[0:05:00], next run at: 2026-06-03 14:42:11 CST)" executed successfully
Running job "检查事件通知 (trigger: interval[0:05:00], next run at: 2026-06-03 14:47:11 CST)" (scheduled at 2026-06-03 14:42:11.776104+08:00)
事件通知检查完成
Job "检查事件通知 (trigger: interval[0:05:00], next run at: 2026-06-03 14:47:11 CST)" executed successfully
Running job "检查事件通知 (trigger: interval[0:05:00], next run at: 2026-06-03 14:52:11 CST)" (scheduled at 2026-06-03 14:47:11.776104+08:00)
事件通知检查完成
Job "检查事件通知 (trigger: interval[0:05:00], next run at: 2026-06-03 14:52:11 CST)" executed successfully
Running job "检查事件通知 (trigger: interval[0:05:00], next run at: 2026-06-03 14:57:11 CST)" (scheduled at 2026-06-03 14:52:11.776104+08:00)
事件通知检查完成
Job "检查事件通知 (trigger: interval[0:05:00], next run at: 2026-06-03 14:57:11 CST)" executed successfully
Running job "检查事件通知 (trigger: interval[0:05:00], next run at: 2026-06-03 15:02:11 CST)" (scheduled at 2026-06-03 14:57:11.776104+08:00)
事件通知检查完成
Job "检查事件通知 (trigger: interval[0:05:00], next run at: 2026-06-03 15:02:11 CST)" executed successfully
Running job "检查事件通知 (trigger: interval[0:05:00], next run at: 2026-06-03 15:07:11 CST)" (scheduled at 2026-06-03 15:02:11.776104+08:00)
事件通知检查完成
Job "检查事件通知 (trigger: interval[0:05:00], next run at: 2026-06-03 15:07:11 CST)" executed successfully
Running job "检查事件通知 (trigger: interval[0:05:00], next run at: 2026-06-03 15:12:11 CST)" (scheduled at 2026-06-03 15:07:11.776104+08:00)
事件通知检查完成
Job "检查事件通知 (trigger: interval[0:05:00], next run at: 2026-06-03 15:12:11 CST)" executed successfully
Running job "检查事件通知 (trigger: interval[0:05:00], next run at: 2026-06-03 15:17:11 CST)" (scheduled at 2026-06-03 15:12:11.776104+08:00)
事件通知检查完成
Job "检查事件通知 (trigger: interval[0:05:00], next run at: 2026-06-03 15:17:11 CST)" executed successfully
Running job "检查事件通知 (trigger: interval[0:05:00], next run at: 2026-06-03 15:22:11 CST)" (scheduled at 2026-06-03 15:17:11.776104+08:00)
事件通知检查完成
Job "检查事件通知 (trigger: interval[0:05:00], next run at: 2026-06-03 15:22:11 CST)" executed successfully
Running job "检查事件通知 (trigger: interval[0:05:00], next run at: 2026-06-03 15:27:11 CST)" (scheduled at 2026-06-03 15:22:11.776104+08:00)
事件通知检查完成
Job "检查事件通知 (trigger: interval[0:05:00], next run at: 2026-06-03 15:27:11 CST)" executed successfully
Running job "检查事件通知 (trigger: interval[0:05:00], next run at: 2026-06-03 15:32:11 CST)" (scheduled at 2026-06-03 15:27:11.776104+08:00)
事件通知检查完成
Job "检查事件通知 (trigger: interval[0:05:00], next run at: 2026-06-03 15:32:11 CST)" executed successfully
Running job "检查事件通知 (trigger: interval[0:05:00], next run at: 2026-06-03 15:37:11 CST)" (scheduled at 2026-06-03 15:32:11.776104+08:00)
事件通知检查完成
Job "检查事件通知 (trigger: interval[0:05:00], next run at: 2026-06-03 15:37:11 CST)" executed successfully
Running job "检查事件通知 (trigger: interval[0:05:00], next run at: 2026-06-03 15:42:11 CST)" (scheduled at 2026-06-03 15:37:11.776104+08:00)
事件通知检查完成
Job "检查事件通知 (trigger: interval[0:05:00], next run at: 2026-06-03 15:42:11 CST)" executed successfully
Running job "检查事件通知 (trigger: interval[0:05:00], next run at: 2026-06-03 15:47:11 CST)" (scheduled at 2026-06-03 15:42:11.776104+08:00)
事件通知检查完成
Job "检查事件通知 (trigger: interval[0:05:00], next run at: 2026-06-03 15:47:11 CST)" executed successfully
Running job "检查事件通知 (trigger: interval[0:05:00], next run at: 2026-06-03 15:52:11 CST)" (scheduled at 2026-06-03 15:47:11.776104+08:00)
事件通知检查完成
Job "检查事件通知 (trigger: interval[0:05:00], next run at: 2026-06-03 15:52:11 CST)" executed successfully
Running job "检查事件通知 (trigger: interval[0:05:00], next run at: 2026-06-03 15:57:11 CST)" (scheduled at 2026-06-03 15:52:11.776104+08:00)
事件通知检查完成
Job "检查事件通知 (trigger: interval[0:05:00], next run at: 2026-06-03 15:57:11 CST)" executed successfully
Running job "检查事件通知 (trigger: interval[0:05:00], next run at: 2026-06-03 16:02:11 CST)" (scheduled at 2026-06-03 15:57:11.776104+08:00)
事件通知检查完成
Job "检查事件通知 (trigger: interval[0:05:00], next run at: 2026-06-03 16:02:11 CST)" executed successfully
Running job "检查事件通知 (trigger: interval[0:05:00], next run at: 2026-06-03 16:07:11 CST)" (scheduled at 2026-06-03 16:02:11.776104+08:00)
事件通知检查完成
Job "检查事件通知 (trigger: interval[0:05:00], next run at: 2026-06-03 16:07:11 CST)" executed successfully
Running job "检查事件通知 (trigger: interval[0:05:00], next run at: 2026-06-03 16:12:11 CST)" (scheduled at 2026-06-03 16:07:11.776104+08:00)
事件通知检查完成
Job "检查事件通知 (trigger: interval[0:05:00], next run at: 2026-06-03 16:12:11 CST)" executed successfully
Running job "检查事件通知 (trigger: interval[0:05:00], next run at: 2026-06-03 16:17:11 CST)" (scheduled at 2026-06-03 16:12:11.776104+08:00)
事件通知检查完成
Job "检查事件通知 (trigger: interval[0:05:00], next run at: 2026-06-03 16:17:11 CST)" executed successfully
Running job "检查事件通知 (trigger: interval[0:05:00], next run at: 2026-06-03 16:22:11 CST)" (scheduled at 2026-06-03 16:17:11.776104+08:00)
事件通知检查完成
Job "检查事件通知 (trigger: interval[0:05:00], next run at: 2026-06-03 16:22:11 CST)" executed successfully
Running job "检查事件通知 (trigger: interval[0:05:00], next run at: 2026-06-03 16:27:11 CST)" (scheduled at 2026-06-03 16:22:11.776104+08:00)
事件通知检查完成
Job "检查事件通知 (trigger: interval[0:05:00], next run at: 2026-06-03 16:27:11 CST)" executed successfully
Running job "检查事件通知 (trigger: interval[0:05:00], next run at: 2026-06-03 16:32:11 CST)" (scheduled at 2026-06-03 16:27:11.776104+08:00)
事件通知检查完成
Job "检查事件通知 (trigger: interval[0:05:00], next run at: 2026-06-03 16:32:11 CST)" executed successfully
Running job "检查事件通知 (trigger: interval[0:05:00], next run at: 2026-06-03 16:37:11 CST)" (scheduled at 2026-06-03 16:32:11.776104+08:00)
事件通知检查完成
Job "检查事件通知 (trigger: interval[0:05:00], next run at: 2026-06-03 16:37:11 CST)" executed successfully
Running job "检查事件通知 (trigger: interval[0:05:00], next run at: 2026-06-03 16:42:11 CST)" (scheduled at 2026-06-03 16:37:11.776104+08:00)
事件通知检查完成
Job "检查事件通知 (trigger: interval[0:05:00], next run at: 2026-06-03 16:42:11 CST)" executed successfully
Adding job tentatively -- it will be properly scheduled when the scheduler starts
岗位同步调度器已启动 - Cron: 21 13 * * *
Added job "岗位同步" to job store "default"
Scheduler started
Adding job tentatively -- it will be properly scheduled when the scheduler starts
岗位同步调度器已启动 - Cron: 21 13 * * *
Added job "岗位同步" to job store "default"
Scheduler started
Adding job tentatively -- it will be properly scheduled when the scheduler starts
Added job "企业微信部门同步" to job store "default"
Scheduler started
[OK] 部门同步定时任务已启动 - Cron: 21 13 * * *
[OK] 部门同步定时任务已启动
Watching for file changes with StatReloader
Adding job tentatively -- it will be properly scheduled when the scheduler starts
Added job "检查事件通知" to job store "default"
Scheduler started
通知调度器已启动 - 每5分钟检查一次
"GET /notification/unread-count HTTP/1.1" 200 53
登录请求 - 用户名: admin, 请求方法: POST
找到用户: admin, 用户ID: 1, 用户状态: 1
密码验证结果: True
"POST /user/login?username=admin&password=123456&rememberMe=true HTTP/1.1" 200 9259
"GET /notification/unread-count HTTP/1.1" 200 35
"POST /log/log/ HTTP/1.1" 200 2583
"POST /approval/list HTTP/1.1" 200 1750
"GET /department/sync/logs?params%5Bpage%5D=1&params%5Bpage_size%5D=20 HTTP/1.1" 200 3438
"GET /department/sync/stats HTTP/1.1" 200 236
"GET /post/sync/logs?params%5Bpage%5D=1&params%5Bpage_size%5D=20 HTTP/1.1" 200 2420
"GET /post/sync/stats HTTP/1.1" 200 249
"GET /ops/scheduled-tasks HTTP/1.1" 200 811
"POST /blacklist/search HTTP/1.1" 200 3855
"POST /manhour/search HTTP/1.1" 200 11186
"POST /repository/search HTTP/1.1" 200 57256
"GET /repository/history?id=102 HTTP/1.1" 200 853
"GET /repository/history?id=103 HTTP/1.1" 200 958
"GET /repository/history?id=106 HTTP/1.1" 200 968
"GET /repository/history?id=101 HTTP/1.1" 200 391
"GET /repository/history?id=104 HTTP/1.1" 200 659
"GET /repository/history?id=105 HTTP/1.1" 200 899
"GET /repository/history?id=99 HTTP/1.1" 200 819
"GET /repository/history?id=92 HTTP/1.1" 200 552
"GET /repository/history?id=100 HTTP/1.1" 200 546
"GET /repository/history?id=56 HTTP/1.1" 200 924
"POST /items/search HTTP/1.1" 200 2516
"GET /files/list/?page=1&page_size=10 HTTP/1.1" 200 592
"GET /notification/unread-count HTTP/1.1" 200 35
"DELETE /files/delete/42/ HTTP/1.1" 200 33
"GET /files/list/?page=1&page_size=10 HTTP/1.1" 200 82
"POST /items/search HTTP/1.1" 200 2516
"POST /repository/search HTTP/1.1" 200 57256
"GET /repository/history?id=104 HTTP/1.1" 200 659
"GET /repository/history?id=106 HTTP/1.1" 200 968
"GET /repository/history?id=101 HTTP/1.1" 200 391
"GET /repository/history?id=102 HTTP/1.1" 200 853
"GET /repository/history?id=105 HTTP/1.1" 200 899
"GET /repository/history?id=103 HTTP/1.1" 200 958
"GET /repository/history?id=100 HTTP/1.1" 200 546
"GET /repository/history?id=99 HTTP/1.1" 200 819
"GET /repository/history?id=92 HTTP/1.1" 200 552
"GET /repository/history?id=56 HTTP/1.1" 200 924
"POST /manhour/search HTTP/1.1" 200 11186
"POST /blacklist/search HTTP/1.1" 200 3855
"POST /user/search HTTP/1.1" 200 8057
页面大小: 10, 页码: 1
"POST /role/search HTTP/1.1" 200 1819
菜单查询集: <QuerySet [<SysMenu: SysMenu object (1)>, <SysMenu: SysMenu object (3)>, <SysMenu: SysMenu object (34)>, <SysMenu: SysMenu object (31)>, <SysMenu: SysMenu object (11)>, <SysMenu: SysMenu object (27)>, <SysMenu: SysMenu object (22)>, <SysMenu: SysMenu object (2)>, <SysMenu: SysMenu object (38)>, <SysMenu: SysMenu object (32)>, <SysMenu: SysMenu object (28)>, <SysMenu: SysMenu object (23)>, <SysMenu: SysMenu object (4)>, <SysMenu: SysMenu object (29)>, <SysMenu: SysMenu object (39)>, <SysMenu: SysMenu object (35)>, <SysMenu: SysMenu object (5)>, <SysMenu: SysMenu object (33)>, <SysMenu: SysMenu object (14)>, <SysMenu: SysMenu object (24)>, '...(remaining elements truncated)...']>
菜单树结果: [<SysMenu: SysMenu object (1)>, <SysMenu: SysMenu object (2)>, <SysMenu: SysMenu object (35)>, <SysMenu: SysMenu object (37)>, <SysMenu: SysMenu object (30)>]
"GET /menu/treeList HTTP/1.1" 200 10812
"GET /department/treeList HTTP/1.1" 200 4118
"POST /post/search HTTP/1.1" 200 1638
"POST /level/search HTTP/1.1" 200 634
"POST /classify/search HTTP/1.1" 200 2033
"POST /event/search HTTP/1.1" 200 1674
"GET /notification/list?params%5Bpage%5D=1&params%5BpageSize%5D=10 HTTP/1.1" 200 37
"GET /notification/unread-count HTTP/1.1" 200 35
Adding job tentatively -- it will be properly scheduled when the scheduler starts
岗位同步调度器已启动 - Cron: 21 13 * * *
Added job "岗位同步" to job store "default"
Scheduler started
Adding job tentatively -- it will be properly scheduled when the scheduler starts
岗位同步调度器已启动 - Cron: 21 13 * * *
Added job "岗位同步" to job store "default"
Scheduler started
Adding job tentatively -- it will be properly scheduled when the scheduler starts
Added job "企业微信部门同步" to job store "default"
Scheduler started
[OK] 部门同步定时任务已启动 - Cron: 21 13 * * *
[OK] 部门同步定时任务已启动
Watching for file changes with StatReloader
Adding job tentatively -- it will be properly scheduled when the scheduler starts
Added job "检查事件通知" to job store "default"
Scheduler started
通知调度器已启动 - 每5分钟检查一次
"GET /notification/unread-count HTTP/1.1" 200 53
登录请求 - 用户名: admin, 请求方法: POST
找到用户: admin, 用户ID: 1, 用户状态: 1
密码验证结果: True
"POST /user/login?username=admin&password=123456&rememberMe=true HTTP/1.1" 200 9259
"GET /notification/unread-count HTTP/1.1" 200 35
"POST /log/log/ HTTP/1.1" 200 2583
"POST /approval/list HTTP/1.1" 200 1750
"GET /department/sync/logs?params%5Bpage%5D=1&params%5Bpage_size%5D=20 HTTP/1.1" 200 3438
"GET /department/sync/stats HTTP/1.1" 200 236
"GET /post/sync/logs?params%5Bpage%5D=1&params%5Bpage_size%5D=20 HTTP/1.1" 200 2420
"GET /post/sync/stats HTTP/1.1" 200 249
"GET /ops/scheduled-tasks HTTP/1.1" 200 811
"POST /blacklist/search HTTP/1.1" 200 3855
"POST /manhour/search HTTP/1.1" 200 11186
"POST /repository/search HTTP/1.1" 200 57256
"GET /repository/history?id=101 HTTP/1.1" 200 391
"GET /repository/history?id=100 HTTP/1.1" 200 546
"GET /repository/history?id=104 HTTP/1.1" 200 659
"GET /repository/history?id=105 HTTP/1.1" 200 899
"GET /repository/history?id=106 HTTP/1.1" 200 968
"GET /repository/history?id=102 HTTP/1.1" 200 853
"GET /repository/history?id=103 HTTP/1.1" 200 958
"GET /repository/history?id=92 HTTP/1.1" 200 552
"GET /repository/history?id=56 HTTP/1.1" 200 924
"GET /repository/history?id=99 HTTP/1.1" 200 819
"POST /items/search HTTP/1.1" 200 2516
"GET /files/list/?page=1&page_size=10 HTTP/1.1" 200 82
"GET /notification/unread-count HTTP/1.1" 200 35
"GET /notification/unread-count HTTP/1.1" 200 35
"GET /notification/unread-count HTTP/1.1" 200 35
"GET /notification/unread-count HTTP/1.1" 200 35
"GET /notification/unread-count HTTP/1.1" 200 35
"GET /notification/unread-count HTTP/1.1" 200 35
"GET /notification/unread-count HTTP/1.1" 200 35
Running job "检查事件通知 (trigger: interval[0:05:00], next run at: 2026-06-04 08:58:23 CST)" (scheduled at 2026-06-04 08:53:23.487205+08:00)
事件通知检查完成
Job "检查事件通知 (trigger: interval[0:05:00], next run at: 2026-06-04 08:58:23 CST)" executed successfully
"GET /notification/unread-count HTTP/1.1" 200 35
"GET /notification/unread-count HTTP/1.1" 200 35
"GET /notification/unread-count HTTP/1.1" 200 35
"GET /notification/unread-count HTTP/1.1" 200 35
"GET /notification/unread-count HTTP/1.1" 200 35
Running job "检查事件通知 (trigger: interval[0:05:00], next run at: 2026-06-04 09:03:23 CST)" (scheduled at 2026-06-04 08:58:23.487205+08:00)
事件通知检查完成
Job "检查事件通知 (trigger: interval[0:05:00], next run at: 2026-06-04 09:03:23 CST)" executed successfully
"GET /notification/unread-count HTTP/1.1" 200 35
读取定时任务配置失败: (1045, "Access denied for user 'Administrator'@'218.78.177.220' (using password: YES)")
Scheduler started
读取定时任务配置失败: (1045, "Access denied for user 'Administrator'@'218.78.177.220' (using password: YES)")
Scheduler started
[ERROR] 启动定时任务调度器失败: (1045, "Access denied for user 'Administrator'@'218.78.177.220' (using password: YES)")
[OK] 部门同步定时任务已启动
Watching for file changes with StatReloader
读取定时任务配置失败: (1045, "Access denied for user 'Administrator'@'218.78.177.220' (using password: YES)")
Scheduler started
读取定时任务配置失败: (1045, "Access denied for user 'Administrator'@'218.78.177.220' (using password: YES)")
Scheduler started
读取定时任务配置失败: (1045, "Access denied for user 'Administrator'@'218.78.177.220' (using password: YES)")
Scheduler started
Adding job tentatively -- it will be properly scheduled when the scheduler starts
岗位同步调度器已启动 - Cron: 21 13 * * *
Added job "岗位同步" to job store "default"
Scheduler started
Watching for file changes with StatReloader
"GET /notification/unread-count HTTP/1.1" 200 53
登录请求 - 用户名: admin, 请求方法: POST
登录失败 - 用户不存在: admin
"POST /user/login?username=admin&password=123456&rememberMe=true HTTP/1.1" 200 85
Watching for file changes with StatReloader
"POST /user/search HTTP/1.1" 200 53
"GET /notification/unread-count HTTP/1.1" 200 53
"POST /user/search HTTP/1.1" 200 53
登录请求 - 用户名: admin, 请求方法: POST
登录失败 - 用户不存在: admin
"POST /user/login?username=admin&password=123456&rememberMe=true HTTP/1.1" 200 85
Watching for file changes with StatReloader
"GET /notification/unread-count HTTP/1.1" 200 53
"POST /user/search HTTP/1.1" 200 53
"POST /user/search HTTP/1.1" 200 53
登录请求 - 用户名: admin, 请求方法: POST
找到用户: admin, 用户ID: 1, 用户状态: 1
密码验证结果: False
登录失败 - 用户 admin 密码错误
"POST /user/login?username=admin&password=admin123&rememberMe=true HTTP/1.1" 200 85
登录请求 - 用户名: admin, 请求方法: POST
找到用户: admin, 用户ID: 1, 用户状态: 1
密码验证结果: False
登录失败 - 用户 admin 密码错误
"POST /user/login?username=admin&password=admin123&rememberMe=true HTTP/1.1" 200 85
Watching for file changes with StatReloader
"GET /notification/unread-count HTTP/1.1" 200 53
"POST /user/search HTTP/1.1" 200 53
"POST /user/search HTTP/1.1" 200 53
登录请求 - 用户名: admin, 请求方法: POST
找到用户: admin, 用户ID: 1, 用户状态: 1
密码验证结果: False
登录失败 - 用户 admin 密码错误
"POST /user/login?username=admin&password=123456&rememberMe=true HTTP/1.1" 200 85
登录请求 - 用户名: admin, 请求方法: POST
找到用户: admin, 用户ID: 1, 用户状态: 1
密码验证结果: True
"POST /user/login?username=admin&password=admin123&rememberMe=true HTTP/1.1" 200 1739
"GET /notification/unread-count HTTP/1.1" 200 35
"POST /user/search HTTP/1.1" 200 749
Not Found: /media/userAvatar/
"GET /media/userAvatar/ HTTP/1.1" 404 179
"GET /notification/unread-count HTTP/1.1" 200 35
"POST /user/search HTTP/1.1" 200 749
Not Found: /media/userAvatar/
"GET /media/userAvatar/ HTTP/1.1" 404 179
"GET /role/listAll HTTP/1.1" 200 250
"GET /role/listAll HTTP/1.1" 200 250
"GET /role/listAll HTTP/1.1" 200 250
"GET /role/listAll HTTP/1.1" 200 250
"GET /notification/unread-count HTTP/1.1" 200 35
"GET /notification/unread-count HTTP/1.1" 200 35
"GET /notification/unread-count HTTP/1.1" 200 35
"GET /notification/unread-count HTTP/1.1" 200 35
"GET /notification/unread-count HTTP/1.1" 200 35
"GET /notification/unread-count HTTP/1.1" 200 35
"GET /notification/unread-count HTTP/1.1" 200 35
"GET /notification/unread-count HTTP/1.1" 200 35
Watching for file changes with StatReloader
"POST /user/search HTTP/1.1" 200 53
"GET /notification/unread-count HTTP/1.1" 200 53
"POST /user/search HTTP/1.1" 200 53
登录请求 - 用户名: admin, 请求方法: POST
找到用户: admin, 用户ID: 1, 用户状态: 1
密码验证结果: True
"POST /user/login?username=admin&password=admin123&rememberMe=true HTTP/1.1" 200 8022
"GET /notification/unread-count HTTP/1.1" 200 35
"POST /user/search HTTP/1.1" 200 749
Not Found: /media/userAvatar/
"GET /media/userAvatar/ HTTP/1.1" 404 179
页面大小: 10, 页码: 1
"POST /role/search HTTP/1.1" 200 262
菜单查询集: <QuerySet [<SysMenu: SysMenu object (1)>, <SysMenu: SysMenu object (19)>, <SysMenu: SysMenu object (5)>, <SysMenu: SysMenu object (12)>, <SysMenu: SysMenu object (2)>, <SysMenu: SysMenu object (13)>, <SysMenu: SysMenu object (6)>, <SysMenu: SysMenu object (7)>, <SysMenu: SysMenu object (14)>, <SysMenu: SysMenu object (3)>, <SysMenu: SysMenu object (8)>, <SysMenu: SysMenu object (4)>, <SysMenu: SysMenu object (15)>, <SysMenu: SysMenu object (9)>, <SysMenu: SysMenu object (16)>, <SysMenu: SysMenu object (10)>, <SysMenu: SysMenu object (17)>, <SysMenu: SysMenu object (11)>, <SysMenu: SysMenu object (18)>]>
菜单树结果: [<SysMenu: SysMenu object (1)>, <SysMenu: SysMenu object (2)>, <SysMenu: SysMenu object (3)>, <SysMenu: SysMenu object (4)>]
"GET /menu/treeList HTTP/1.1" 200 6312
"GET /department/treeList HTTP/1.1" 200 29
"POST /post/search HTTP/1.1" 200 41
"POST /level/search HTTP/1.1" 200 42
"GET /notification/list?params%5Bpage%5D=1&params%5BpageSize%5D=10 HTTP/1.1" 200 37
"POST /level/search HTTP/1.1" 200 42
"POST /manhour/search HTTP/1.1" 200 44
"POST /blacklist/search HTTP/1.1" 200 42
"POST /repository/search HTTP/1.1" 200 47
"POST /items/search HTTP/1.1" 200 42
"POST /classify/search HTTP/1.1" 200 46
"POST /event/search HTTP/1.1" 200 42
"GET /files/list/?page=1&page_size=10 HTTP/1.1" 200 82
"POST /log/log/ HTTP/1.1" 200 40
"GET /notification/unread-count HTTP/1.1" 200 35
"GET /notification/unread-count HTTP/1.1" 200 35
"POST /log/log/ HTTP/1.1" 200 40
"GET /notification/unread-count HTTP/1.1" 200 35
"POST /log/log/ HTTP/1.1" 200 40
"GET /notification/unread-count HTTP/1.1" 200 35
"POST /log/log/ HTTP/1.1" 200 40
"GET /notification/unread-count HTTP/1.1" 200 35
"POST /log/log/ HTTP/1.1" 200 40
"GET /notification/unread-count HTTP/1.1" 200 35
"POST /log/log/ HTTP/1.1" 200 40
Watching for file changes with StatReloader
"GET /notification/unread-count HTTP/1.1" 200 35
"POST /log/log/ HTTP/1.1" 200 40
登录请求 - 用户名: admin, 请求方法: POST
找到用户: admin, 用户ID: 1, 用户状态: 1
密码验证结果: True
"POST /user/login?username=admin&password=admin123&rememberMe=true HTTP/1.1" 200 8026
"GET /notification/unread-count HTTP/1.1" 200 35
"POST /user/search HTTP/1.1" 200 749
Not Found: /media/userAvatar/
"GET /media/userAvatar/ HTTP/1.1" 404 179
"GET /notification/unread-count HTTP/1.1" 200 35
"POST /user/search HTTP/1.1" 200 749
Not Found: /media/userAvatar/
"GET /media/userAvatar/ HTTP/1.1" 404 179
"GET /notification/unread-count HTTP/1.1" 200 35
"POST /user/search HTTP/1.1" 200 749
Not Found: /media/userAvatar/
"GET /media/userAvatar/ HTTP/1.1" 404 179
页面大小: 10, 页码: 1
"POST /role/search HTTP/1.1" 200 262
菜单查询集: <QuerySet [<SysMenu: SysMenu object (1)>, <SysMenu: SysMenu object (19)>, <SysMenu: SysMenu object (5)>, <SysMenu: SysMenu object (12)>, <SysMenu: SysMenu object (2)>, <SysMenu: SysMenu object (13)>, <SysMenu: SysMenu object (6)>, <SysMenu: SysMenu object (7)>, <SysMenu: SysMenu object (14)>, <SysMenu: SysMenu object (3)>, <SysMenu: SysMenu object (8)>, <SysMenu: SysMenu object (4)>, <SysMenu: SysMenu object (15)>, <SysMenu: SysMenu object (9)>, <SysMenu: SysMenu object (16)>, <SysMenu: SysMenu object (10)>, <SysMenu: SysMenu object (17)>, <SysMenu: SysMenu object (11)>, <SysMenu: SysMenu object (18)>]>
菜单树结果: [<SysMenu: SysMenu object (1)>, <SysMenu: SysMenu object (2)>, <SysMenu: SysMenu object (3)>, <SysMenu: SysMenu object (4)>]
"GET /menu/treeList HTTP/1.1" 200 6316
"GET /department/treeList HTTP/1.1" 200 29
"POST /post/search HTTP/1.1" 200 41
"POST /level/search HTTP/1.1" 200 42
"GET /notification/list?params%5Bpage%5D=1&params%5BpageSize%5D=10 HTTP/1.1" 200 37
"POST /manhour/search HTTP/1.1" 200 44
"POST /blacklist/search HTTP/1.1" 200 42
"POST /repository/search HTTP/1.1" 200 47
"POST /items/search HTTP/1.1" 200 42
"POST /classify/search HTTP/1.1" 200 46
"POST /event/search HTTP/1.1" 200 42
"GET /files/list/?page=1&page_size=10 HTTP/1.1" 200 82
"POST /log/log/ HTTP/1.1" 200 40
"POST /approval/list HTTP/1.1" 200 45
"GET /notification/unread-count HTTP/1.1" 200 35
"POST /approval/list HTTP/1.1" 200 45
"GET /notification/unread-count HTTP/1.1" 200 35
D:\分享\Django_admin\jj_system\jj_system\settings.py changed, reloading.
Watching for file changes with StatReloader
D:\分享\Django_admin\jj_system\jj_system\settings.py changed, reloading.
Watching for file changes with StatReloader
D:\分享\Django_admin\jj_system\items\apps.py changed, reloading.
Watching for file changes with StatReloader
